{"train_loss": {"20": 2.1278171436342763, "40": 2.070492486807298, "60": 1.8827545011341, "80": 1.9404112029670526}, "test_loss": {"20": 2.149997207853529, "40": 2.0890253914727106, "60": 1.9120175970925226, "80": 1.984419094191657}, "test_acc": {"20": 19.6, "40": 24.41111111111111, "60": 29.844444444444445, "80": 22.855555555555554}, "validation_loss": {"20": 2.161546230316162, "40": 2.1002485752105713, "60": 1.8774096965789795, "80": 1.9550732374191284}, "validation_acc": {"20": 19.3, "40": 22.2, "60": 31.2, "80": 25.2}, "total_bytes": {"1": 359725, "2": 719404, "3": 1079037, "4": 1438670, "5": 1798303, "6": 2157936, "7": 2517569, "8": 2517648, "9": 2517727, "10": 2517806, "11": 2517885, "12": 2517964, "13": 2518043, "14": 2518122, "15": 2518201, "16": 2518280, "17": 2518359, "18": 2518438, "19": 2518517, "20": 2518596, "21": 2518675, "22": 2518754, "23": 2518833, "24": 2518912, "25": 2518991, "26": 2878670, "27": 2878749, "28": 3238382, "29": 3238461, "30": 3238540, "31": 3238619, "32": 3238698, "33": 3238777, "34": 3238856, "35": 3238935, "36": 3239014, "37": 3598647, "38": 3598726, "39": 3598805, "40": 3598884, "41": 3598963, "42": 3599042, "43": 3599121, "44": 3599200, "45": 3599279, "46": 3599358, "47": 3599437, "48": 3599516, "49": 3599595, "50": 3599674, "51": 3599753, "52": 3599832, "53": 3599911, "54": 3599990, "55": 3600069, "56": 3600148, "57": 3600227, "58": 3600306, "59": 3600385, "60": 3600464, "61": 3600543, "62": 3600622, "63": 3600701, "64": 3600780, "65": 3600859, "66": 3600938, "67": 3601017, "68": 3601096, "69": 3601175, "70": 3601254, "71": 3601333, "72": 3601412, "73": 3601491, "74": 3601570, "75": 3601649, "76": 3601728, "77": 3601807, "78": 3601886, "79": 3601965, "80": 3602044}, "total_meta": {"1": 227, "2": 408, "3": 543, "4": 678, "5": 813, "6": 948, "7": 1083, "8": 1162, "9": 1241, "10": 1320, "11": 1399, "12": 1478, "13": 1557, "14": 1636, "15": 1715, "16": 1794, "17": 1873, "18": 1952, "19": 2031, "20": 2110, "21": 2189, "22": 2268, "23": 2347, "24": 2426, "25": 2505, "26": 2686, "27": 2765, "28": 2900, "29": 2979, "30": 3058, "31": 3137, "32": 3216, "33": 3295, "34": 3374, "35": 3453, "36": 3532, "37": 3667, "38": 3746, "39": 3825, "40": 3904, "41": 3983, "42": 4062, "43": 4141, "44": 4220, "45": 4299, "46": 4378, "47": 4457, "48": 4536, "49": 4615, "50": 4694, "51": 4773, "52": 4852, "53": 4931, "54": 5010, "55": 5089, "56": 5168, "57": 5247, "58": 5326, "59": 5405, "60": 5484, "61": 5563, "62": 5642, "63": 5721, "64": 5800, "65": 5879, "66": 5958, "67": 6037, "68": 6116, "69": 6195, "70": 6274, "71": 6353, "72": 6432, "73": 6511, "74": 6590, "75": 6669, "76": 6748, "77": 6827, "78": 6906, "79": 6985, "80": 7064}, "total_data_per_n": {"1": 359498, "2": 718996, "3": 1078494, "4": 1437992, "5": 1797490, "6": 2156988, "7": 2516486, "8": 2516486, "9": 2516486, "10": 2516486, "11": 2516486, "12": 2516486, "13": 2516486, "14": 2516486, "15": 2516486, "16": 2516486, "17": 2516486, "18": 2516486, "19": 2516486, "20": 2516486, "21": 2516486, "22": 2516486, "23": 2516486, "24": 2516486, "25": 2516486, "26": 2875984, "27": 2875984, "28": 3235482, "29": 3235482, "30": 3235482, "31": 3235482, "32": 3235482, "33": 3235482, "34": 3235482, "35": 3235482, "36": 3235482, "37": 3594980, "38": 3594980, "39": 3594980, "40": 3594980, "41": 3594980, "42": 3594980, "43": 3594980, "44": 3594980, "45": 3594980, "46": 3594980, "47": 3594980, "48": 3594980, "49": 3594980, "50": 3594980, "51": 3594980, "52": 3594980, "53": 3594980, "54": 3594980, "55": 3594980, "56": 3594980, "57": 3594980, "58": 3594980, "59": 3594980, "60": 3594980, "61": 3594980, "62": 3594980, "63": 3594980, "64": 3594980, "65": 3594980, "66": 3594980, "67": 3594980, "68": 3594980, "69": 3594980, "70": 3594980, "71": 3594980, "72": 3594980, "73": 3594980, "74": 3594980, "75": 3594980, "76": 3594980, "77": 3594980, "78": 3594980, "79": 3594980, "80": 3594980}}