{"train_loss": {"20": 2.3794850621250907, "40": 2.009727884391448, "60": 1.910549350526191, "80": 1.896223886228111}, "test_loss": {"20": 2.4198353555467396, "40": 2.0253475507100425, "60": 1.9424513048595853, "80": 1.9270070261425443}, "test_acc": {"20": 18.955555555555556, "40": 28.255555555555556, "60": 29.866666666666667, "80": 23.355555555555554}, "validation_loss": {"20": 2.3495852947235107, "40": 1.9994293451309204, "60": 1.8936078548431396, "80": 1.8628257513046265}, "validation_acc": {"20": 21.6, "40": 29.1, "60": 31.6, "80": 26.7}, "total_bytes": {"1": 125, "2": 204, "3": 359883, "4": 719516, "5": 719595, "6": 719674, "7": 719753, "8": 719832, "9": 719911, "10": 719990, "11": 1079669, "12": 1798856, "13": 2518043, "14": 2877676, "15": 3237309, "16": 3956496, "17": 4675683, "18": 5035316, "19": 5394949, "20": 5395028, "21": 5395107, "22": 5395186, "23": 5395265, "24": 5395344, "25": 5395423, "26": 5755102, "27": 5755181, "28": 6114814, "29": 6114893, "30": 6114972, "31": 6115051, "32": 6834330, "33": 6834409, "34": 7553596, "35": 7553675, "36": 7553754, "37": 7913387, "38": 7913466, "39": 7913545, "40": 8273178, "41": 8273257, "42": 8273336, "43": 8273415, "44": 8273494, "45": 8273573, "46": 8273652, "47": 8273731, "48": 8273810, "49": 8273889, "50": 8273968, "51": 8274047, "52": 8274126, "53": 8274205, "54": 8274284, "55": 8274363, "56": 8274442, "57": 8274521, "58": 8274600, "59": 8274679, "60": 8274758, "61": 8274837, "62": 8274916, "63": 8274995, "64": 8275074, "65": 8275153, "66": 8275232, "67": 8275311, "68": 8275390, "69": 8275469, "70": 8275548, "71": 8275627, "72": 8275706, "73": 8275785, "74": 8275864, "75": 8275943, "76": 8276022, "77": 8276101, "78": 8276180, "79": 8276259, "80": 8276338}, "total_meta": {"1": 125, "2": 204, "3": 385, "4": 520, "5": 599, "6": 678, "7": 757, "8": 836, "9": 915, "10": 994, "11": 1175, "12": 1366, "13": 1557, "14": 1692, "15": 1827, "16": 2018, "17": 2209, "18": 2344, "19": 2479, "20": 2558, "21": 2637, "22": 2716, "23": 2795, "24": 2874, "25": 2953, "26": 3134, "27": 3213, "28": 3348, "29": 3427, "30": 3506, "31": 3585, "32": 3868, "33": 3947, "34": 4138, "35": 4217, "36": 4296, "37": 4431, "38": 4510, "39": 4589, "40": 4724, "41": 4803, "42": 4882, "43": 4961, "44": 5040, "45": 5119, "46": 5198, "47": 5277, "48": 5356, "49": 5435, "50": 5514, "51": 5593, "52": 5672, "53": 5751, "54": 5830, "55": 5909, "56": 5988, "57": 6067, "58": 6146, "59": 6225, "60": 6304, "61": 6383, "62": 6462, "63": 6541, "64": 6620, "65": 6699, "66": 6778, "67": 6857, "68": 6936, "69": 7015, "70": 7094, "71": 7173, "72": 7252, "73": 7331, "74": 7410, "75": 7489, "76": 7568, "77": 7647, "78": 7726, "79": 7805, "80": 7884}, "total_data_per_n": {"1": 0, "2": 0, "3": 359498, "4": 718996, "5": 718996, "6": 718996, "7": 718996, "8": 718996, "9": 718996, "10": 718996, "11": 1078494, "12": 1797490, "13": 2516486, "14": 2875984, "15": 3235482, "16": 3954478, "17": 4673474, "18": 5032972, "19": 5392470, "20": 5392470, "21": 5392470, "22": 5392470, "23": 5392470, "24": 5392470, "25": 5392470, "26": 5751968, "27": 5751968, "28": 6111466, "29": 6111466, "30": 6111466, "31": 6111466, "32": 6830462, "33": 6830462, "34": 7549458, "35": 7549458, "36": 7549458, "37": 7908956, "38": 7908956, "39": 7908956, "40": 8268454, "41": 8268454, "42": 8268454, "43": 8268454, "44": 8268454, "45": 8268454, "46": 8268454, "47": 8268454, "48": 8268454, "49": 8268454, "50": 8268454, "51": 8268454, "52": 8268454, "53": 8268454, "54": 8268454, "55": 8268454, "56": 8268454, "57": 8268454, "58": 8268454, "59": 8268454, "60": 8268454, "61": 8268454, "62": 8268454, "63": 8268454, "64": 8268454, "65": 8268454, "66": 8268454, "67": 8268454, "68": 8268454, "69": 8268454, "70": 8268454, "71": 8268454, "72": 8268454, "73": 8268454, "74": 8268454, "75": 8268454, "76": 8268454, "77": 8268454, "78": 8268454, "79": 8268454, "80": 8268454}}