{"train_loss": {"10": 2.1070208267401194, "20": 2.009277169031041, "30": 1.9178895904817654, "40": 1.8727137869550983, "50": 1.832336520420686}, "test_loss": {"10": 2.114190419514974, "20": 2.045946227179633, "30": 1.9312207698822021, "40": 1.8871855868233576, "50": 1.8371940851211548}, "test_acc": {"10": 24.5, "20": 22.166666666666668, "30": 28.92222222222222, "40": 32.0, "50": 34.766666666666666}, "validation_loss": {"10": 2.085216999053955, "20": 2.0215840339660645, "30": 1.9109416007995605, "40": 1.8500792980194092, "50": 1.8014549016952515}, "validation_acc": {"10": 26.0, "20": 24.6, "30": 28.1, "40": 34.0, "50": 37.6}, "total_bytes": {"1": 719325, "2": 1438558, "3": 2517437, "4": 3596316, "5": 5753949, "6": 7192290, "7": 8271123, "8": 9709556, "9": 10788297, "10": 12586146, "11": 15822303, "12": 16181936, "13": 17620277, "14": 18339464, "15": 18699097, "16": 19058730, "17": 20137563, "18": 21216350, "19": 23014291, "20": 23733478, "21": 24452711, "22": 25531452, "23": 26250685, "24": 27329472, "25": 28767767, "26": 32004016, "27": 33801865, "28": 35599760, "29": 37038055, "30": 38476396, "31": 40274245, "32": 42431694, "33": 43869989, "34": 45308330, "35": 46027563, "36": 47106304, "37": 48904153, "38": 49623340, "39": 50342527, "40": 52140376, "41": 52859563, "42": 53219196, "43": 53938383, "44": 55017124, "45": 55376757, "46": 56095944, "47": 57893793, "48": 58253426, "49": 58972613, "50": 60051354, "51": 51062629, "52": 61130220, "53": 62568515, "54": 64006856}, "total_meta": {"1": 329, "2": 566, "3": 951, "4": 1336, "5": 1981, "6": 2330, "7": 2669, "8": 3110, "9": 3357, "10": 3716, "11": 4391, "12": 4526, "13": 4875, "14": 5066, "15": 5201, "16": 5336, "17": 5675, "18": 5968, "19": 6419, "20": 6610, "21": 6847, "22": 7094, "23": 7331, "24": 7624, "25": 7927, "26": 8694, "27": 9053, "28": 9458, "29": 9761, "30": 10110, "31": 10469, "32": 10930, "33": 11233, "34": 11582, "35": 11819, "36": 12066, "37": 12425, "38": 12616, "39": 12807, "40": 13166, "41": 13357, "42": 13492, "43": 13683, "44": 13930, "45": 14065, "46": 14256, "47": 14615, "48": 14750, "49": 14941, "50": 15188, "51": 13913, "52": 15560, "53": 15863, "54": 16212}, "total_data_per_n": {"1": 718996, "2": 1437992, "3": 2516486, "4": 3594980, "5": 5751968, "6": 7189960, "7": 8268454, "8": 9706446, "9": 10784940, "10": 12582430, "11": 15817912, "12": 16177410, "13": 17615402, "14": 18334398, "15": 18693896, "16": 19053394, "17": 20131888, "18": 21210382, "19": 23007872, "20": 23726868, "21": 24445864, "22": 25524358, "23": 26243354, "24": 27321848, "25": 28759840, "26": 31995322, "27": 33792812, "28": 35590302, "29": 37028294, "30": 38466286, "31": 40263776, "32": 42420764, "33": 43858756, "34": 45296748, "35": 46015744, "36": 47094238, "37": 48891728, "38": 49610724, "39": 50329720, "40": 52127210, "41": 52846206, "42": 53205704, "43": 53924700, "44": 55003194, "45": 55362692, "46": 56081688, "47": 57879178, "48": 58238676, "49": 58957672, "50": 60036166, "51": 51048716, "52": 61114660, "53": 62552652, "54": 63990644}}