{"train_loss": {"10": 2.1302461287447514, "20": 2.0411969941990975, "30": 1.9430750608444214, "40": 1.896347264297136, "50": 1.8663844261460631}, "test_loss": {"10": 2.138485378689236, "20": 2.0507588386535645, "30": 1.9692684147093031, "40": 1.9034683571921454, "50": 1.8530583779017131}, "test_acc": {"10": 19.38888888888889, "20": 22.733333333333334, "30": 27.58888888888889, "40": 28.0, "50": 33.58888888888889}, "validation_loss": {"10": 2.116525411605835, "20": 2.034167766571045, "30": 1.9426161050796509, "40": 1.8763904571533203, "50": 1.8166491985321045}, "validation_acc": {"10": 21.3, "20": 24.8, "30": 29.0, "40": 26.9, "50": 35.3}, "total_bytes": {"1": 719325, "2": 1079004, "3": 2876991, "4": 3955732, "5": 5753765, "6": 7911352, "7": 8630631, "8": 10428572, "9": 11507359, "10": 12226546, "11": 12586225, "12": 13305504, "13": 13305583, "14": 14384370, "15": 16182403, "16": 16901590, "17": 17980331, "18": 19059072, "19": 19418705, "20": 20497446, "21": 20857125, "22": 20857204, "23": 22295637, "24": 22295716, "25": 23374549, "26": 24093782, "27": 25172569, "28": 26970464, "29": 29127913, "30": 30206654, "31": 32004595, "32": 32723782, "33": 34521723, "34": 36319618, "35": 37038897, "36": 38477192, "37": 39555933, "38": 40634674, "39": 40994307, "40": 42073094, "41": 42432727, "42": 44230576, "43": 45668871, "44": 47466720, "45": 49983723, "46": 51062464, "47": 51422097, "48": 51422176, "49": 51781809, "50": 52860550, "51": 55736831, "52": 57175172, "53": 57175251, "54": 57175330}, "total_meta": {"1": 329, "2": 510, "3": 1007, "4": 1254, "5": 1797, "6": 2396, "7": 2679, "8": 3130, "9": 3423, "10": 3614, "11": 3795, "12": 4078, "13": 4157, "14": 4450, "15": 4993, "16": 5184, "17": 5431, "18": 5678, "19": 5813, "20": 6060, "21": 6241, "22": 6320, "23": 6761, "24": 6840, "25": 7179, "26": 7416, "27": 7709, "28": 8114, "29": 8575, "30": 8822, "31": 9273, "32": 9464, "33": 9915, "34": 10320, "35": 10603, "36": 10906, "37": 11153, "38": 11400, "39": 11535, "40": 11828, "41": 11963, "42": 12322, "43": 12625, "44": 12984, "45": 13501, "46": 13748, "47": 13883, "48": 13962, "49": 14097, "50": 14344, "51": 14641, "52": 14990, "53": 15069, "54": 15148}, "total_data_per_n": {"1": 718996, "2": 1078494, "3": 2875984, "4": 3954478, "5": 5751968, "6": 7908956, "7": 8627952, "8": 10425442, "9": 11503936, "10": 12222932, "11": 12582430, "12": 13301426, "13": 13301426, "14": 14379920, "15": 16177410, "16": 16896406, "17": 17974900, "18": 19053394, "19": 19412892, "20": 20491386, "21": 20850884, "22": 20850884, "23": 22288876, "24": 22288876, "25": 23367370, "26": 24086366, "27": 25164860, "28": 26962350, "29": 29119338, "30": 30197832, "31": 31995322, "32": 32714318, "33": 34511808, "34": 36309298, "35": 37028294, "36": 38466286, "37": 39544780, "38": 40623274, "39": 40982772, "40": 42061266, "41": 42420764, "42": 44218254, "43": 45656246, "44": 47453736, "45": 49970222, "46": 51048716, "47": 51408214, "48": 51408214, "49": 51767712, "50": 52846206, "51": 55722190, "52": 57160182, "53": 57160182, "54": 57160182}}