{"train_loss": {"10": 2.1188589325387968, "20": 2.0480897708703543, "30": 1.946583606359613, "40": 2.0298686546223763, "50": 1.972101625595384}, "test_loss": {"10": 2.106661637624105, "20": 2.0382095442877874, "30": 1.940049131711324, "40": 2.0269208749135337, "50": 1.9459986951616075}, "test_acc": {"10": 23.644444444444446, "20": 23.844444444444445, "30": 31.511111111111113, "40": 23.155555555555555, "50": 25.977777777777778}, "validation_loss": {"10": 2.1010818481445312, "20": 2.01716685295105, "30": 1.9288079738616943, "40": 2.00943922996521, "50": 1.8835022449493408}, "validation_acc": {"10": 24.7, "20": 23.5, "30": 30.6, "40": 25.0, "50": 31.1}, "total_bytes": {"1": 1078925, "2": 1798158, "3": 2157837, "4": 2517516, "5": 4315549, "6": 5753982, "7": 7192461, "8": 8271294, "9": 9350127, "10": 10428868, "11": 11867347, "12": 12586534, "13": 14024921, "14": 16182462, "15": 17261203, "16": 19059098, "17": 19778285, "18": 21216580, "19": 21576213, "20": 21935846, "21": 23014679, "22": 23733958, "23": 24453145, "24": 25172332, "25": 27329827, "26": 28408568, "27": 28768201, "28": 29487434, "29": 29847067, "30": 30566254, "31": 32364195, "32": 33802490, "33": 34521677, "34": 35600464, "35": 36679205, "36": 38477054, "37": 39196241, "38": 39915428, "39": 40994169, "40": 41353802, "41": 41713435, "42": 42792176, "43": 43511409, "44": 44230596, "45": 45309337, "46": 45309416, "47": 45669049, "48": 46747836, "49": 48186131, "50": 48905318, "51": 49984105, "53": 63647039, "52": 51062846}, "total_meta": {"1": 431, "2": 668, "3": 849, "4": 1030, "5": 1573, "6": 2014, "7": 2501, "8": 2840, "9": 3179, "10": 3426, "11": 3913, "12": 4104, "13": 4499, "14": 5052, "15": 5299, "16": 5704, "17": 5895, "18": 6198, "19": 6333, "20": 6468, "21": 6807, "22": 7090, "23": 7281, "24": 7472, "25": 7979, "26": 8226, "27": 8361, "28": 8598, "29": 8733, "30": 8924, "31": 9375, "32": 9678, "33": 9869, "34": 10162, "35": 10409, "36": 10768, "37": 10959, "38": 11150, "39": 11397, "40": 11532, "41": 11667, "42": 11914, "43": 12151, "44": 12342, "45": 12589, "46": 12668, "47": 12803, "48": 13096, "49": 13399, "50": 13590, "51": 13883, "53": 15893, "52": 14130}, "total_data_per_n": {"1": 1078494, "2": 1797490, "3": 2156988, "4": 2516486, "5": 4313976, "6": 5751968, "7": 7189960, "8": 8268454, "9": 9346948, "10": 10425442, "11": 11863434, "12": 12582430, "13": 14020422, "14": 16177410, "15": 17255904, "16": 19053394, "17": 19772390, "18": 21210382, "19": 21569880, "20": 21929378, "21": 23007872, "22": 23726868, "23": 24445864, "24": 25164860, "25": 27321848, "26": 28400342, "27": 28759840, "28": 29478836, "29": 29838334, "30": 30557330, "31": 32354820, "32": 33792812, "33": 34511808, "34": 35590302, "35": 36668796, "36": 38466286, "37": 39185282, "38": 39904278, "39": 40982772, "40": 41342270, "41": 41701768, "42": 42780262, "43": 43499258, "44": 44218254, "45": 45296748, "46": 45296748, "47": 45656246, "48": 46734740, "49": 48172732, "50": 48891728, "51": 49970222, "53": 63631146, "52": 51048716}}