{"train_loss": {"10": 2.092083731680426, "20": 1.9999232392274697, "30": 2.0059424129151204, "40": 1.8720228308029758, "50": 1.8151384564756436}, "test_loss": {"10": 2.102879524230957, "20": 2.0178900559743247, "30": 2.003958543141683, "40": 1.887896392080519, "50": 1.8340611060460408}, "test_acc": {"10": 21.81111111111111, "20": 24.555555555555557, "30": 26.0, "40": 31.988888888888887, "50": 35.41111111111111}, "validation_loss": {"10": 2.0763912200927734, "20": 2.0017175674438477, "30": 1.9762709140777588, "40": 1.8420411348342896, "50": 1.8037333488464355}, "validation_acc": {"10": 23.3, "20": 25.1, "30": 27.1, "40": 36.4, "50": 37.7}, "total_bytes": {"1": 719325, "2": 1798112, "3": 2157791, "4": 2517424, "5": 3236703, "6": 3955982, "7": 4315615, "8": 6473248, "9": 7551989, "10": 9709484, "11": 12226441, "12": 13664828, "13": 14743707, "14": 15462894, "15": 16182081, "16": 16901268, "17": 17980055, "18": 18339688, "19": 19418475, "20": 29126742, "21": 30565037, "22": 32003332, "23": 33082119, "24": 36318368, "25": 37756663, "26": 40273620, "27": 40992807, "28": 42431102, "29": 43509843, "30": 44588584, "31": 45307771, "32": 46746066, "33": 47465253, "34": 48184440, "35": 49622735, "36": 50701476, "37": 51780217, "38": 53218512, "39": 55735469, "40": 58612072, "41": 61488675, "42": 64005632, "43": 66522635, "44": 67241822, "45": 67961009, "46": 69399350, "47": 70478091, "48": 72275986, "49": 73714281, "50": 75871684, "51": 76950471, "52": 78029212, "53": 78388845}, "total_meta": {"1": 329, "2": 622, "3": 803, "4": 938, "5": 1221, "6": 1504, "7": 1639, "8": 2284, "9": 2531, "10": 3038, "11": 3509, "12": 3904, "13": 4289, "14": 4480, "15": 4671, "16": 4862, "17": 5155, "18": 5290, "19": 5583, "20": 7404, "21": 7707, "22": 8010, "23": 8303, "24": 9070, "25": 9373, "26": 9844, "27": 10035, "28": 10338, "29": 10585, "30": 10832, "31": 11023, "32": 11326, "33": 11517, "34": 11708, "35": 12011, "36": 12258, "37": 12505, "38": 12808, "39": 13279, "40": 13898, "41": 14517, "42": 14988, "43": 15505, "44": 15696, "45": 15887, "46": 16236, "47": 16483, "48": 16888, "49": 17191, "50": 17606, "51": 17899, "52": 18146, "53": 18281}, "total_data_per_n": {"1": 718996, "2": 1797490, "3": 2156988, "4": 2516486, "5": 3235482, "6": 3954478, "7": 4313976, "8": 6470964, "9": 7549458, "10": 9706446, "11": 12222932, "12": 13660924, "13": 14739418, "14": 15458414, "15": 16177410, "16": 16896406, "17": 17974900, "18": 18334398, "19": 19412892, "20": 29119338, "21": 30557330, "22": 31995322, "23": 33073816, "24": 36309298, "25": 37747290, "26": 40263776, "27": 40982772, "28": 42420764, "29": 43499258, "30": 44577752, "31": 45296748, "32": 46734740, "33": 47453736, "34": 48172732, "35": 49610724, "36": 50689218, "37": 51767712, "38": 53205704, "39": 55722190, "40": 58598174, "41": 61474158, "42": 63990644, "43": 66507130, "44": 67226126, "45": 67945122, "46": 69383114, "47": 70461608, "48": 72259098, "49": 73697090, "50": 75854078, "51": 76932572, "52": 78011066, "53": 78370564}}