{"train_loss": {"10": 2.126950933733059, "20": 2.0260194603723423, "30": 1.9431970410674584, "40": 1.8992374707724302, "50": 1.906967209495661}, "test_loss": {"10": 2.1384853521982827, "20": 2.02625396516588, "30": 1.9350171618991427, "40": 1.8915992577870686, "50": 1.8958951897091336}, "test_acc": {"10": 19.38888888888889, "20": 25.133333333333333, "30": 30.477777777777778, "40": 31.822222222222223, "50": 29.844444444444445}, "validation_loss": {"10": 2.116525650024414, "20": 2.0186855792999268, "30": 1.9045175313949585, "40": 1.8598723411560059, "50": 1.8579983711242676}, "validation_acc": {"10": 21.3, "20": 23.9, "30": 32.8, "40": 33.8, "50": 30.3}, "total_bytes": {"1": 359725, "2": 1438604, "3": 2157883, "4": 3236670, "5": 3955903, "6": 4675090, "7": 5753923, "8": 7551818, "9": 8990159, "10": 9709346, "11": 11147825, "12": 11867012, "13": 12226645, "14": 12945878, "15": 15103327, "16": 15103406, "17": 16541793, "18": 17620626, "19": 19059013, "20": 20497400, "21": 22295295, "22": 24093190, "23": 24812377, "24": 26610272, "25": 27329459, "26": 28408246, "27": 29127479, "28": 29846666, "29": 30565853, "30": 31644640, "31": 33442535, "32": 34521276, "33": 35600017, "34": 36678804, "35": 37038437, "36": 37398070, "37": 37398149, "38": 37757782, "39": 38117461, "40": 38836648, "41": 39555835, "42": 40275022, "43": 40275101, "44": 41713396, "45": 42792137, "46": 44230432, "47": 44590065, "48": 44949698, "49": 44949777, "50": 45668964, "51": 46028597, "52": 47826446, "53": 47826525, "54": 48905358}, "total_meta": {"1": 227, "2": 612, "3": 895, "4": 1188, "5": 1425, "6": 1616, "7": 1955, "8": 2360, "9": 2709, "10": 2900, "11": 3387, "12": 3578, "13": 3713, "14": 3950, "15": 4411, "16": 4490, "17": 4885, "18": 5224, "19": 5619, "20": 6014, "21": 6419, "22": 6824, "23": 7015, "24": 7420, "25": 7611, "26": 7904, "27": 8141, "28": 8332, "29": 8523, "30": 8816, "31": 9221, "32": 9468, "33": 9715, "34": 10008, "35": 10143, "36": 10278, "37": 10357, "38": 10492, "39": 10673, "40": 10864, "41": 11055, "42": 11246, "43": 11325, "44": 11628, "45": 11875, "46": 12178, "47": 12313, "48": 12448, "49": 12527, "50": 12718, "51": 12853, "52": 13212, "53": 13291, "54": 13630}, "total_data_per_n": {"1": 359498, "2": 1437992, "3": 2156988, "4": 3235482, "5": 3954478, "6": 4673474, "7": 5751968, "8": 7549458, "9": 8987450, "10": 9706446, "11": 11144438, "12": 11863434, "13": 12222932, "14": 12941928, "15": 15098916, "16": 15098916, "17": 16536908, "18": 17615402, "19": 19053394, "20": 20491386, "21": 22288876, "22": 24086366, "23": 24805362, "24": 26602852, "25": 27321848, "26": 28400342, "27": 29119338, "28": 29838334, "29": 30557330, "30": 31635824, "31": 33433314, "32": 34511808, "33": 35590302, "34": 36668796, "35": 37028294, "36": 37387792, "37": 37387792, "38": 37747290, "39": 38106788, "40": 38825784, "41": 39544780, "42": 40263776, "43": 40263776, "44": 41701768, "45": 42780262, "46": 44218254, "47": 44577752, "48": 44937250, "49": 44937250, "50": 45656246, "51": 46015744, "52": 47813234, "53": 47813234, "54": 48891728}}