{"train_loss": {"10": 2.114595318568572, "20": 2.0763554937056914, "30": 1.9778883147785682, "40": 1.892329052204394, "50": 1.832505311674744}, "test_loss": {"10": 2.138413985570272, "20": 2.0618143346574573, "30": 1.9626284837722778, "40": 1.8954469627804227, "50": 1.8229138321346707}, "test_acc": {"10": 21.355555555555554, "20": 22.477777777777778, "30": 28.6, "40": 30.788888888888888, "50": 35.46666666666667}, "validation_loss": {"10": 2.1180975437164307, "20": 2.0484261512756348, "30": 1.9378249645233154, "40": 1.8777339458465576, "50": 1.7943944931030273}, "validation_acc": {"10": 20.7, "20": 23.7, "30": 29.1, "40": 32.6, "50": 38.3}, "total_bytes": {"1": 719325, "2": 1079004, "3": 1798283, "4": 1798362, "5": 2517641, "6": 2517720, "7": 3956199, "8": 3956278, "9": 5035065, "10": 6113852, "11": 7911885, "12": 9350226, "13": 11867321, "14": 14384278, "15": 16541727, "16": 17620560, "17": 19418501, "18": 20497242, "19": 21576029, "20": 22295216, "21": 23374003, "22": 24452790, "23": 24812423, "24": 25531610, "25": 26610443, "26": 29127492, "27": 29846679, "28": 32004082, "29": 33801977, "30": 34521210, "31": 35959505, "32": 38116954, "33": 39914849, "34": 41712744, "35": 42791485, "36": 43870226, "37": 44589459, "38": 45308646, "39": 46027833, "40": 47466174, "41": 47466253, "44": 46747106, "45": 47106739, "46": 47825972, "47": 48185605, "48": 48904792, "49": 50343087, "50": 52140936, "53": 54298773, "51": 53579231, "54": 55377514, "52": 55017572, "53": 55736759}, "total_meta": {"1": 329, "2": 510, "3": 793, "4": 872, "5": 1155, "6": 1234, "7": 1721, "8": 1800, "9": 2093, "10": 2386, "11": 2929, "12": 3278, "13": 3887, "14": 4358, "15": 4819, "16": 5158, "17": 5609, "18": 5856, "19": 6149, "20": 6340, "21": 6633, "22": 6926, "23": 7061, "24": 7252, "25": 7591, "26": 8154, "27": 8345, "28": 8760, "29": 9165, "30": 9402, "31": 9705, "32": 10166, "33": 10571, "34": 10976, "35": 11223, "36": 11470, "37": 11707, "38": 11898, "39": 12089, "40": 12438, "41": 12517, "44": 12366, "45": 12501, "46": 12738, "47": 12873, "48": 13064, "49": 13367, "50": 13726, "53": 14575, "51": 14029, "54": 14822, "52": 14378, "53": 14569}, "total_data_per_n": {"1": 718996, "2": 1078494, "3": 1797490, "4": 1797490, "5": 2516486, "6": 2516486, "7": 3954478, "8": 3954478, "9": 5032972, "10": 6111466, "11": 7908956, "12": 9346948, "13": 11863434, "14": 14379920, "15": 16536908, "16": 17615402, "17": 19412892, "18": 20491386, "19": 21569880, "20": 22288876, "21": 23367370, "22": 24445864, "23": 24805362, "24": 25524358, "25": 26602852, "26": 29119338, "27": 29838334, "28": 31995322, "29": 33792812, "30": 34511808, "31": 35949800, "32": 38106788, "33": 39904278, "34": 41701768, "35": 42780262, "36": 43858756, "37": 44577752, "38": 45296748, "39": 46015744, "40": 47453736, "41": 47453736, "44": 46734740, "45": 47094238, "46": 47813234, "47": 48172732, "48": 48891728, "49": 50329720, "50": 52127210, "53": 54284198, "51": 53565202, "54": 55362692, "52": 55003194, "53": 55722190}}