{"train_loss": {"10": 2.1695120562123886, "20": 2.0415153330519, "30": 1.9209311144952557, "40": 1.8928292134335933, "50": 1.8624828034684857}, "test_loss": {"10": 2.1815631919436984, "20": 2.052878591749403, "30": 1.9259650972154405, "40": 1.9073043002022638, "50": 1.8703531954023573}, "test_acc": {"10": 15.855555555555556, "20": 25.1, "30": 32.922222222222224, "40": 28.255555555555556, "50": 33.111111111111114}, "validation_loss": {"10": 2.1456663608551025, "20": 2.046231508255005, "30": 1.9030214548110962, "40": 1.8808799982070923, "50": 1.8211936950683594}, "validation_acc": {"10": 17.2, "20": 25.3, "30": 34.6, "40": 27.4, "50": 36.3}, "total_bytes": {"1": 2157725, "2": 3596158, "3": 4315437, "4": 6113378, "5": 6473057, "6": 7551844, "7": 8630677, "8": 9709464, "9": 10428651, "10": 11147884, "11": 12226671, "12": 12945904, "13": 13665137, "14": 14384370, "15": 14744003, "16": 15463236, "17": 16542023, "18": 17980410, "19": 19059151, "20": 19778338, "21": 20497525, "22": 20857158, "23": 21935945, "24": 23014686, "25": 24453073, "26": 25172306, "27": 25891493, "28": 26970234, "29": 28408529, "30": 29846870, "31": 30925657, "32": 32004398, "33": 32723585, "34": 33442818, "35": 34162051, "36": 34521684, "37": 35240871, "38": 35600504, "39": 37398353, "40": 38477140, "41": 39915435, "42": 41713284, "43": 43511225, "44": 43870858, "45": 46387815, "46": 47107002, "47": 49264405, "48": 49983592, "49": 50343225, "50": 51062412, "51": 51781599, "52": 53219940, "53": 53939127}, "total_meta": {"1": 737, "2": 1178, "3": 1461, "4": 1912, "5": 2093, "6": 2386, "7": 2725, "8": 3018, "9": 3209, "10": 3446, "11": 3739, "12": 3976, "13": 4213, "14": 4450, "15": 4585, "16": 4822, "17": 5115, "18": 5510, "19": 5757, "20": 5948, "21": 6139, "22": 6274, "23": 6567, "24": 6814, "25": 7209, "26": 7446, "27": 7637, "28": 7884, "29": 8187, "30": 8536, "31": 8829, "32": 9076, "33": 9267, "34": 9504, "35": 9741, "36": 9876, "37": 10067, "38": 10202, "39": 10561, "40": 10854, "41": 11157, "42": 11516, "43": 11967, "44": 12102, "45": 12573, "46": 12764, "47": 13179, "48": 13370, "49": 13505, "50": 13696, "51": 13887, "52": 14236, "53": 14427}, "total_data_per_n": {"1": 2156988, "2": 3594980, "3": 4313976, "4": 6111466, "5": 6470964, "6": 7549458, "7": 8627952, "8": 9706446, "9": 10425442, "10": 11144438, "11": 12222932, "12": 12941928, "13": 13660924, "14": 14379920, "15": 14739418, "16": 15458414, "17": 16536908, "18": 17974900, "19": 19053394, "20": 19772390, "21": 20491386, "22": 20850884, "23": 21929378, "24": 23007872, "25": 24445864, "26": 25164860, "27": 25883856, "28": 26962350, "29": 28400342, "30": 29838334, "31": 30916828, "32": 31995322, "33": 32714318, "34": 33433314, "35": 34152310, "36": 34511808, "37": 35230804, "38": 35590302, "39": 37387792, "40": 38466286, "41": 39904278, "42": 41701768, "43": 43499258, "44": 43858756, "45": 46375242, "46": 47094238, "47": 49251226, "48": 49970222, "49": 50329720, "50": 51048716, "51": 51767712, "52": 53205704, "53": 53924700}}