{"train_loss": {"10": 2.093891427717136, "20": 2.0502118750382925, "30": 1.9572629782989734, "40": 1.8668818601215158, "50": 1.8733556034000776}, "test_loss": {"10": 2.1187627050611706, "20": 2.124949667188856, "30": 1.99678721692827, "40": 1.9230777157677545, "50": 1.9424133963055081}, "test_acc": {"10": 22.4, "20": 22.68888888888889, "30": 27.022222222222222, "40": 29.57777777777778, "50": 28.5}, "validation_loss": {"10": 2.088125467300415, "20": 2.062730550765991, "30": 1.9712740182876587, "40": 1.8809903860092163, "50": 1.9042468070983887}, "validation_acc": {"10": 22.5, "20": 25.5, "30": 29.0, "40": 33.2, "50": 31.3}, "total_bytes": {"1": 2157725, "2": 3236512, "3": 4674945, "4": 5753778, "5": 7192165, "6": 7551798, "7": 8630631, "8": 10428710, "9": 11507451, "10": 13305392, "11": 15462841, "12": 16901136, "13": 18698985, "14": 20856434, "15": 23373483, "16": 24811824, "17": 25171457, "18": 26250198, "19": 26250277, "20": 26609956, "21": 28048251, "22": 28767438, "23": 29127071, "24": 29127150, "25": 29127229, "26": 29846462, "27": 30565649, "28": 31284882, "29": 32004115, "30": 32723302, "31": 33802089, "32": 34161722, "33": 34880909, "34": 35600096, "35": 35600175, "36": 35959808, "37": 36679041, "38": 38476936, "39": 40274831, "40": 41353618, "41": 42072805, "42": 42791992, "43": 43511179, "44": 44230366, "45": 44949553, "46": 44949632, "47": 44949711, "48": 46028498, "49": 46388131, "50": 46388210, "51": 46388289}, "total_meta": {"1": 737, "2": 1030, "3": 1471, "4": 1810, "5": 2205, "6": 2340, "7": 2679, "8": 3268, "9": 3515, "10": 3966, "11": 4427, "12": 4730, "13": 5089, "14": 5550, "15": 6113, "16": 6462, "17": 6597, "18": 6844, "19": 6923, "20": 7104, "21": 7407, "22": 7598, "23": 7733, "24": 7812, "25": 7891, "26": 8128, "27": 8319, "28": 8556, "29": 8793, "30": 8984, "31": 9277, "32": 9412, "33": 9603, "34": 9794, "35": 9873, "36": 10008, "37": 10245, "38": 10650, "39": 11055, "40": 11348, "41": 11539, "42": 11730, "43": 11921, "44": 12112, "45": 12303, "46": 12382, "47": 12461, "48": 12754, "49": 12889, "50": 12968, "51": 13047}, "total_data_per_n": {"1": 2156988, "2": 3235482, "3": 4673474, "4": 5751968, "5": 7189960, "6": 7549458, "7": 8627952, "8": 10425442, "9": 11503936, "10": 13301426, "11": 15458414, "12": 16896406, "13": 18693896, "14": 20850884, "15": 23367370, "16": 24805362, "17": 25164860, "18": 26243354, "19": 26243354, "20": 26602852, "21": 28040844, "22": 28759840, "23": 29119338, "24": 29119338, "25": 29119338, "26": 29838334, "27": 30557330, "28": 31276326, "29": 31995322, "30": 32714318, "31": 33792812, "32": 34152310, "33": 34871306, "34": 35590302, "35": 35590302, "36": 35949800, "37": 36668796, "38": 38466286, "39": 40263776, "40": 41342270, "41": 42061266, "42": 42780262, "43": 43499258, "44": 44218254, "45": 44937250, "46": 44937250, "47": 44937250, "48": 46015744, "49": 46375242, "50": 46375242, "51": 46375242}}