{"train_loss": {"10": 2.179047045816902, "20": 2.0362399654989023, "30": 1.940120433123057, "40": 1.9364092131607404, "50": 1.831837500324686}, "test_loss": {"10": 2.2173766560024686, "20": 2.0669101079305015, "30": 1.9444611734814115, "40": 1.932859354548984, "50": 1.847191678153144}, "test_acc": {"10": 18.92222222222222, "20": 21.4, "30": 31.155555555555555, "40": 30.244444444444444, "50": 35.233333333333334}, "validation_loss": {"10": 2.1864287853240967, "20": 2.059985876083374, "30": 1.9183865785598755, "40": 1.8890290260314941, "50": 1.8130078315734863}, "validation_acc": {"10": 19.3, "20": 19.5, "30": 32.9, "40": 35.0, "50": 38.6}, "total_bytes": {"1": 359725, "2": 719404, "3": 1079037, "4": 1438716, "5": 2877103, "6": 4675044, "7": 5394231, "8": 6832618, "9": 7911451, "10": 8630684, "11": 8990363, "12": 10069104, "13": 10788291, "14": 11507524, "15": 12586311, "16": 13665098, "17": 15103439, "18": 15463072, "19": 16182259, "20": 16541938, "21": 17261125, "22": 18339912, "23": 18339991, "24": 18699670, "25": 19059303, "26": 19778490, "27": 20138169, "28": 20138248, "29": 20497881, "30": 21936222, "31": 23015055, "32": 24453396, "33": 25172583, "34": 25532262, "35": 26970603, "36": 26970682, "37": 28408977, "38": 30206918, "39": 31645213, "40": 32724046, "41": 33802787, "42": 34881528, "43": 37398531, "44": 38117718, "45": 39196459, "46": 40634754, "47": 43151757, "48": 44230544, "49": 45309285, "50": 47107180}, "total_meta": {"1": 227, "2": 408, "3": 543, "4": 724, "5": 1119, "6": 1570, "7": 1761, "8": 2156, "9": 2495, "10": 2732, "11": 2913, "12": 3160, "13": 3351, "14": 3588, "15": 3881, "16": 4174, "17": 4523, "18": 4658, "19": 4849, "20": 5030, "21": 5221, "22": 5514, "23": 5593, "24": 5774, "25": 5909, "26": 6100, "27": 6281, "28": 6360, "29": 6495, "30": 6844, "31": 7183, "32": 7532, "33": 7723, "34": 7904, "35": 8253, "36": 8332, "37": 8635, "38": 9086, "39": 9389, "40": 9728, "41": 9975, "42": 10222, "43": 10739, "44": 10930, "45": 11177, "46": 11480, "47": 11997, "48": 12290, "49": 12537, "50": 12942}, "total_data_per_n": {"1": 359498, "2": 718996, "3": 1078494, "4": 1437992, "5": 2875984, "6": 4673474, "7": 5392470, "8": 6830462, "9": 7908956, "10": 8627952, "11": 8987450, "12": 10065944, "13": 10784940, "14": 11503936, "15": 12582430, "16": 13660924, "17": 15098916, "18": 15458414, "19": 16177410, "20": 16536908, "21": 17255904, "22": 18334398, "23": 18334398, "24": 18693896, "25": 19053394, "26": 19772390, "27": 20131888, "28": 20131888, "29": 20491386, "30": 21929378, "31": 23007872, "32": 24445864, "33": 25164860, "34": 25524358, "35": 26962350, "36": 26962350, "37": 28400342, "38": 30197832, "39": 31635824, "40": 32714318, "41": 33792812, "42": 34871306, "43": 37387792, "44": 38106788, "45": 39185282, "46": 40623274, "47": 43139760, "48": 44218254, "49": 45296748, "50": 47094238}} "47": 46015744, "48": 48532230, "49": 51048716, "50": 51767712, "51": 52846206, "52": 53205704}}