{"train_loss": {"10": 2.1340275975584073, "20": 2.0125712802391926, "30": 1.9329850892074236, "40": 1.8704878405760264, "50": 1.9074343961613778}, "test_loss": {"10": 2.1282148361206055, "20": 2.013122081756592, "30": 1.9434435235129461, "40": 1.8760488430658977, "50": 1.9163778093126085}, "test_acc": {"10": 18.08888888888889, "20": 26.0, "30": 30.044444444444444, "40": 34.46666666666667, "50": 30.155555555555555}, "validation_loss": {"10": 2.0991361141204834, "20": 1.9948492050170898, "30": 1.9025070667266846, "40": 1.8502041101455688, "50": 1.8688353300094604}, "validation_acc": {"10": 19.7, "20": 27.7, "30": 33.0, "40": 37.6, "50": 31.6}, "total_bytes": {"1": 719325, "2": 1798158, "3": 2517391, "4": 3236624, "5": 3955903, "6": 5394336, "7": 5754015, "8": 7192310, "9": 8271143, "10": 9349930, "11": 10428671, "12": 11866966, "13": 12226599, "14": 12945786, "15": 15103373, "16": 17260822, "17": 18699163, "18": 20137458, "19": 20497137, "20": 21935570, "21": 21935649, "22": 22295282, "23": 22295361, "24": 23374102, "25": 24093289, "26": 25172030, "27": 25891263, "28": 26610450, "29": 26970083, "30": 28048824, "31": 28408457, "32": 29846798, "33": 31285185, "34": 33083126, "35": 34161867, "36": 35959716, "37": 38117165, "38": 39195906, "39": 39915093, "40": 42432050, "41": 42791683, "42": 44589532, "43": 46746935, "44": 48544784, "45": 50342679, "46": 51780974, "47": 53578869, "48": 53938502, "49": 55017289, "50": 55017368, "51": 60051755, "52": 61849604, "53": 63287899, "54": 64366640}, "total_meta": {"1": 329, "2": 668, "3": 905, "4": 1142, "5": 1425, "6": 1866, "7": 2047, "8": 2350, "9": 2689, "10": 2982, "11": 3229, "12": 3532, "13": 3667, "14": 3858, "15": 4457, "16": 4918, "17": 5267, "18": 5570, "19": 5751, "20": 6192, "21": 6271, "22": 6406, "23": 6485, "24": 6732, "25": 6923, "26": 7170, "27": 7407, "28": 7598, "29": 7733, "30": 7980, "31": 8115, "32": 8464, "33": 8859, "34": 9310, "35": 9557, "36": 9916, "37": 10377, "38": 10624, "39": 10815, "40": 11286, "41": 11421, "42": 11780, "43": 12195, "44": 12554, "45": 12959, "46": 13262, "47": 13667, "48": 13802, "49": 14095, "50": 14174, "51": 15589, "52": 15948, "53": 16251, "54": 16498}, "total_data_per_n": {"1": 718996, "2": 1797490, "3": 2516486, "4": 3235482, "5": 3954478, "6": 5392470, "7": 5751968, "8": 7189960, "9": 8268454, "10": 9346948, "11": 10425442, "12": 11863434, "13": 12222932, "14": 12941928, "15": 15098916, "16": 17255904, "17": 18693896, "18": 20131888, "19": 20491386, "20": 21929378, "21": 21929378, "22": 22288876, "23": 22288876, "24": 23367370, "25": 24086366, "26": 25164860, "27": 25883856, "28": 26602852, "29": 26962350, "30": 28040844, "31": 28400342, "32": 29838334, "33": 31276326, "34": 33073816, "35": 34152310, "36": 35949800, "37": 38106788, "38": 39185282, "39": 39904278, "40": 42420764, "41": 42780262, "42": 44577752, "43": 46734740, "44": 48532230, "45": 50329720, "46": 51767712, "47": 53565202, "48": 53924700, "49": 55003194, "50": 55003194, "51": 60036166, "52": 61833656, "53": 63271648, "54": 64350142}}