{"train_loss": {"10": 2.158386625406396, "20": 2.031849778335513, "30": 1.9558870255492116, "40": 1.9079556883746431, "50": 1.8545994772255876}, "test_loss": {"10": 2.1674496862623425, "20": 2.026010182168749, "30": 1.9585374461279974, "40": 1.9122120406892564, "50": 1.8612186776267157}, "test_acc": {"10": 17.155555555555555, "20": 25.788888888888888, "30": 29.58888888888889, "40": 27.955555555555556, "50": 31.88888888888889}, "validation_loss": {"10": 2.1262238025665283, "20": 2.0142171382904053, "30": 1.9128245115280151, "40": 1.8812834024429321, "50": 1.8439562320709229}, "validation_acc": {"10": 19.6, "20": 25.7, "30": 33.3, "40": 30.4, "50": 30.2}, "total_bytes": {"1": 719325, "2": 1798158, "3": 2876945, "4": 4315424, "5": 5394165, "6": 5753844, "7": 6473123, "8": 6832802, "9": 7552035, "10": 8630868, "11": 9350101, "12": 10428888, "13": 11148121, "14": 13665216, "15": 16182219, "16": 18339668, "17": 20137563, "18": 21935412, "19": 23733353, "20": 25890848, "21": 28048297, "22": 29486684, "23": 30205871, "24": 32003720, "25": 33082507, "26": 34161340, "27": 34161419, "28": 35599714, "29": 37038101, "30": 38116842, "31": 38476475, "32": 40633924, "33": 42072265, "34": 43510560, "35": 45308455, "36": 46746750, "37": 46746829, "38": 47825570, "39": 48544757, "40": 49263944, "41": 50702285, "42": 51421472, "43": 53219321, "44": 55376816, "45": 55376895, "46": 56455636, "47": 56455715, "48": 57534456, "49": 58613197, "50": 60051492, "51": 61489557, "52": 62927852, "53": 63647039}, "total_meta": {"1": 329, "2": 668, "3": 961, "4": 1448, "5": 1695, "6": 1876, "7": 2159, "8": 2340, "9": 2577, "10": 2916, "11": 3153, "12": 3446, "13": 3683, "14": 4292, "15": 4809, "16": 5270, "17": 5675, "18": 6034, "19": 6485, "20": 6992, "21": 7453, "22": 7848, "23": 8039, "24": 8398, "25": 8691, "26": 9030, "27": 9109, "28": 9412, "29": 9807, "30": 10054, "31": 10189, "32": 10650, "33": 10999, "34": 11302, "35": 11707, "36": 12010, "37": 12089, "38": 12336, "39": 12527, "40": 12718, "41": 13067, "42": 13258, "43": 13617, "44": 14124, "45": 14203, "46": 14450, "47": 14529, "48": 14776, "49": 15023, "50": 15326, "51": 15399, "52": 15702, "53": 15893}, "total_data_per_n": {"1": 718996, "2": 1797490, "3": 2875984, "4": 4313976, "5": 5392470, "6": 5751968, "7": 6470964, "8": 6830462, "9": 7549458, "10": 8627952, "11": 9346948, "12": 10425442, "13": 11144438, "14": 13660924, "15": 16177410, "16": 18334398, "17": 20131888, "18": 21929378, "19": 23726868, "20": 25883856, "21": 28040844, "22": 29478836, "23": 30197832, "24": 31995322, "25": 33073816, "26": 34152310, "27": 34152310, "28": 35590302, "29": 37028294, "30": 38106788, "31": 38466286, "32": 40623274, "33": 42061266, "34": 43499258, "35": 45296748, "36": 46734740, "37": 46734740, "38": 47813234, "39": 48532230, "40": 49251226, "41": 50689218, "42": 51408214, "43": 53205704, "44": 55362692, "45": 55362692, "46": 56441186, "47": 56441186, "48": 57519680, "49": 58598174, "50": 60036166, "51": 61474158, "52": 62912150, "53": 63631146}}