{"train_loss": {"10": 2.1205530603423375, "20": 2.024987663931519, "30": 1.9435228309558548, "40": 1.8843741853728548, "50": 1.8360467239190603}, "test_loss": {"10": 2.1304026709662542, "20": 2.0226453145345054, "30": 1.945253358946906, "40": 1.8896444506115384, "50": 1.8367005586624146}, "test_acc": {"10": 20.233333333333334, "20": 25.466666666666665, "30": 30.41111111111111, "40": 30.91111111111111, "50": 35.044444444444444}, "validation_loss": {"10": 2.1195223331451416, "20": 2.007152557373047, "30": 1.916155219078064, "40": 1.856649398803711, "50": 1.8124167919158936}, "validation_acc": {"10": 20.1, "20": 26.4, "30": 29.4, "40": 33.1, "50": 35.8}, "total_bytes": {"1": 1438525, "2": 2157804, "3": 3236591, "4": 4315424, "5": 5394165, "6": 6113398, "7": 7192231, "8": 8630664, "9": 9709405, "10": 11147838, "11": 12226625, "12": 12586258, "13": 14384245, "14": 17980002, "15": 19418343, "16": 19777976, "17": 20497209, "18": 23373766, "19": 24812061, "20": 25890848, "21": 27329143, "22": 28407884, "23": 29486671, "24": 30925012, "25": 33441969, "26": 34161156, "27": 35239943, "28": 35959130, "29": 37397471, "30": 38476212, "31": 40274107, "32": 41352848, "33": 42431589, "34": 43150776, "35": 43870009, "36": 44589242, "37": 45667983, "38": 47106278, "39": 48185019, "40": 49263806, "41": 49982993, "42": 50342626, "43": 51061813, "44": 51421446, "45": 52140633, "46": 52859820, "47": 54298115, "48": 55017302, "49": 55736489, "50": 57174830, "51": 45669319, "52": 60411020, "53": 60411099, "52": 46388506}, "total_meta": {"1": 533, "2": 816, "3": 1109, "4": 1448, "5": 1695, "6": 1932, "7": 2271, "8": 2712, "9": 2959, "10": 3400, "11": 3693, "12": 3828, "13": 4325, "14": 5102, "15": 5451, "16": 5586, "17": 5823, "18": 6396, "19": 6699, "20": 6992, "21": 7295, "22": 7542, "23": 7835, "24": 8184, "25": 8655, "26": 8846, "27": 9139, "28": 9330, "29": 9679, "30": 9926, "31": 10331, "32": 10578, "33": 10825, "34": 11016, "35": 11253, "36": 11490, "37": 11737, "38": 12040, "39": 12287, "40": 12580, "41": 12771, "42": 12906, "43": 13097, "44": 13232, "45": 13423, "46": 13614, "47": 13917, "48": 14108, "49": 14299, "50": 14648, "51": 13073, "52": 15356, "53": 15435, "52": 13264}, "total_data_per_n": {"1": 1437992, "2": 2156988, "3": 3235482, "4": 4313976, "5": 5392470, "6": 6111466, "7": 7189960, "8": 8627952, "9": 9706446, "10": 11144438, "11": 12222932, "12": 12582430, "13": 14379920, "14": 17974900, "15": 19412892, "16": 19772390, "17": 20491386, "18": 23367370, "19": 24805362, "20": 25883856, "21": 27321848, "22": 28400342, "23": 29478836, "24": 30916828, "25": 33433314, "26": 34152310, "27": 35230804, "28": 35949800, "29": 37387792, "30": 38466286, "31": 40263776, "32": 41342270, "33": 42420764, "34": 43139760, "35": 43858756, "36": 44577752, "37": 45656246, "38": 47094238, "39": 48172732, "40": 49251226, "41": 49970222, "42": 50329720, "43": 51048716, "44": 51408214, "45": 52127210, "46": 52846206, "47": 54284198, "48": 55003194, "49": 55722190, "50": 57160182, "51": 45656246, "52": 60395664, "53": 60395664, "52": 46375242}}