{"train_loss": {"10": 2.195110930741288, "20": 2.0097593342074913, "30": 1.9045091212250804, "40": 1.8900255874823069, "50": 1.8112383719163996}, "test_loss": {"10": 2.2771966987186008, "20": 2.015000926123725, "30": 1.9776676230960422, "40": 1.9409642749362521, "50": 1.8568102253807917}, "test_acc": {"10": 14.78888888888889, "20": 24.88888888888889, "30": 28.833333333333332, "40": 28.42222222222222, "50": 35.56666666666667}, "validation_loss": {"10": 2.2167935371398926, "20": 2.004469394683838, "30": 1.9289650917053223, "40": 1.8939425945281982, "50": 1.834295630455017}, "validation_acc": {"10": 17.6, "20": 25.4, "30": 32.6, "40": 30.5, "50": 36.6}, "total_bytes": {"1": 1798125, "2": 3236466, "3": 4315299, "4": 5394132, "5": 5394211, "6": 6473044, "7": 6832723, "8": 6832802, "9": 7192481, "10": 7552160, "11": 10788409, "12": 11148088, "13": 11867275, "14": 12586462, "15": 13665341, "16": 14384528, "17": 15463407, "18": 16901794, "19": 19059289, "20": 19778476, "21": 21216771, "22": 21935958, "23": 23014745, "24": 23374378, "25": 24093611, "26": 24453290, "27": 24453369, "28": 25172556, "29": 25532189, "30": 25891822, "31": 26611009, "32": 26970642, "33": 27689829, "34": 29128170, "35": 29847357, "36": 31285652, "37": 32723993, "38": 33802826, "39": 34522013, "40": 35241246, "41": 36679541, "42": 38477436, "43": 40275331, "44": 41354072, "45": 42073259, "46": 43871154, "47": 46028603, "48": 48905160, "49": 51062563, "50": 52141304, "51": 53939153, "52": 46028584, "53": 47466925, "54": 48186158}, "total_meta": {"1": 635, "2": 984, "3": 1323, "4": 1662, "5": 1741, "6": 2080, "7": 2261, "8": 2340, "9": 2521, "10": 2702, "11": 3469, "12": 3650, "13": 3841, "14": 4032, "15": 4417, "16": 4608, "17": 4993, "18": 5388, "19": 5895, "20": 6086, "21": 6389, "22": 6580, "23": 6873, "24": 7008, "25": 7245, "26": 7426, "27": 7505, "28": 7696, "29": 7831, "30": 7966, "31": 8157, "32": 8292, "33": 8483, "34": 8832, "35": 9023, "36": 9326, "37": 9675, "38": 10014, "39": 10205, "40": 10442, "41": 10745, "42": 11150, "43": 11555, "44": 11802, "45": 11993, "46": 12398, "47": 12859, "48": 13432, "49": 13847, "50": 14094, "51": 14453, "52": 12840, "53": 13189, "54": 13426}, "total_data_per_n": {"1": 1797490, "2": 3235482, "3": 4313976, "4": 5392470, "5": 5392470, "6": 6470964, "7": 6830462, "8": 6830462, "9": 7189960, "10": 7549458, "11": 10784940, "12": 11144438, "13": 11863434, "14": 12582430, "15": 13660924, "16": 14379920, "17": 15458414, "18": 16896406, "19": 19053394, "20": 19772390, "21": 21210382, "22": 21929378, "23": 23007872, "24": 23367370, "25": 24086366, "26": 24445864, "27": 24445864, "28": 25164860, "29": 25524358, "30": 25883856, "31": 26602852, "32": 26962350, "33": 27681346, "34": 29119338, "35": 29838334, "36": 31276326, "37": 32714318, "38": 33792812, "39": 34511808, "40": 35230804, "41": 36668796, "42": 38466286, "43": 40263776, "44": 41342270, "45": 42061266, "46": 43858756, "47": 46015744, "48": 48891728, "49": 51048716, "50": 52127210, "51": 53924700, "52": 46015744, "53": 47453736, "54": 48172732}}