{"train_loss": {"10": 2.1083050556765257, "20": 2.024781185252066, "30": 2.067106589106203, "40": 1.9251007806253797, "50": 1.836108318721975}, "test_loss": {"10": 2.1137615309821234, "20": 2.001082354121738, "30": 2.075803836186727, "40": 1.9171245760387845, "50": 1.8277589744991727}, "test_acc": {"10": 24.711111111111112, "20": 27.4, "30": 22.11111111111111, "40": 30.08888888888889, "50": 35.611111111111114}, "validation_loss": {"10": 2.083284378051758, "20": 1.9760234355926514, "30": 2.0672364234924316, "40": 1.8723092079162598, "50": 1.7959325313568115}, "validation_acc": {"10": 25.4, "20": 30.5, "30": 23.4, "40": 31.8, "50": 38.9}, "total_bytes": {"1": 719325, "2": 1438558, "3": 2157837, "4": 2877070, "5": 3596303, "6": 4675136, "7": 6473215, "8": 7192448, "9": 7911681, "10": 9709622, "11": 14384087, "12": 15462828, "13": 16182015, "14": 16541648, "15": 17260881, "16": 17620560, "17": 19058855, "18": 20137642, "19": 21935583, "20": 26969372, "21": 27329051, "22": 28407838, "23": 28767471, "24": 29127104, "25": 30205891, "26": 30925078, "27": 31284757, "28": 33082698, "29": 33801931, "30": 33802010, "31": 34521243, "32": 35240476, "33": 35959663, "34": 35959742, "35": 36319421, "36": 37398208, "37": 38117395, "38": 39196182, "39": 40274969, "40": 41353756, "41": 41713389, "42": 43151684, "43": 45309087, "44": 46387828, "45": 48185723, "46": 51062280, "47": 53579237, "48": 56096194, "49": 57174935, "50": 60051446, "51": 49983737, "52": 49983816, "53": 50703003, "51": 61849295}, "total_meta": {"1": 329, "2": 566, "3": 849, "4": 1086, "5": 1323, "6": 1662, "7": 2251, "8": 2488, "9": 2725, "10": 3176, "11": 4167, "12": 4414, "13": 4605, "14": 4740, "15": 4977, "16": 5158, "17": 5461, "18": 5754, "19": 6205, "20": 7022, "21": 7203, "22": 7496, "23": 7631, "24": 7766, "25": 8059, "26": 8250, "27": 8431, "28": 8882, "29": 9119, "30": 9198, "31": 9435, "32": 9672, "33": 9863, "34": 9942, "35": 10123, "36": 10416, "37": 10607, "38": 10900, "39": 11193, "40": 11486, "41": 11621, "42": 11924, "43": 12339, "44": 12586, "45": 12991, "46": 13564, "47": 14035, "48": 14506, "49": 14753, "50": 15280, "51": 13515, "52": 13594, "53": 13785, "51": 15639}, "total_data_per_n": {"1": 718996, "2": 1437992, "3": 2156988, "4": 2875984, "5": 3594980, "6": 4673474, "7": 6470964, "8": 7189960, "9": 7908956, "10": 9706446, "11": 14379920, "12": 15458414, "13": 16177410, "14": 16536908, "15": 17255904, "16": 17615402, "17": 19053394, "18": 20131888, "19": 21929378, "20": 26962350, "21": 27321848, "22": 28400342, "23": 28759840, "24": 29119338, "25": 30197832, "26": 30916828, "27": 31276326, "28": 33073816, "29": 33792812, "30": 33792812, "31": 34511808, "32": 35230804, "33": 35949800, "34": 35949800, "35": 36309298, "36": 37387792, "37": 38106788, "38": 39185282, "39": 40263776, "40": 41342270, "41": 41701768, "42": 43139760, "43": 45296748, "44": 46375242, "45": 48172732, "46": 51048716, "47": 53565202, "48": 56081688, "49": 57160182, "50": 60036166, "51": 49970222, "52": 49970222, "53": 50689218, "51": 61833656}}