{"train_loss": {"10": 2.127482189476945, "20": 2.0854761755193465, "30": 1.9603492258159259, "40": 1.9377241007244315, "50": 2.0199223893289346}, "test_loss": {"10": 2.1067130300733776, "20": 2.0621720684899225, "30": 1.9395691023932562, "40": 1.9465430312686496, "50": 2.0182107422086926}, "test_acc": {"10": 24.42222222222222, "20": 24.866666666666667, "30": 28.955555555555556, "40": 28.92222222222222, "50": 25.155555555555555}, "validation_loss": {"10": 2.079871892929077, "20": 2.0034120082855225, "30": 1.9242439270019531, "40": 1.9299297332763672, "50": 2.008934736251831}, "validation_acc": {"10": 25.9, "20": 29.2, "30": 28.8, "40": 31.0, "50": 25.8}, "total_bytes": {"1": 719325, "2": 719404, "3": 1079037, "4": 1798316, "5": 2877103, "6": 3955890, "7": 5034677, "8": 6113464, "9": 7192251, "10": 8630592, "11": 9709425, "12": 11507320, "13": 12226507, "14": 13664848, "15": 14743635, "16": 15822376, "17": 16901163, "18": 17620396, "19": 18339629, "20": 19058862, "21": 20856711, "22": 21935452, "23": 22654639, "24": 23733380, "25": 24093013, "26": 24452646, "27": 24812325, "28": 24812404, "29": 25172037, "30": 26250824, "31": 27689211, "32": 28767952, "33": 30206339, "34": 31644726, "35": 32723467, "36": 34521316, "37": 35240503, "38": 36319290, "39": 36678923, "40": 37757710, "41": 38836451, "42": 39196084, "43": 39196163, "44": 40274904, "45": 40994091, "46": 41713278, "47": 42072911, "48": 42432544, "49": 42792177, "50": 43151810, "51": 43511443, "52": 43511522}, "total_meta": {"1": 329, "2": 408, "3": 543, "4": 826, "5": 1119, "6": 1412, "7": 1705, "8": 1998, "9": 2291, "10": 2640, "11": 2979, "12": 3384, "13": 3575, "14": 3924, "15": 4217, "16": 4464, "17": 4757, "18": 4994, "19": 5231, "20": 5468, "21": 5827, "22": 6074, "23": 6265, "24": 6512, "25": 6647, "26": 6782, "27": 6963, "28": 7042, "29": 7177, "30": 7470, "31": 7865, "32": 8112, "33": 8507, "34": 8902, "35": 9149, "36": 9508, "37": 9699, "38": 9992, "39": 10127, "40": 10420, "41": 10667, "42": 10802, "43": 10881, "44": 11128, "45": 11319, "46": 11510, "47": 11645, "48": 11780, "49": 11915, "50": 12050, "51": 12185, "52": 12264}, "total_data_per_n": {"1": 718996, "2": 718996, "3": 1078494, "4": 1797490, "5": 2875984, "6": 3954478, "7": 5032972, "8": 6111466, "9": 7189960, "10": 8627952, "11": 9706446, "12": 11503936, "13": 12222932, "14": 13660924, "15": 14739418, "16": 15817912, "17": 16896406, "18": 17615402, "19": 18334398, "20": 19053394, "21": 20850884, "22": 21929378, "23": 22648374, "24": 23726868, "25": 24086366, "26": 24445864, "27": 24805362, "28": 24805362, "29": 25164860, "30": 26243354, "31": 27681346, "32": 28759840, "33": 30197832, "34": 31635824, "35": 32714318, "36": 34511808, "37": 35230804, "38": 36309298, "39": 36668796, "40": 37747290, "41": 38825784, "42": 39185282, "43": 39185282, "44": 40263776, "45": 40982772, "46": 41701768, "47": 42061266, "48": 42420764, "49": 42780262, "50": 43139760, "51": 43499258, "52": 43499258}}