{"train_loss": {"10": 2.107162550205493, "20": 1.9953497966737237, "30": 1.9546012141322362, "40": 1.9317155321135775, "50": 1.8211592326637442}, "test_loss": {"10": 2.100474410586887, "20": 2.0123373534944324, "30": 1.9522301885816786, "40": 1.9316782024171617, "50": 1.82944827609592}, "test_acc": {"10": 26.344444444444445, "20": 28.055555555555557, "30": 30.166666666666668, "40": 27.533333333333335, "50": 35.51111111111111}, "validation_loss": {"10": 2.0929999351501465, "20": 2.0092358589172363, "30": 1.9360814094543457, "40": 1.890945553779602, "50": 1.806043267250061}, "validation_acc": {"10": 27.3, "20": 28.3, "30": 31.8, "40": 31.7, "50": 37.6}, "total_bytes": {"1": 1438525, "2": 3236466, "3": 4315299, "4": 4674978, "5": 6832611, "6": 8271090, "7": 9709477, "8": 10428664, "9": 11507451, "10": 12945746, "11": 14024487, "12": 14384166, "13": 15462999, "14": 16541740, "15": 17260927, "16": 17980114, "17": 19418501, "18": 20137734, "19": 20856921, "20": 21935754, "21": 23014495, "22": 23733682, "23": 23733761, "24": 24452948, "25": 24812581, "26": 25531768, "27": 26251001, "28": 27329788, "29": 27329867, "30": 28049054, "31": 28408687, "32": 28768320, "33": 29127999, "34": 30566340, "35": 30925973, "36": 31285606, "37": 32364393, "38": 33083580, "39": 33443213, "40": 33802846, "41": 33802925, "42": 34881666, "43": 36320007, "44": 38117902, "45": 39556197, "46": 39915830, "47": 40994617, "48": 43152066, "49": 44949915, "50": 46388210, "51": 51781967, "52": 52501154, "53": 53939449}, "total_meta": {"1": 533, "2": 984, "3": 1323, "4": 1504, "5": 2149, "6": 2636, "7": 3031, "8": 3222, "9": 3515, "10": 3818, "11": 4065, "12": 4246, "13": 4585, "14": 4832, "15": 5023, "16": 5214, "17": 5609, "18": 5846, "19": 6037, "20": 6376, "21": 6623, "22": 6814, "23": 6893, "24": 7084, "25": 7219, "26": 7410, "27": 7647, "28": 7940, "29": 8019, "30": 8210, "31": 8345, "32": 8480, "33": 8661, "34": 9010, "35": 9145, "36": 9280, "37": 9573, "38": 9764, "39": 9899, "40": 10034, "41": 10113, "42": 10360, "43": 10709, "44": 11114, "45": 11417, "46": 11552, "47": 11845, "48": 12306, "49": 12665, "50": 12968, "51": 14255, "52": 14446, "53": 14749}, "total_data_per_n": {"1": 1437992, "2": 3235482, "3": 4313976, "4": 4673474, "5": 6830462, "6": 8268454, "7": 9706446, "8": 10425442, "9": 11503936, "10": 12941928, "11": 14020422, "12": 14379920, "13": 15458414, "14": 16536908, "15": 17255904, "16": 17974900, "17": 19412892, "18": 20131888, "19": 20850884, "20": 21929378, "21": 23007872, "22": 23726868, "23": 23726868, "24": 24445864, "25": 24805362, "26": 25524358, "27": 26243354, "28": 27321848, "29": 27321848, "30": 28040844, "31": 28400342, "32": 28759840, "33": 29119338, "34": 30557330, "35": 30916828, "36": 31276326, "37": 32354820, "38": 33073816, "39": 33433314, "40": 33792812, "41": 33792812, "42": 34871306, "43": 36309298, "44": 38106788, "45": 39544780, "46": 39904278, "47": 40982772, "48": 43139760, "49": 44937250, "50": 46375242, "51": 51767712, "52": 52486708, "53": 53924700}}