{"train_loss": {"10": 2.1385457897914275, "20": 2.0438730179808524, "30": 1.9262611138001653, "40": 1.8831805973562576, "50": 1.851009691944559}, "test_loss": {"10": 2.1360516813066273, "20": 2.0333786805470786, "30": 1.9279007381863065, "40": 1.8784983423021104, "50": 1.8615037865108914}, "test_acc": {"10": 20.977777777777778, "20": 25.377777777777776, "30": 31.1, "40": 33.144444444444446, "50": 33.05555555555556}, "validation_loss": {"10": 2.113238573074341, "20": 2.0141799449920654, "30": 1.9047224521636963, "40": 1.8338706493377686, "50": 1.8308088779449463}, "validation_acc": {"10": 23.8, "20": 27.2, "30": 31.5, "40": 36.6, "50": 33.3}, "total_bytes": {"1": 125, "2": 1798204, "3": 3596237, "4": 4675024, "5": 5034703, "6": 5753936, "7": 6832723, "8": 7911556, "9": 9349943, "10": 10428730, "11": 11867071, "12": 13305366, "13": 14743661, "14": 15822402, "15": 16541681, "16": 16901314, "17": 17620501, "18": 18699334, "19": 19418521, "20": 21576062, "21": 23374003, "22": 24452744, "23": 26250593, "24": 27688980, "25": 29127275, "26": 29846462, "27": 31284803, "28": 32363544, "29": 33082731, "30": 34880672, "31": 35959413, "32": 37397708, "33": 39195557, "34": 40274298, "35": 41712593, "36": 42791334, "37": 44589229, "38": 45308462, "39": 47106311, "40": 49263714, "41": 52499825, "42": 53578566, "43": 54657353, "44": 55736094, "45": 56095727, "46": 56095806, "47": 57174639, "48": 57534272, "49": 58972567, "50": 60051308, "54": 54299036}, "total_meta": {"1": 125, "2": 714, "3": 1257, "4": 1550, "5": 1731, "6": 1968, "7": 2261, "8": 2600, "9": 2995, "10": 3288, "11": 3637, "12": 3940, "13": 4243, "14": 4490, "15": 4773, "16": 4908, "17": 5099, "18": 5438, "19": 5629, "20": 6182, "21": 6633, "22": 6880, "23": 7239, "24": 7634, "25": 7937, "26": 8128, "27": 8477, "28": 8724, "29": 8915, "30": 9366, "31": 9613, "32": 9916, "33": 10275, "34": 10522, "35": 10825, "36": 11072, "37": 11477, "38": 11714, "39": 12073, "40": 12488, "41": 13117, "42": 13364, "43": 13657, "44": 13904, "45": 14039, "46": 14118, "47": 14457, "48": 14592, "49": 14895, "50": 15142, "54": 14838}, "total_data_per_n": {"1": 0, "2": 1797490, "3": 3594980, "4": 4673474, "5": 5032972, "6": 5751968, "7": 6830462, "8": 7908956, "9": 9346948, "10": 10425442, "11": 11863434, "12": 13301426, "13": 14739418, "14": 15817912, "15": 16536908, "16": 16896406, "17": 17615402, "18": 18693896, "19": 19412892, "20": 21569880, "21": 23367370, "22": 24445864, "23": 26243354, "24": 27681346, "25": 29119338, "26": 29838334, "27": 31276326, "28": 32354820, "29": 33073816, "30": 34871306, "31": 35949800, "32": 37387792, "33": 39185282, "34": 40263776, "35": 41701768, "36": 42780262, "37": 44577752, "38": 45296748, "39": 47094238, "40": 49251226, "41": 52486708, "42": 53565202, "43": 54643696, "44": 55722190, "45": 56081688, "46": 56081688, "47": 57160182, "48": 57519680, "49": 58957672, "50": 60036166, "54": 54284198}}