{"train_loss": {"10": 2.1226605013126636, "30": 1.9557549352864272, "40": 1.889477364889538, "50": 1.876876690005528}, "test_loss": {"10": 2.1305682129330106, "30": 1.9819205469555325, "40": 1.8910946448644002, "50": 1.8761958943472967}, "test_acc": {"10": 19.844444444444445, "30": 27.044444444444444, "40": 30.944444444444443, "50": 34.233333333333334}, "validation_loss": {"10": 2.114654541015625, "30": 1.950323224067688, "40": 1.848924160003662, "50": 1.8583922386169434}, "validation_acc": {"10": 21.4, "30": 29.5, "40": 34.2, "50": 35.4}, "total_bytes": {"1": 1078925, "2": 2157758, "3": 4315299, "4": 6113332, "5": 7551719, "6": 8630460, "7": 9349693, "8": 11147634, "9": 13305175, "10": 14743562, "11": 16541503, "12": 17979798, "13": 19777647, "14": 21935096, "15": 23013883, "16": 23733116, "17": 24092749, "18": 25171536, "19": 25890723, "21": 14384923, "22": 15463710, "23": 16902097, "24": 17980884, "25": 19419225, "26": 20138412, "27": 21217153, "28": 21936386, "29": 23015127, "30": 44948276, "31": 46027063, "32": 47105804, "33": 48184545, "34": 49982486, "35": 51420781, "36": 53578184, "37": 54656925, "38": 55735666, "39": 56095299, "40": 57533594, "41": 58252781, "42": 58971968, "43": 60050709, "44": 60410342, "45": 60769975, "46": 61489162, "47": 62927549, "48": 64006336, "49": 65085123, "50": 66523418, "51": 67242605}, "total_meta": {"1": 431, "2": 770, "3": 1323, "4": 1866, "5": 2261, "6": 2508, "7": 2745, "8": 3196, "9": 3749, "10": 4144, "11": 4595, "12": 4898, "13": 5257, "14": 5718, "15": 6011, "16": 6248, "17": 6383, "18": 6676, "19": 6867, "21": 5003, "22": 5296, "23": 5691, "24": 5984, "25": 6333, "26": 6524, "27": 6771, "28": 7008, "29": 7255, "30": 11026, "31": 11319, "32": 11566, "33": 11813, "34": 12264, "35": 12567, "36": 12982, "37": 13229, "38": 13476, "39": 13611, "40": 13914, "41": 14105, "42": 14296, "43": 14543, "44": 14678, "45": 14813, "46": 15004, "47": 15399, "48": 15692, "49": 15985, "50": 16288, "51": 16479}, "total_data_per_n": {"1": 1078494, "2": 2156988, "3": 4313976, "4": 6111466, "5": 7549458, "6": 8627952, "7": 9346948, "8": 11144438, "9": 13301426, "10": 14739418, "11": 16536908, "12": 17974900, "13": 19772390, "14": 21929378, "15": 23007872, "16": 23726868, "17": 24086366, "18": 25164860, "19": 25883856, "21": 14379920, "22": 15458414, "23": 16896406, "24": 17974900, "25": 19412892, "26": 20131888, "27": 21210382, "28": 21929378, "29": 23007872, "30": 44937250, "31": 46015744, "32": 47094238, "33": 48172732, "34": 49970222, "35": 51408214, "36": 53565202, "37": 54643696, "38": 55722190, "39": 56081688, "40": 57519680, "41": 58238676, "42": 58957672, "43": 60036166, "44": 60395664, "45": 60755162, "46": 61474158, "47": 62912150, "48": 63990644, "49": 65069138, "50": 66507130, "51": 67226126}}