{"train_loss": {"10": 2.1215943598565254, "20": 2.0282990704965957, "30": 1.9550371160944, "40": 1.9710447733638852, "50": 1.8310105236432024}, "test_loss": {"10": 2.1297985447777643, "20": 2.017061061329312, "30": 1.9544562498728435, "40": 1.9712550110287137, "50": 1.834577997525533}, "test_acc": {"10": 21.3, "20": 25.9, "30": 29.477777777777778, "40": 25.944444444444443, "50": 35.63333333333333}, "validation_loss": {"10": 2.1000187397003174, "20": 2.0025806427001953, "30": 1.9063252210617065, "40": 1.953863263130188, "50": 1.7968405485153198}, "validation_acc": {"10": 22.2, "20": 25.2, "30": 34.1, "40": 26.5, "50": 37.7}, "total_bytes": {"1": 1438525, "2": 2876958, "3": 3596191, "4": 5753824, "5": 6832611, "6": 8270952, "7": 9349739, "8": 10428480, "9": 12226329, "10": 12585962, "11": 12945595, "12": 14384028, "13": 16541661, "14": 17980048, "15": 19418389, "16": 20856776, "17": 22295071, "18": 24092966, "19": 25531307, "20": 27329156, "21": 29846159, "22": 31284500, "23": 32722795, "24": 34161090, "25": 34880323, "26": 35599556, "27": 37037897, "28": 38835792, "29": 38835871, "30": 39914612, "31": 41352907, "32": 43510310, "33": 45667713, "34": 47465608, "35": 47825287, "36": 49623136, "37": 51061431, "38": 52140172, "39": 52499805, "40": 53218992, "41": 53219071, "42": 54297812, "43": 54297891, "44": 55376678, "45": 55736311, "46": 55736390, "47": 55736469, "48": 55736548, "49": 56096181, "50": 57174968, "51": 46028827, "52": 59692004, "53": 60770791}, "total_meta": {"1": 533, "2": 974, "3": 1211, "4": 1856, "5": 2149, "6": 2498, "7": 2791, "8": 3038, "9": 3397, "10": 3532, "11": 3667, "12": 4108, "13": 4753, "14": 5148, "15": 5497, "16": 5892, "17": 6195, "18": 6600, "19": 6949, "20": 7308, "21": 7825, "22": 8174, "23": 8477, "24": 8780, "25": 9017, "26": 9254, "27": 9603, "28": 10008, "29": 10087, "30": 10334, "31": 10637, "32": 11052, "33": 11467, "34": 11872, "35": 12053, "36": 12412, "37": 12715, "38": 12962, "39": 13097, "40": 13288, "41": 13367, "42": 13614, "43": 13693, "44": 13986, "45": 14121, "46": 14200, "47": 14279, "48": 14358, "49": 14493, "50": 14786, "51": 13083, "52": 15336, "53": 15629}, "total_data_per_n": {"1": 1437992, "2": 2875984, "3": 3594980, "4": 5751968, "5": 6830462, "6": 8268454, "7": 9346948, "8": 10425442, "9": 12222932, "10": 12582430, "11": 12941928, "12": 14379920, "13": 16536908, "14": 17974900, "15": 19412892, "16": 20850884, "17": 22288876, "18": 24086366, "19": 25524358, "20": 27321848, "21": 29838334, "22": 31276326, "23": 32714318, "24": 34152310, "25": 34871306, "26": 35590302, "27": 37028294, "28": 38825784, "29": 38825784, "30": 39904278, "31": 41342270, "32": 43499258, "33": 45656246, "34": 47453736, "35": 47813234, "36": 49610724, "37": 51048716, "38": 52127210, "39": 52486708, "40": 53205704, "41": 53205704, "42": 54284198, "43": 54284198, "44": 55362692, "45": 55722190, "46": 55722190, "47": 55722190, "48": 55722190, "49": 56081688, "50": 57160182, "51": 46015744, "52": 59676668, "53": 60755162}}