{"train_loss": {"10": 2.1336151115766917, "20": 2.0080287920609687, "30": 2.127642518691434, "40": 1.9851031057707227, "50": 1.9931706244708927}, "test_loss": {"10": 2.1540453169080944, "20": 2.034863313039144, "30": 2.1334600713517933, "40": 2.015282644165887, "50": 1.9719481203291152}, "test_acc": {"10": 20.177777777777777, "20": 28.22222222222222, "30": 22.866666666666667, "40": 26.38888888888889, "50": 26.655555555555555}, "validation_loss": {"10": 2.1133482456207275, "20": 2.0016469955444336, "30": 2.106736421585083, "40": 1.9941364526748657, "50": 1.9450962543487549}, "validation_acc": {"10": 21.9, "20": 29.1, "30": 24.2, "40": 28.2, "50": 27.2}, "total_bytes": {"1": 1438525, "2": 2157804, "3": 2877037, "4": 4315516, "5": 4315595, "6": 4315674, "7": 5034953, "8": 6832986, "9": 7911819, "10": 8990606, "11": 10069439, "12": 11507734, "13": 13305675, "14": 14744016, "15": 16542003, "16": 17261190, "17": 18339977, "18": 20137918, "19": 21576259, "20": 22295538, "21": 23733833, "22": 25172174, "23": 27329669, "24": 29127518, "25": 30925367, "26": 31644646, "27": 33083079, "28": 34161820, "29": 35240607, "30": 35240686, "31": 37398135, "32": 38476876, "33": 38836509, "34": 38836588, "35": 38836667, "36": 39555854, "37": 40994149, "38": 42072890, "39": 42072969, "40": 42432602, "41": 43151789, "42": 44949638, "43": 45309271, "44": 45668904, "45": 46747645, "46": 47826386, "47": 48186019, "48": 49624314, "49": 52141271, "50": 52500904, "51": 53220091, "52": 63287498, "53": 64006685}, "total_meta": {"1": 533, "2": 816, "3": 1053, "4": 1540, "5": 1619, "6": 1698, "7": 1981, "8": 2524, "9": 2863, "10": 3156, "11": 3495, "12": 3798, "13": 4249, "14": 4598, "15": 5095, "16": 5286, "17": 5579, "18": 6030, "19": 6379, "20": 6662, "21": 6965, "22": 7314, "23": 7821, "24": 8180, "25": 8539, "26": 8822, "27": 9263, "28": 9510, "29": 9803, "30": 9882, "31": 10343, "32": 10590, "33": 10725, "34": 10804, "35": 10883, "36": 11074, "37": 11377, "38": 11624, "39": 11703, "40": 11838, "41": 12029, "42": 12388, "43": 12523, "44": 12658, "45": 12905, "46": 13152, "47": 13287, "48": 13590, "49": 14061, "50": 14196, "51": 14387, "52": 15850, "53": 16041}, "total_data_per_n": {"1": 1437992, "2": 2156988, "3": 2875984, "4": 4313976, "5": 4313976, "6": 4313976, "7": 5032972, "8": 6830462, "9": 7908956, "10": 8987450, "11": 10065944, "12": 11503936, "13": 13301426, "14": 14739418, "15": 16536908, "16": 17255904, "17": 18334398, "18": 20131888, "19": 21569880, "20": 22288876, "21": 23726868, "22": 25164860, "23": 27321848, "24": 29119338, "25": 30916828, "26": 31635824, "27": 33073816, "28": 34152310, "29": 35230804, "30": 35230804, "31": 37387792, "32": 38466286, "33": 38825784, "34": 38825784, "35": 38825784, "36": 39544780, "37": 40982772, "38": 42061266, "39": 42061266, "40": 42420764, "41": 43139760, "42": 44937250, "43": 45296748, "44": 45656246, "45": 46734740, "46": 47813234, "47": 48172732, "48": 49610724, "49": 52127210, "50": 52486708, "51": 53205704, "52": 63271648, "53": 63990644}}