{"train_loss": {"10": 2.1428294309222973, "20": 2.068700123379249, "30": 1.9164963059752953, "40": 1.9036067878926983, "50": 1.8867730511963823}, "test_loss": {"10": 2.1467894977993436, "20": 2.068650139702691, "30": 1.9264597627851698, "40": 1.9316782024171617, "50": 1.9232112301720514}, "test_acc": {"10": 19.377777777777776, "20": 24.255555555555556, "30": 32.266666666666666, "40": 27.533333333333335, "50": 29.31111111111111}, "validation_loss": {"10": 2.1200454235076904, "20": 2.046574115753174, "30": 1.9077718257904053, "40": 1.890945553779602, "50": 1.9065319299697876}, "validation_acc": {"10": 20.5, "20": 26.7, "30": 33.9, "40": 31.7, "50": 29.6}, "total_bytes": {"1": 719325, "2": 2157758, "3": 3955791, "4": 5394178, "5": 6832565, "6": 7911306, "7": 9349739, "8": 10068972, "9": 10428605, "10": 11507392, "11": 12226579, "12": 12586258, "13": 13665091, "14": 14024770, "15": 14384403, "16": 15822698, "17": 17260993, "18": 17261072, "19": 19058967, "20": 20137754, "21": 20497387, "22": 21576128, "23": 22295315, "24": 22654948, "25": 22655027, "26": 23374306, "27": 24093539, "28": 25172280, "29": 25531959, "30": 26610746, "31": 26970379, "32": 27689566, "33": 28408753, "34": 29847094, "35": 30566281, "36": 32004622, "37": 32364255, "38": 33083442, "39": 33443075, "40": 33802708, "41": 34162341, "42": 34522020, "43": 34881653, "44": 35241286, "45": 35241365, "46": 35241444, "47": 35960677, "48": 36679910, "49": 36679989, "50": 37399222, "51": 38477963, "51": 54298385}, "total_meta": {"1": 329, "2": 770, "3": 1313, "4": 1708, "5": 2103, "6": 2350, "7": 2791, "8": 3028, "9": 3163, "10": 3456, "11": 3647, "12": 3828, "13": 4167, "14": 4348, "15": 4483, "16": 4786, "17": 5089, "18": 5168, "19": 5573, "20": 5866, "21": 6001, "22": 6248, "23": 6439, "24": 6574, "25": 6653, "26": 6936, "27": 7173, "28": 7420, "29": 7601, "30": 7894, "31": 8029, "32": 8220, "33": 8411, "34": 8760, "35": 8951, "36": 9300, "37": 9435, "38": 9626, "39": 9761, "40": 9896, "41": 10031, "42": 10212, "43": 10347, "44": 10482, "45": 10561, "46": 10640, "47": 10877, "48": 11114, "49": 11193, "50": 11430, "51": 11677, "51": 14187}, "total_data_per_n": {"1": 718996, "2": 2156988, "3": 3954478, "4": 5392470, "5": 6830462, "6": 7908956, "7": 9346948, "8": 10065944, "9": 10425442, "10": 11503936, "11": 12222932, "12": 12582430, "13": 13660924, "14": 14020422, "15": 14379920, "16": 15817912, "17": 17255904, "18": 17255904, "19": 19053394, "20": 20131888, "21": 20491386, "22": 21569880, "23": 22288876, "24": 22648374, "25": 22648374, "26": 23367370, "27": 24086366, "28": 25164860, "29": 25524358, "30": 26602852, "31": 26962350, "32": 27681346, "33": 28400342, "34": 29838334, "35": 30557330, "36": 31995322, "37": 32354820, "38": 33073816, "39": 33433314, "40": 33792812, "41": 34152310, "42": 34511808, "43": 34871306, "44": 35230804, "45": 35230804, "46": 35230804, "47": 35949800, "48": 36668796, "49": 36668796, "50": 37387792, "51": 38466286, "51": 54284198}}