{"train_loss": {"10": 2.129149696299138, "20": 2.1274794667731713, "30": 1.9668135888703906, "40": 1.91542884684701, "50": 1.8462978000859267}, "test_loss": {"10": 2.133588578965929, "20": 2.1368575361039905, "30": 2.0007033480538263, "40": 1.9423870245615642, "50": 1.8785375754038494}, "test_acc": {"10": 21.177777777777777, "20": 21.166666666666668, "30": 29.788888888888888, "40": 28.27777777777778, "50": 31.177777777777777}, "validation_loss": {"10": 2.1139345169067383, "20": 2.140393018722534, "30": 1.980242133140564, "40": 1.9031747579574585, "50": 1.857656717300415}, "validation_acc": {"10": 23.0, "20": 20.9, "30": 29.6, "40": 31.7, "50": 31.7}, "total_bytes": {"1": 1078925, "2": 1798158, "3": 2876899, "4": 3955686, "5": 6113319, "6": 7551706, "7": 9349693, "8": 9709326, "9": 10428513, "10": 12226408, "11": 14024349, "12": 14743582, "13": 16181923, "14": 17260664, "15": 18339497, "16": 19777884, "17": 21216179, "18": 21575812, "19": 23014199, "20": 23733432, "21": 25531327, "22": 26250514, "23": 28407917, "24": 29486704, "25": 30205891, "26": 32003786, "27": 32723019, "28": 34520868, "29": 35240055, "30": 35240134, "31": 36318921, "32": 36678554, "33": 38836049, "34": 40274344, "35": 40633977, "36": 42431872, "37": 43151059, "38": 43870292, "39": 44229971, "40": 44589604, "41": 45668391, "42": 46747132, "43": 48185427, "44": 48545106, "45": 48545185, "46": 49264372, "47": 50343113, "48": 51421900, "49": 51421979, "50": 52141166, "51": 53219907, "52": 53939094, "53": 55377435, "54": 56815730, "55": 56815809}, "total_meta": {"1": 431, "2": 668, "3": 915, "4": 1208, "5": 1853, "6": 2248, "7": 2745, "8": 2880, "9": 3071, "10": 3476, "11": 3927, "12": 4164, "13": 4513, "14": 4760, "15": 5099, "16": 5494, "17": 5797, "18": 5932, "19": 6327, "20": 6564, "21": 6969, "22": 7160, "23": 7575, "24": 7868, "25": 8059, "26": 8464, "27": 8701, "28": 9060, "29": 9251, "30": 9330, "31": 9623, "32": 9758, "33": 10265, "34": 10568, "35": 10703, "36": 11108, "37": 11299, "38": 11536, "39": 11717, "40": 11852, "41": 12145, "42": 12392, "43": 12695, "44": 12876, "45": 12955, "46": 13146, "47": 13393, "48": 13686, "49": 13765, "50": 13956, "51": 14203, "52": 14394, "53": 14743, "54": 15046, "55": 15125}, "total_data_per_n": {"1": 1078494, "2": 1797490, "3": 2875984, "4": 3954478, "5": 6111466, "6": 7549458, "7": 9346948, "8": 9706446, "9": 10425442, "10": 12222932, "11": 14020422, "12": 14739418, "13": 16177410, "14": 17255904, "15": 18334398, "16": 19772390, "17": 21210382, "18": 21569880, "19": 23007872, "20": 23726868, "21": 25524358, "22": 26243354, "23": 28400342, "24": 29478836, "25": 30197832, "26": 31995322, "27": 32714318, "28": 34511808, "29": 35230804, "30": 35230804, "31": 36309298, "32": 36668796, "33": 38825784, "34": 40263776, "35": 40623274, "36": 42420764, "37": 43139760, "38": 43858756, "39": 44218254, "40": 44577752, "41": 45656246, "42": 46734740, "43": 48172732, "44": 48532230, "45": 48532230, "46": 49251226, "47": 50329720, "48": 51408214, "49": 51408214, "50": 52127210, "51": 53205704, "52": 53924700, "53": 55362692, "54": 56800684, "55": 56800684}}