{"train_loss": {"10": 2.346848200295718, "30": 1.970867460010616, "40": 1.920371094732794, "50": 2.3901722403883023}, "test_loss": {"10": 2.405301147037082, "30": 1.9971352815628052, "40": 1.9423870245615642, "50": 2.4533809555901422}, "test_acc": {"10": 18.566666666666666, "30": 26.57777777777778, "40": 28.27777777777778, "50": 14.844444444444445}, "validation_loss": {"10": 2.3833436965942383, "30": 1.9503663778305054, "40": 1.9031747579574585, "50": 2.4691848754882812}, "validation_acc": {"10": 20.8, "30": 29.6, "40": 31.7, "50": 15.2}, "total_bytes": {"1": 1798125, "2": 3596158, "3": 4315345, "4": 5034624, "5": 5394303, "6": 6832690, "7": 7911523, "8": 8990402, "9": 8990481, "10": 8990560, "11": 8990639, "12": 9350318, "13": 9350397, "14": 9710076, "15": 10069755, "16": 11148542, "17": 11867775, "18": 12587008, "19": 13306241, "21": 26610035, "22": 26610114, "23": 27688855, "24": 27688934, "25": 28408121, "26": 28767754, "27": 30206095, "28": 31284836, "29": 32363577, "30": 33082810, "31": 33442443, "32": 33802122, "33": 34521309, "34": 35240496, "35": 35240575, "36": 35600208, "37": 35959841, "38": 36319474, "39": 37038661, "40": 37398294, "41": 38477081, "42": 39196268, "43": 39915455, "44": 40275088, "45": 41713475, "46": 42792216, "47": 43151849, "48": 43871036, "49": 46387993, "50": 46388072, "51": 44590749, "52": 45309936, "53": 46748231, "52": 47466892}, "total_meta": {"1": 635, "2": 1178, "3": 1369, "4": 1652, "5": 1833, "6": 2228, "7": 2567, "8": 2952, "9": 3031, "10": 3110, "11": 3189, "12": 3370, "13": 3449, "14": 3630, "15": 3811, "16": 4104, "17": 4341, "18": 4578, "19": 4815, "21": 7183, "22": 7262, "23": 7509, "24": 7588, "25": 7779, "26": 7914, "27": 8263, "28": 8510, "29": 8757, "30": 8994, "31": 9129, "32": 9310, "33": 9501, "34": 9692, "35": 9771, "36": 9906, "37": 10041, "38": 10176, "39": 10367, "40": 10502, "41": 10795, "42": 10986, "43": 11177, "44": 11312, "45": 11707, "46": 11954, "47": 12089, "48": 12280, "49": 12751, "50": 12830, "51": 12997, "52": 13188, "53": 13491, "52": 13156}, "total_data_per_n": {"1": 1797490, "2": 3594980, "3": 4313976, "4": 5032972, "5": 5392470, "6": 6830462, "7": 7908956, "8": 8987450, "9": 8987450, "10": 8987450, "11": 8987450, "12": 9346948, "13": 9346948, "14": 9706446, "15": 10065944, "16": 11144438, "17": 11863434, "18": 12582430, "19": 13301426, "21": 26602852, "22": 26602852, "23": 27681346, "24": 27681346, "25": 28400342, "26": 28759840, "27": 30197832, "28": 31276326, "29": 32354820, "30": 33073816, "31": 33433314, "32": 33792812, "33": 34511808, "34": 35230804, "35": 35230804, "36": 35590302, "37": 35949800, "38": 36309298, "39": 37028294, "40": 37387792, "41": 38466286, "42": 39185282, "43": 39904278, "44": 40263776, "45": 41701768, "46": 42780262, "47": 43139760, "48": 43858756, "49": 46375242, "50": 46375242, "51": 44577752, "52": 45296748, "53": 46734740, "52": 47453736}}