{"train_loss": {"10": 2.130069460577637, "20": 2.0234154562913735, "30": 1.9711696610195946, "40": 1.8915427604704413, "50": 1.823702763055117}, "test_loss": {"10": 2.1472835540771484, "20": 2.0335197581185236, "30": 1.9791512886683147, "40": 1.9008051951726277, "50": 1.8466539515389337}, "test_acc": {"10": 19.366666666666667, "20": 25.433333333333334, "30": 27.133333333333333, "40": 32.34444444444444, "50": 34.68888888888889}, "validation_loss": {"10": 2.114771842956543, "20": 2.001429557800293, "30": 1.9721599817276, "40": 1.8703821897506714, "50": 1.8079754114151}, "validation_acc": {"10": 21.1, "20": 27.9, "30": 26.8, "40": 35.7, "50": 38.0}, "total_bytes": {"1": 1078925, "2": 2157804, "3": 3596191, "4": 3596270, "5": 4315549, "6": 6113536, "7": 6473169, "8": 7192402, "9": 8630789, "10": 9350068, "11": 10069255, "12": 11148042, "13": 11507675, "14": 12226862, "15": 12946095, "16": 13305728, "17": 14744115, "18": 15463394, "19": 17261289, "20": 18340030, "21": 20137925, "22": 21576220, "23": 22654961, "24": 23733748, "25": 24093381, "26": 24812660, "27": 25172293, "28": 25172372, "29": 25891559, "30": 27329946, "31": 28408733, "32": 28768366, "33": 29847107, "34": 30925848, "35": 31285527, "36": 33083422, "37": 34162163, "38": 35600458, "39": 35960091, "40": 36679278, "43": 45309041, "44": 46747336, "45": 46747415, "46": 47466602, "47": 48185835, "48": 48185914, "49": 49264655, "50": 50702996, "51": 51062629, "52": 51781816, "53": 44590585}, "total_meta": {"1": 431, "2": 816, "3": 1211, "4": 1290, "5": 1573, "6": 2070, "7": 2205, "8": 2442, "9": 2837, "10": 3120, "11": 3311, "12": 3604, "13": 3739, "14": 3930, "15": 4167, "16": 4302, "17": 4697, "18": 4980, "19": 5385, "20": 5632, "21": 6037, "22": 6340, "23": 6587, "24": 6880, "25": 7015, "26": 7298, "27": 7433, "28": 7512, "29": 7703, "30": 8098, "31": 8391, "32": 8526, "33": 8773, "34": 9020, "35": 9201, "36": 9606, "37": 9853, "38": 10156, "39": 10291, "40": 10482, "43": 12293, "44": 12596, "45": 12675, "46": 12866, "47": 13103, "48": 13182, "49": 13429, "50": 13778, "51": 13913, "52": 14104, "53": 12833}, "total_data_per_n": {"1": 1078494, "2": 2156988, "3": 3594980, "4": 3594980, "5": 4313976, "6": 6111466, "7": 6470964, "8": 7189960, "9": 8627952, "10": 9346948, "11": 10065944, "12": 11144438, "13": 11503936, "14": 12222932, "15": 12941928, "16": 13301426, "17": 14739418, "18": 15458414, "19": 17255904, "20": 18334398, "21": 20131888, "22": 21569880, "23": 22648374, "24": 23726868, "25": 24086366, "26": 24805362, "27": 25164860, "28": 25164860, "29": 25883856, "30": 27321848, "31": 28400342, "32": 28759840, "33": 29838334, "34": 30916828, "35": 31276326, "36": 33073816, "37": 34152310, "38": 35590302, "39": 35949800, "40": 36668796, "43": 45296748, "44": 46734740, "45": 46734740, "46": 47453736, "47": 48172732, "48": 48172732, "49": 49251226, "50": 50689218, "51": 51048716, "52": 51767712, "53": 44577752}}