{"train_loss": {"10": 2.1157301691652255, "20": 2.090688195847373, "30": 2.0831171328784857, "40": 2.067981128474228, "50": 1.8648443658843294}, "test_loss": {"10": 2.108193556467692, "20": 2.0514526102277966, "30": 2.081583791308933, "40": 2.0559429857465954, "50": 1.845187054740058}, "test_acc": {"10": 23.944444444444443, "20": 22.822222222222223, "30": 21.42222222222222, "40": 26.6, "50": 36.65555555555556}, "validation_loss": {"10": 2.0799202919006348, "20": 2.01180362701416, "30": 2.0725276470184326, "40": 2.052243947982788, "50": 1.8079416751861572}, "validation_acc": {"10": 25.1, "20": 25.3, "30": 21.9, "40": 26.6, "50": 40.0}, "total_bytes": {"1": 1438525, "2": 2517312, "3": 4674945, "4": 5753778, "5": 6832611, "6": 7551844, "7": 8271031, "8": 8990264, "9": 9349897, "10": 11147746, "11": 14024441, "12": 15822336, "13": 17979739, "14": 20496742, "15": 23013837, "16": 24092578, "17": 24811811, "18": 25890598, "19": 26969385, "20": 27688572, "21": 29486467, "22": 31284454, "23": 32363195, "24": 32722828, "25": 33082461, "26": 33442094, "27": 34520835, "28": 34520914, "29": 34880547, "30": 34880626, "31": 36318921, "32": 37397708, "33": 37397787, "34": 37757420, "35": 38476607, "36": 39195794, "37": 40274535, "38": 41712922, "39": 41713001, "40": 41713080, "41": 42072713, "42": 43511008, "43": 44949303, "44": 45308936, "45": 45668569, "46": 46387756, "47": 47826051, "48": 48185684, "49": 48904871, "50": 49983612, "51": 51421907, "52": 51781540, "52": 47826676}, "total_meta": {"1": 533, "2": 826, "3": 1471, "4": 1810, "5": 2149, "6": 2386, "7": 2577, "8": 2814, "9": 2949, "10": 3308, "11": 4019, "12": 4424, "13": 4839, "14": 5356, "15": 5965, "16": 6212, "17": 6449, "18": 6742, "19": 7035, "20": 7226, "21": 7631, "22": 8128, "23": 8375, "24": 8510, "25": 8645, "26": 8780, "27": 9027, "28": 9106, "29": 9241, "30": 9320, "31": 9623, "32": 9916, "33": 9995, "34": 10130, "35": 10321, "36": 10512, "37": 10759, "38": 11154, "39": 11233, "40": 11312, "41": 11447, "42": 11750, "43": 12053, "44": 12188, "45": 12323, "46": 12514, "47": 12817, "48": 12952, "49": 13143, "50": 13390, "51": 13693, "52": 13828, "52": 13442}, "total_data_per_n": {"1": 1437992, "2": 2516486, "3": 4673474, "4": 5751968, "5": 6830462, "6": 7549458, "7": 8268454, "8": 8987450, "9": 9346948, "10": 11144438, "11": 14020422, "12": 15817912, "13": 17974900, "14": 20491386, "15": 23007872, "16": 24086366, "17": 24805362, "18": 25883856, "19": 26962350, "20": 27681346, "21": 29478836, "22": 31276326, "23": 32354820, "24": 32714318, "25": 33073816, "26": 33433314, "27": 34511808, "28": 34511808, "29": 34871306, "30": 34871306, "31": 36309298, "32": 37387792, "33": 37387792, "34": 37747290, "35": 38466286, "36": 39185282, "37": 40263776, "38": 41701768, "39": 41701768, "40": 41701768, "41": 42061266, "42": 43499258, "43": 44937250, "44": 45296748, "45": 45656246, "46": 46375242, "47": 47813234, "48": 48172732, "49": 48891728, "50": 49970222, "51": 51408214, "52": 51767712, "52": 47813234}}