{"train_loss": {"10": 2.1069892353683937, "20": 2.0385003972599525, "30": 1.9840165513162396, "40": 1.9033303624801052, "50": 1.8155289797382501}, "test_loss": {"10": 2.1301027403937445, "20": 2.0669101079305015, "30": 1.9990598890516493, "40": 1.9490487707985773, "50": 1.8494097524219089}, "test_acc": {"10": 21.511111111111113, "20": 21.4, "30": 26.566666666666666, "40": 28.18888888888889, "50": 33.77777777777778}, "validation_loss": {"10": 2.1118102073669434, "20": 2.059985876083374, "30": 1.958771824836731, "40": 1.9325737953186035, "50": 1.818413257598877}, "validation_acc": {"10": 22.1, "20": 19.5, "30": 31.0, "40": 30.3, "50": 35.7}, "total_bytes": {"1": 1798125, "2": 3236466, "3": 5394007, "4": 6113286, "5": 6472965, "6": 7551752, "7": 7911431, "8": 9349726, "9": 10069005, "10": 11147746, "11": 12226625, "12": 12945858, "13": 14024691, "14": 14024770, "15": 16182265, "16": 17620560, "17": 17620639, "18": 17980318, "19": 19059105, "20": 19418784, "21": 20497525, "22": 21576266, "23": 22295499, "24": 23374286, "25": 23733919, "26": 25531768, "27": 25891401, "28": 27689296, "29": 28048929, "30": 28408562, "31": 28768195, "32": 29846982, "33": 30566169, "34": 31285356, "35": 32004543, "36": 32723730, "37": 34162071, "38": 34881258, "39": 35600445, "40": 36679186, "41": 37757927, "42": 38836714, "43": 40275009, "44": 41353842, "45": 43151783, "46": 45668832, "47": 45668911, "48": 45668990, "49": 48545547, "50": 49264734, "51": 49624367}, "total_meta": {"1": 635, "2": 984, "3": 1537, "4": 1820, "5": 2001, "6": 2294, "7": 2475, "8": 2778, "9": 3061, "10": 3308, "11": 3693, "12": 3930, "13": 4269, "14": 4348, "15": 4855, "16": 5158, "17": 5237, "18": 5418, "19": 5711, "20": 5892, "21": 6139, "22": 6386, "23": 6623, "24": 6916, "25": 7051, "26": 7410, "27": 7545, "28": 7950, "29": 8085, "30": 8220, "31": 8355, "32": 8648, "33": 8839, "34": 9030, "35": 9221, "36": 9412, "37": 9761, "38": 9952, "39": 10143, "40": 10390, "41": 10637, "42": 10930, "43": 11233, "44": 11572, "45": 12023, "46": 12586, "47": 12665, "48": 12744, "49": 13317, "50": 13508, "51": 13643}, "total_data_per_n": {"1": 1797490, "2": 3235482, "3": 5392470, "4": 6111466, "5": 6470964, "6": 7549458, "7": 7908956, "8": 9346948, "9": 10065944, "10": 11144438, "11": 12222932, "12": 12941928, "13": 14020422, "14": 14020422, "15": 16177410, "16": 17615402, "17": 17615402, "18": 17974900, "19": 19053394, "20": 19412892, "21": 20491386, "22": 21569880, "23": 22288876, "24": 23367370, "25": 23726868, "26": 25524358, "27": 25883856, "28": 27681346, "29": 28040844, "30": 28400342, "31": 28759840, "32": 29838334, "33": 30557330, "34": 31276326, "35": 31995322, "36": 32714318, "37": 34152310, "38": 34871306, "39": 35590302, "40": 36668796, "41": 37747290, "42": 38825784, "43": 40263776, "44": 41342270, "45": 43139760, "46": 45656246, "47": 45656246, "48": 45656246, "49": 48532230, "50": 49251226, "51": 49610724}}