{"train_loss": {"10": 2.1924493267335965, "20": 2.050634247656087, "30": 1.9890760884030174, "40": 1.8806181072278787, "50": 1.943978499820214}, "test_loss": {"10": 2.175198237101237, "20": 2.030395852194892, "30": 2.0078793896569147, "40": 1.8869114054573908, "50": 1.9395799504386053}, "test_acc": {"10": 18.355555555555554, "20": 25.288888888888888, "30": 25.177777777777777, "40": 33.044444444444444, "50": 27.822222222222223}, "validation_loss": {"10": 2.1561572551727295, "20": 2.001728057861328, "30": 1.9614149332046509, "40": 1.8544427156448364, "50": 1.873787522315979}, "validation_acc": {"10": 18.9, "20": 29.1, "30": 29.8, "40": 33.0, "50": 30.8}, "total_bytes": {"1": 719325, "2": 1438604, "3": 2876991, "4": 4315424, "5": 5394211, "6": 7192198, "7": 8270985, "8": 8630664, "9": 8630743, "10": 9350022, "11": 9350101, "12": 10428842, "13": 11867275, "14": 12946108, "15": 15463157, "16": 16901452, "17": 18699393, "18": 18699472, "19": 20137767, "20": 20856954, "21": 21935741, "22": 23014482, "23": 23733715, "24": 24812456, "25": 25531643, "26": 28408246, "27": 29487125, "28": 30565912, "29": 32363853, "30": 32723486, "31": 33083119, "32": 33083198, "33": 34521539, "34": 34521618, "35": 35240805, "36": 36679100, "37": 37398287, "38": 37757920, "39": 38836661, "40": 40274956, "41": 41713297, "42": 43151592, "43": 43870779, "44": 45668674, "45": 47466523, "46": 48545264, "47": 49624097, "48": 49983730, "49": 51422025, "50": 51781658, "51": 52860399, "52": 54298694, "53": 54658327, "54": 55377514}, "total_meta": {"1": 329, "2": 612, "3": 1007, "4": 1448, "5": 1741, "6": 2238, "7": 2531, "8": 2712, "9": 2791, "10": 3074, "11": 3153, "12": 3400, "13": 3841, "14": 4180, "15": 4743, "16": 5046, "17": 5497, "18": 5576, "19": 5879, "20": 6070, "21": 6363, "22": 6610, "23": 6847, "24": 7094, "25": 7285, "26": 7904, "27": 8289, "28": 8582, "29": 9033, "30": 9168, "31": 9303, "32": 9382, "33": 9731, "34": 9810, "35": 10001, "36": 10304, "37": 10495, "38": 10630, "39": 10877, "40": 11180, "41": 11529, "42": 11832, "43": 12023, "44": 12428, "45": 12787, "46": 13034, "47": 13373, "48": 13508, "49": 13811, "50": 13946, "51": 14193, "52": 14496, "53": 14631, "54": 14822}, "total_data_per_n": {"1": 718996, "2": 1437992, "3": 2875984, "4": 4313976, "5": 5392470, "6": 7189960, "7": 8268454, "8": 8627952, "9": 8627952, "10": 9346948, "11": 9346948, "12": 10425442, "13": 11863434, "14": 12941928, "15": 15458414, "16": 16896406, "17": 18693896, "18": 18693896, "19": 20131888, "20": 20850884, "21": 21929378, "22": 23007872, "23": 23726868, "24": 24805362, "25": 25524358, "26": 28400342, "27": 29478836, "28": 30557330, "29": 32354820, "30": 32714318, "31": 33073816, "32": 33073816, "33": 34511808, "34": 34511808, "35": 35230804, "36": 36668796, "37": 37387792, "38": 37747290, "39": 38825784, "40": 40263776, "41": 41701768, "42": 43139760, "43": 43858756, "44": 45656246, "45": 47453736, "46": 48532230, "47": 49610724, "48": 49970222, "49": 51408214, "50": 51767712, "51": 52846206, "52": 54284198, "53": 54643696, "54": 55362692}}