{"train_loss": {"10": 2.095407698900645, "20": 2.01715048123862, "30": 1.9453080665064222, "40": 2.1984379246034695, "50": 1.8289728392171496}, "test_loss": {"10": 2.1237045923868814, "20": 2.03179841571384, "30": 1.9602737294303045, "40": 2.2300221655103893, "50": 1.8368360201517742}, "test_acc": {"10": 21.011111111111113, "20": 24.822222222222223, "30": 28.066666666666666, "40": 21.377777777777776, "50": 35.233333333333334}, "validation_loss": {"10": 2.114429473876953, "20": 1.9898240566253662, "30": 1.9628599882125854, "40": 2.1605350971221924, "50": 1.8040134906768799}, "validation_acc": {"10": 22.8, "20": 28.2, "30": 26.0, "40": 22.9, "50": 36.5}, "total_bytes": {"1": 1438525, "2": 2517358, "3": 3236637, "4": 4675024, "5": 5034657, "6": 5034736, "7": 5753969, "8": 6113602, "9": 7192435, "10": 8630914, "11": 11148101, "12": 12586442, "13": 7911951, "14": 7912030, "15": 8990863, "16": 9710142, "17": 11148529, "18": 11867762, "19": 13665703, "20": 15104044, "21": 16901939, "22": 17980680, "23": 20497729, "24": 21216916, "25": 23374411, "26": 25891506, "27": 26970247, "28": 29487250, "29": 30565991, "30": 32363840, "31": 33442581, "32": 33802214, "33": 34521401, "34": 35600142, "35": 36319375, "36": 37038562, "37": 38117303, "38": 38836490, "39": 39196123, "40": 39196202, "41": 40634589, "42": 40634668, "43": 41713409, "44": 42432596, "45": 43870891, "46": 44590124, "47": 44949757, "48": 46388144, "49": 47107331, "50": 47826518, "51": 49624367, "52": 53579540, "53": 50343679, "53": 53939173}, "total_meta": {"1": 533, "2": 872, "3": 1155, "4": 1550, "5": 1685, "6": 1764, "7": 2001, "8": 2136, "9": 2475, "10": 2962, "11": 3663, "12": 4012, "13": 2995, "14": 3074, "15": 3413, "16": 3696, "17": 4091, "18": 4328, "19": 4779, "20": 5128, "21": 5533, "22": 5780, "23": 6343, "24": 6534, "25": 7041, "26": 7650, "27": 7897, "28": 8414, "29": 8661, "30": 9020, "31": 9267, "32": 9402, "33": 9593, "34": 9840, "35": 10077, "36": 10268, "37": 10515, "38": 10706, "39": 10841, "40": 10920, "41": 11315, "42": 11394, "43": 11641, "44": 11832, "45": 12135, "46": 12372, "47": 12507, "48": 12902, "49": 13093, "50": 13284, "51": 13643, "52": 14338, "53": 13959, "53": 14473}, "total_data_per_n": {"1": 1437992, "2": 2516486, "3": 3235482, "4": 4673474, "5": 5032972, "6": 5032972, "7": 5751968, "8": 6111466, "9": 7189960, "10": 8627952, "11": 11144438, "12": 12582430, "13": 7908956, "14": 7908956, "15": 8987450, "16": 9706446, "17": 11144438, "18": 11863434, "19": 13660924, "20": 15098916, "21": 16896406, "22": 17974900, "23": 20491386, "24": 21210382, "25": 23367370, "26": 25883856, "27": 26962350, "28": 29478836, "29": 30557330, "30": 32354820, "31": 33433314, "32": 33792812, "33": 34511808, "34": 35590302, "35": 36309298, "36": 37028294, "37": 38106788, "38": 38825784, "39": 39185282, "40": 39185282, "41": 40623274, "42": 40623274, "43": 41701768, "44": 42420764, "45": 43858756, "46": 44577752, "47": 44937250, "48": 46375242, "49": 47094238, "50": 47813234, "51": 49610724, "52": 53565202, "53": 50329720, "53": 53924700}}