{"train_loss": {"10": 2.1561888301645524, "20": 2.0282696339920276, "30": 1.996296455841938, "40": 1.8869156746463922, "50": 1.8689390912310768}, "test_loss": {"10": 2.123933368259006, "20": 2.0035217338138156, "30": 1.9720352093378704, "40": 1.8717794285880194, "50": 1.856846743159824}, "test_acc": {"10": 23.566666666666666, "20": 27.855555555555554, "30": 27.81111111111111, "40": 32.666666666666664, "50": 32.18888888888889}, "validation_loss": {"10": 2.1020920276641846, "20": 1.9669580459594727, "30": 1.959588885307312, "40": 1.837729811668396, "50": 1.8465640544891357}, "validation_acc": {"10": 24.9, "20": 31.3, "30": 27.0, "40": 34.7, "50": 30.4}, "total_bytes": {"1": 719325, "2": 2157712, "3": 2876991, "4": 4315378, "5": 6472919, "6": 8270814, "7": 8990001, "8": 10068742, "9": 10787975, "10": 12226316, "11": 13305057, "12": 14743444, "13": 15822231, "14": 17260526, "15": 18339267, "16": 18698946, "17": 20496887, "18": 21935274, "19": 22654461, "20": 23373648, "21": 23733281, "22": 24092914, "23": 24812101, "24": 25531334, "25": 26250567, "26": 26250646, "27": 27329433, "28": 28048620, "29": 28408253, "30": 29127532, "31": 29846719, "32": 31285014, "33": 32004201, "34": 33442588, "35": 35240483, "36": 36678778, "37": 38836181, "38": 40634076, "39": 42072371, "40": 43510666, "41": 44589407, "42": 46387302, "43": 46746935, "44": 48185276, "45": 49264063, "46": 49623696, "47": 49983375, "48": 51781224, "49": 53579119, "50": 54657860, "51": 55377047, "52": 56096234, "53": 56815421, "54": 57175054}, "total_meta": {"1": 329, "2": 724, "3": 1007, "4": 1402, "5": 1955, "6": 2360, "7": 2551, "8": 2798, "9": 3035, "10": 3384, "11": 3631, "12": 4026, "13": 4319, "14": 4622, "15": 4869, "16": 5050, "17": 5501, "18": 5896, "19": 6087, "20": 6278, "21": 6413, "22": 6548, "23": 6739, "24": 6976, "25": 7213, "26": 7292, "27": 7585, "28": 7776, "29": 7911, "30": 8194, "31": 8385, "32": 8688, "33": 8879, "34": 9274, "35": 9679, "36": 9982, "37": 10397, "38": 10802, "39": 11105, "40": 11408, "41": 11655, "42": 12060, "43": 12195, "44": 12544, "45": 12837, "46": 12972, "47": 13153, "48": 13512, "49": 13917, "50": 14164, "51": 14355, "52": 14546, "53": 14737, "54": 14872}, "total_data_per_n": {"1": 718996, "2": 2156988, "3": 2875984, "4": 4313976, "5": 6470964, "6": 8268454, "7": 8987450, "8": 10065944, "9": 10784940, "10": 12222932, "11": 13301426, "12": 14739418, "13": 15817912, "14": 17255904, "15": 18334398, "16": 18693896, "17": 20491386, "18": 21929378, "19": 22648374, "20": 23367370, "21": 23726868, "22": 24086366, "23": 24805362, "24": 25524358, "25": 26243354, "26": 26243354, "27": 27321848, "28": 28040844, "29": 28400342, "30": 29119338, "31": 29838334, "32": 31276326, "33": 31995322, "34": 33433314, "35": 35230804, "36": 36668796, "37": 38825784, "38": 40623274, "39": 42061266, "40": 43499258, "41": 44577752, "42": 46375242, "43": 46734740, "44": 48172732, "45": 49251226, "46": 49610724, "47": 49970222, "48": 51767712, "49": 53565202, "50": 54643696, "51": 55362692, "52": 56081688, "53": 56800684, "54": 57160182}}