{"train_loss": {"10": 2.1802187284440486, "20": 2.015987951336926, "30": 1.9482623839196358, "40": 1.853592767060258, "50": 1.8443731915859776}, "test_loss": {"10": 2.2042662832472057, "20": 2.0320205688476562, "30": 1.9648727708392673, "40": 1.8752674261728923, "50": 1.8530583646562364}, "test_acc": {"10": 20.177777777777777, "20": 26.07777777777778, "30": 27.455555555555556, "40": 33.766666666666666, "50": 33.58888888888889}, "validation_loss": {"10": 2.211747169494629, "20": 2.0215537548065186, "30": 1.9253149032592773, "40": 1.8446965217590332, "50": 1.8166491985321045}, "validation_acc": {"10": 18.5, "20": 24.9, "30": 31.1, "40": 38.0, "50": 35.3}, "total_bytes": {"1": 719325, "2": 1438604, "3": 1438683, "4": 1798362, "5": 2877241, "6": 2877320, "7": 2877399, "8": 2877478, "9": 3956357, "10": 3956436, "11": 3956515, "12": 12586350, "13": 12586429, "14": 13665170, "15": 14384403, "16": 15822836, "17": 16901577, "18": 17980364, "19": 19418797, "20": 20497584, "21": 21216817, "22": 21936004, "23": 22655191, "24": 23733978, "25": 24453165, "26": 25172398, "27": 25891677, "28": 26970418, "29": 27689605, "30": 28768346, "31": 29847087, "32": 31644936, "33": 31645015, "34": 33083310, "35": 33083389, "36": 34881238, "37": 35960025, "38": 37038766, "39": 37757953, "40": 39555802, "41": 39915435, "42": 41353730, "43": 42432471, "44": 43511212, "45": 44230399, "46": 44949586, "47": 46387881, "48": 46387960, "49": 47107147, "50": 48185888, "51": 48905075, "52": 39916580, "53": 50343449, "53": 40276213}, "total_meta": {"1": 329, "2": 612, "3": 691, "4": 872, "5": 1257, "6": 1336, "7": 1415, "8": 1494, "9": 1879, "10": 1958, "11": 2037, "12": 3920, "13": 3999, "14": 4246, "15": 4483, "16": 4924, "17": 5171, "18": 5464, "19": 5905, "20": 6198, "21": 6435, "22": 6626, "23": 6817, "24": 7110, "25": 7301, "26": 7538, "27": 7821, "28": 8068, "29": 8259, "30": 8506, "31": 8753, "32": 9112, "33": 9191, "34": 9494, "35": 9573, "36": 9932, "37": 10225, "38": 10472, "39": 10663, "40": 11022, "41": 11157, "42": 11460, "43": 11707, "44": 11954, "45": 12145, "46": 12336, "47": 12639, "48": 12718, "49": 12909, "50": 13156, "51": 13347, "52": 12302, "53": 13729, "53": 12437}, "total_data_per_n": {"1": 718996, "2": 1437992, "3": 1437992, "4": 1797490, "5": 2875984, "6": 2875984, "7": 2875984, "8": 2875984, "9": 3954478, "10": 3954478, "11": 3954478, "12": 12582430, "13": 12582430, "14": 13660924, "15": 14379920, "16": 15817912, "17": 16896406, "18": 17974900, "19": 19412892, "20": 20491386, "21": 21210382, "22": 21929378, "23": 22648374, "24": 23726868, "25": 24445864, "26": 25164860, "27": 25883856, "28": 26962350, "29": 27681346, "30": 28759840, "31": 29838334, "32": 31635824, "33": 31635824, "34": 33073816, "35": 33073816, "36": 34871306, "37": 35949800, "38": 37028294, "39": 37747290, "40": 39544780, "41": 39904278, "42": 41342270, "43": 42420764, "44": 43499258, "45": 44218254, "46": 44937250, "47": 46375242, "48": 46375242, "49": 47094238, "50": 48172732, "51": 48891728, "52": 39904278, "53": 50329720, "53": 40263776}}