{"train_loss": {"10": 2.304392497958118, "20": 1.9952268300165656, "30": 1.966073336492058, "40": 1.8768391982289672, "50": 1.8261221292364689}, "test_loss": {"10": 2.309162881639269, "20": 2.0083046621746488, "30": 1.9726026985380385, "40": 1.9080943663914998, "50": 1.840331819322374}, "test_acc": {"10": 17.377777777777776, "20": 28.0, "30": 29.72222222222222, "40": 32.68888888888889, "50": 33.87777777777778}, "validation_loss": {"10": 2.261930465698242, "20": 1.985678791999817, "30": 1.9220138788223267, "40": 1.890344262123108, "50": 1.8069955110549927}, "validation_acc": {"10": 18.5, "20": 29.7, "30": 33.4, "40": 34.1, "50": 35.0}, "total_bytes": {"1": 719325, "2": 1438604, "3": 1798237, "4": 2157870, "5": 3236703, "6": 3955936, "7": 5394369, "8": 7192310, "9": 8630651, "10": 8630730, "11": 10428625, "12": 11147904, "13": 11867091, "14": 12586278, "15": 13305465, "16": 14024652, "17": 15103439, "18": 16541780, "19": 17620613, "20": 18339892, "21": 19059079, "22": 20137866, "23": 20857099, "24": 21935840, "25": 22655073, "26": 23733860, "27": 25172155, "28": 26610450, "29": 26610529, "30": 27689270, "31": 28048903, "32": 29487290, "33": 30206477, "34": 32723480, "35": 33442713, "36": 35959670, "37": 36319303, "38": 36678936, "39": 37038569, "40": 38836464, "47": 44949435, "48": 45668622, "49": 46387809, "41": 39196097, "42": 40634392, "43": 40994025, "44": 43151428, "45": 43511061, "46": 44230248, "50": 47826104, "51": 64006481, "52": 65444868, "53": 65444947, "54": 65445026}, "total_meta": {"1": 329, "2": 612, "3": 747, "4": 882, "5": 1221, "6": 1458, "7": 1899, "8": 2350, "9": 2699, "10": 2778, "11": 3183, "12": 3466, "13": 3657, "14": 3848, "15": 4039, "16": 4230, "17": 4523, "18": 4872, "19": 5211, "20": 5494, "21": 5685, "22": 5978, "23": 6215, "24": 6462, "25": 6699, "26": 6992, "27": 7295, "28": 7598, "29": 7677, "30": 7924, "31": 8059, "32": 8454, "33": 8645, "34": 9162, "35": 9399, "36": 9870, "37": 10005, "38": 10140, "39": 10275, "40": 10680, "47": 12185, "48": 12376, "49": 12567, "41": 10815, "42": 11118, "43": 11253, "44": 11668, "45": 11803, "46": 11994, "50": 12870, "51": 15837, "52": 16232, "53": 16311, "54": 16390}, "total_data_per_n": {"1": 718996, "2": 1437992, "3": 1797490, "4": 2156988, "5": 3235482, "6": 3954478, "7": 5392470, "8": 7189960, "9": 8627952, "10": 8627952, "11": 10425442, "12": 11144438, "13": 11863434, "14": 12582430, "15": 13301426, "16": 14020422, "17": 15098916, "18": 16536908, "19": 17615402, "20": 18334398, "21": 19053394, "22": 20131888, "23": 20850884, "24": 21929378, "25": 22648374, "26": 23726868, "27": 25164860, "28": 26602852, "29": 26602852, "30": 27681346, "31": 28040844, "32": 29478836, "33": 30197832, "34": 32714318, "35": 33433314, "36": 35949800, "37": 36309298, "38": 36668796, "39": 37028294, "40": 38825784, "47": 44937250, "48": 45656246, "49": 46375242, "41": 39185282, "42": 40623274, "43": 40982772, "44": 43139760, "45": 43499258, "46": 44218254, "50": 47813234, "51": 63990644, "52": 65428636, "53": 65428636, "54": 65428636}}