{"train_loss": {"10": 2.165982502107402, "20": 2.0202287899628852, "30": 1.945899491091721, "40": 1.8918975673559058, "50": 1.844936414529349}, "test_loss": {"10": 2.1671772532992892, "20": 2.025398055712382, "30": 1.9449391894870334, "40": 1.888426144917806, "50": 1.8367005321714613}, "test_acc": {"10": 18.255555555555556, "20": 26.155555555555555, "30": 30.1, "40": 31.133333333333333, "50": 35.044444444444444}, "validation_loss": {"10": 2.150047540664673, "20": 1.995229959487915, "30": 1.906946063041687, "40": 1.8567498922348022, "50": 1.8124167919158936}, "validation_acc": {"10": 17.7, "20": 29.6, "30": 34.6, "40": 33.3, "50": 35.8}, "total_bytes": {"1": 359725, "2": 719404, "3": 2157837, "4": 3955916, "5": 4675149, "6": 6113490, "7": 6832723, "8": 7552002, "9": 9349943, "10": 10069130, "11": 11867025, "12": 12586258, "13": 13305445, "14": 13665078, "15": 14384265, "16": 14743898, "17": 16901439, "18": 17980272, "19": 19059105, "20": 20497492, "21": 21576325, "22": 21935958, "23": 23374299, "24": 23374378, "25": 24093565, "26": 24812752, "27": 26610647, "28": 28048988, "29": 28768175, "30": 29846962, "31": 29847041, "32": 30925782, "33": 32004569, "34": 33442956, "35": 34162143, "36": 35240930, "37": 36679225, "38": 37398412, "39": 37398491, "40": 38477232, "41": 38477311, "42": 38836944, "43": 39556131, "44": 41354026, "45": 42432767, "46": 43511554, "47": 44230741, "48": 45309482, "49": 46028669, "50": 47466964, "51": 53219723, "52": 50703154, "52": 53938910}, "total_meta": {"1": 227, "2": 408, "3": 849, "4": 1438, "5": 1675, "6": 2024, "7": 2261, "8": 2544, "9": 2995, "10": 3186, "11": 3591, "12": 3828, "13": 4019, "14": 4154, "15": 4345, "16": 4480, "17": 5033, "18": 5372, "19": 5711, "20": 6106, "21": 6445, "22": 6580, "23": 6929, "24": 7008, "25": 7199, "26": 7390, "27": 7795, "28": 8144, "29": 8335, "30": 8628, "31": 8707, "32": 8954, "33": 9247, "34": 9642, "35": 9833, "36": 10126, "37": 10429, "38": 10620, "39": 10699, "40": 10946, "41": 11025, "42": 11160, "43": 11351, "44": 11756, "45": 12003, "46": 12296, "47": 12487, "48": 12734, "49": 12925, "50": 13228, "51": 14019, "52": 13936, "52": 14210}, "total_data_per_n": {"1": 359498, "2": 718996, "3": 2156988, "4": 3954478, "5": 4673474, "6": 6111466, "7": 6830462, "8": 7549458, "9": 9346948, "10": 10065944, "11": 11863434, "12": 12582430, "13": 13301426, "14": 13660924, "15": 14379920, "16": 14739418, "17": 16896406, "18": 17974900, "19": 19053394, "20": 20491386, "21": 21569880, "22": 21929378, "23": 23367370, "24": 23367370, "25": 24086366, "26": 24805362, "27": 26602852, "28": 28040844, "29": 28759840, "30": 29838334, "31": 29838334, "32": 30916828, "33": 31995322, "34": 33433314, "35": 34152310, "36": 35230804, "37": 36668796, "38": 37387792, "39": 37387792, "40": 38466286, "41": 38466286, "42": 38825784, "43": 39544780, "44": 41342270, "45": 42420764, "46": 43499258, "47": 44218254, "48": 45296748, "49": 46015744, "50": 47453736, "51": 53205704, "52": 50689218, "52": 53924700}}