{"train_loss": {"10": 2.1170556208559574, "20": 2.030661452817553, "30": 1.9483679687703839, "40": 1.8924580976253247, "50": 1.9397705483982581}, "test_loss": {"10": 2.1306735939449735, "20": 2.0446117983924017, "30": 1.9375060002009075, "40": 1.8825294706556532, "50": 1.9159254630406697}, "test_acc": {"10": 21.88888888888889, "20": 25.1, "30": 30.22222222222222, "40": 30.744444444444444, "50": 29.666666666666668}, "validation_loss": {"10": 2.088982343673706, "20": 2.0205307006835938, "30": 1.9282954931259155, "40": 1.8530179262161255, "50": 1.8852722644805908}, "validation_acc": {"10": 24.6, "20": 26.0, "30": 29.3, "40": 32.3, "50": 31.3}, "total_bytes": {"1": 2876925, "2": 3236604, "3": 4674899, "4": 5394178, "5": 5753857, "6": 6113536, "7": 7192323, "8": 8271110, "9": 9709589, "10": 11147976, "11": 12586271, "12": 12945904, "13": 13665137, "14": 16182140, "15": 17260973, "16": 17980160, "17": 17980239, "18": 20137688, "19": 20856921, "20": 22295308, "21": 22654987, "22": 23733774, "23": 24812561, "24": 25891302, "25": 26610489, "26": 27689276, "27": 28408509, "28": 30206358, "29": 32004253, "30": 34161748, "31": 35959643, "32": 37038384, "33": 38476679, "34": 39915020, "35": 40634253, "36": 41712994, "37": 42432181, "38": 43151368, "39": 43870555, "40": 45308850, "41": 46028083, "42": 47466378, "43": 47826011, "44": 48904752, "45": 50343047, "46": 51421834, "47": 52500621, "48": 53219808, "49": 54298549, "50": 55017736, "51": 50703213, "52": 56815664, "53": 57534851, "54": 52860774, "55": 53220407}, "total_meta": {"1": 941, "2": 1122, "3": 1425, "4": 1708, "5": 1889, "6": 2070, "7": 2363, "8": 2656, "9": 3143, "10": 3538, "11": 3841, "12": 3976, "13": 4213, "14": 4730, "15": 5069, "16": 5260, "17": 5339, "18": 5800, "19": 6037, "20": 6432, "21": 6613, "22": 6906, "23": 7199, "24": 7446, "25": 7637, "26": 7930, "27": 8167, "28": 8526, "29": 8931, "30": 9438, "31": 9843, "32": 10090, "33": 10393, "34": 10742, "35": 10979, "36": 11226, "37": 11417, "38": 11608, "39": 11799, "40": 12102, "41": 12339, "42": 12642, "43": 12777, "44": 13024, "45": 13327, "46": 13620, "47": 13913, "48": 14104, "49": 14351, "50": 14542, "51": 13995, "52": 14980, "53": 15171, "54": 14568, "55": 14703}, "total_data_per_n": {"1": 2875984, "2": 3235482, "3": 4673474, "4": 5392470, "5": 5751968, "6": 6111466, "7": 7189960, "8": 8268454, "9": 9706446, "10": 11144438, "11": 12582430, "12": 12941928, "13": 13660924, "14": 16177410, "15": 17255904, "16": 17974900, "17": 17974900, "18": 20131888, "19": 20850884, "20": 22288876, "21": 22648374, "22": 23726868, "23": 24805362, "24": 25883856, "25": 26602852, "26": 27681346, "27": 28400342, "28": 30197832, "29": 31995322, "30": 34152310, "31": 35949800, "32": 37028294, "33": 38466286, "34": 39904278, "35": 40623274, "36": 41701768, "37": 42420764, "38": 43139760, "39": 43858756, "40": 45296748, "41": 46015744, "42": 47453736, "43": 47813234, "44": 48891728, "45": 50329720, "46": 51408214, "47": 52486708, "48": 53205704, "49": 54284198, "50": 55003194, "51": 50689218, "52": 56800684, "53": 57519680, "54": 52846206, "55": 53205704}}