{"train_loss": {"10": 2.110833249929297, "20": 1.9954827414214156, "30": 1.924098046226356, "40": 1.8427643575741135, "50": 1.829247797718485}, "test_loss": {"10": 2.1273785167270236, "20": 2.0348632865481906, "30": 1.9791513019137912, "40": 1.878518157535129, "50": 1.8649175696902804}, "test_acc": {"10": 21.555555555555557, "20": 28.22222222222222, "30": 27.133333333333333, "40": 33.922222222222224, "50": 31.677777777777777}, "validation_loss": {"10": 2.108577013015747, "20": 2.0016469955444336, "30": 1.9721599817276, "40": 1.8560141324996948, "50": 1.8246787786483765}, "validation_acc": {"10": 22.5, "20": 29.1, "30": 26.8, "40": 36.4, "50": 35.3}, "total_bytes": {"1": 2157725, "2": 2517358, "3": 3955745, "4": 5034624, "5": 5753857, "6": 5753936, "7": 7551923, "8": 8630756, "9": 8990435, "10": 9709622, "11": 8271347, "12": 10788442, "13": 11507629, "14": 12226816, "15": 12586449, "16": 14024836, "17": 14744023, "18": 14744102, "19": 15463381, "20": 16182614, "21": 16542247, "22": 17261480, "23": 17980713, "24": 17980792, "25": 19419133, "26": 20497920, "27": 20497999, "28": 20857632, "29": 21936373, "30": 23374668, "31": 24093855, "32": 24813088, "33": 25532275, "34": 26970570, "35": 28049403, "36": 29487698, "37": 31645193, "38": 33443088, "39": 34881429, "40": 37038832, "41": 38117573, "42": 40275022, "43": 42432425, "44": 44589874, "45": 46747277, "46": 47826064, "47": 49983513, "48": 51781408, "49": 52860149, "50": 53938936, "51": 55377277, "52": 57894234, "53": 58253867, "54": 58973054, "51": 46388243}, "total_meta": {"1": 737, "2": 872, "3": 1267, "4": 1652, "5": 1889, "6": 1968, "7": 2465, "8": 2804, "9": 2985, "10": 3176, "11": 2893, "12": 3502, "13": 3693, "14": 3884, "15": 4019, "16": 4414, "17": 4605, "18": 4684, "19": 4967, "20": 5204, "21": 5339, "22": 5576, "23": 5813, "24": 5892, "25": 6241, "26": 6534, "27": 6613, "28": 6748, "29": 6995, "30": 7298, "31": 7489, "32": 7726, "33": 7917, "34": 8220, "35": 8559, "36": 8862, "37": 9369, "38": 9774, "39": 10123, "40": 10538, "41": 10785, "42": 11246, "43": 11661, "44": 12122, "45": 12537, "46": 12830, "47": 13291, "48": 13696, "49": 13943, "50": 14236, "51": 14585, "52": 15056, "53": 15191, "54": 15382, "51": 13001}, "total_data_per_n": {"1": 2156988, "2": 2516486, "3": 3954478, "4": 5032972, "5": 5751968, "6": 5751968, "7": 7549458, "8": 8627952, "9": 8987450, "10": 9706446, "11": 8268454, "12": 10784940, "13": 11503936, "14": 12222932, "15": 12582430, "16": 14020422, "17": 14739418, "18": 14739418, "19": 15458414, "20": 16177410, "21": 16536908, "22": 17255904, "23": 17974900, "24": 17974900, "25": 19412892, "26": 20491386, "27": 20491386, "28": 20850884, "29": 21929378, "30": 23367370, "31": 24086366, "32": 24805362, "33": 25524358, "34": 26962350, "35": 28040844, "36": 29478836, "37": 31635824, "38": 33433314, "39": 34871306, "40": 37028294, "41": 38106788, "42": 40263776, "43": 42420764, "44": 44577752, "45": 46734740, "46": 47813234, "47": 49970222, "48": 51767712, "49": 52846206, "50": 53924700, "51": 55362692, "52": 57879178, "53": 58238676, "54": 58957672, "51": 46375242}}