{"train_loss": {"10": 2.2504127890099097, "20": 2.0354455263560056, "30": 1.9179969116021658, "40": 1.877869120990957, "50": 1.817317565888849}, "test_loss": {"10": 2.2638481193118625, "20": 2.047617038091024, "30": 1.9484011862013075, "40": 1.9227176242404513, "50": 1.8662819067637126}, "test_acc": {"10": 16.61111111111111, "20": 25.933333333333334, "30": 27.27777777777778, "40": 28.011111111111113, "50": 32.56666666666667}, "validation_loss": {"10": 2.2283103466033936, "20": 2.0446341037750244, "30": 1.9181658029556274, "40": 1.9043059349060059, "50": 1.830403447151184}, "validation_acc": {"10": 16.0, "20": 25.6, "30": 27.8, "40": 29.9, "50": 34.2}, "total_bytes": {"1": 1438525, "2": 3596112, "3": 5034499, "4": 5753732, "5": 7192165, "6": 7911444, "7": 8271123, "8": 8990402, "9": 9350081, "10": 10069314, "11": 9709839, "12": 10788626, "13": 11507813, "14": 11507892, "15": 12227125, "16": 12946312, "17": 14025191, "18": 14384824, "19": 14384903, "20": 15104182, "21": 16902077, "22": 17980818, "23": 19059605, "24": 20138346, "25": 21576687, "26": 22655428, "27": 23374615, "28": 23734248, "29": 24453435, "30": 25891730, "31": 27330117, "32": 28049304, "33": 28049383, "34": 29128216, "35": 29847403, "36": 30207036, "37": 31285823, "38": 31645502, "39": 32724243, "40": 33443430, "41": 35241325, "42": 35960512, "43": 38837069, "44": 40275410, "45": 40994597, "46": 41354230, "47": 43152125, "48": 44949974, "49": 45669161, "50": 46388348, "51": 47467135, "52": 48545876, "53": 49265063}, "total_meta": {"1": 533, "2": 1132, "3": 1527, "4": 1764, "5": 2205, "6": 2488, "7": 2669, "8": 2952, "9": 3133, "10": 3370, "11": 3393, "12": 3686, "13": 3877, "14": 3956, "15": 4193, "16": 4384, "17": 4769, "18": 4904, "19": 4983, "20": 5266, "21": 5671, "22": 5918, "23": 6211, "24": 6458, "25": 6807, "26": 7054, "27": 7245, "28": 7380, "29": 7571, "30": 7874, "31": 8269, "32": 8460, "33": 8539, "34": 8878, "35": 9069, "36": 9204, "37": 9497, "38": 9678, "39": 9925, "40": 10116, "41": 10521, "42": 10712, "43": 11285, "44": 11634, "45": 11825, "46": 11960, "47": 12365, "48": 12724, "49": 12915, "50": 13106, "51": 13399, "52": 13646, "53": 13837}, "total_data_per_n": {"1": 1437992, "2": 3594980, "3": 5032972, "4": 5751968, "5": 7189960, "6": 7908956, "7": 8268454, "8": 8987450, "9": 9346948, "10": 10065944, "11": 9706446, "12": 10784940, "13": 11503936, "14": 11503936, "15": 12222932, "16": 12941928, "17": 14020422, "18": 14379920, "19": 14379920, "20": 15098916, "21": 16896406, "22": 17974900, "23": 19053394, "24": 20131888, "25": 21569880, "26": 22648374, "27": 23367370, "28": 23726868, "29": 24445864, "30": 25883856, "31": 27321848, "32": 28040844, "33": 28040844, "34": 29119338, "35": 29838334, "36": 30197832, "37": 31276326, "38": 31635824, "39": 32714318, "40": 33433314, "41": 35230804, "42": 35949800, "43": 38825784, "44": 40263776, "45": 40982772, "46": 41342270, "47": 43139760, "48": 44937250, "49": 45656246, "50": 46375242, "51": 47453736, "52": 48532230, "53": 49251226}}