{"train_loss": {"10": 2.104195912375705, "20": 2.0054670990878387, "30": 1.912161834367359, "40": 1.8857238884190566, "50": 1.9963731001351626}, "test_loss": {"10": 2.115978585349189, "20": 2.0160016086366443, "30": 1.920496530003018, "40": 1.897151576148139, "50": 2.004329058859083}, "test_acc": {"10": 22.455555555555556, "20": 26.333333333333332, "30": 31.755555555555556, "40": 32.7, "50": 27.144444444444446}, "validation_loss": {"10": 2.097947597503662, "20": 1.9971706867218018, "30": 1.8907809257507324, "40": 1.8554255962371826, "50": 1.9653146266937256}, "validation_acc": {"10": 22.2, "20": 28.3, "30": 33.8, "40": 33.9, "50": 27.5}, "total_bytes": {"1": 125, "2": 359804, "3": 2157883, "4": 2877116, "5": 4315503, "6": 6113582, "7": 7911661, "8": 9350002, "9": 10788389, "10": 12586376, "11": 14024809, "12": 15822750, "13": 17261091, "14": 18339878, "15": 18699557, "16": 19059236, "17": 20857131, "18": 21576364, "19": 22655197, "20": 24093492, "21": 24453125, "22": 24812758, "23": 26610653, "24": 27689440, "25": 28049073, "26": 30206522, "27": 30566155, "28": 31644896, "29": 33083191, "30": 34881086, "31": 35959827, "32": 37038568, "33": 38836417, "34": 39915158, "35": 41353453, "36": 43151302, "37": 43870535, "38": 44589722, "39": 44949355, "40": 46028142, "41": 46387775, "42": 48185624, "43": 50343027, "44": 51781322, "45": 52500509, "46": 53219696, "47": 55736653, "48": 56815394, "49": 57175027, "50": 57175106, "51": 58253847, "53": 47467063, "54": 48186250, "52": 60051696}, "total_meta": {"1": 125, "2": 306, "3": 895, "4": 1132, "5": 1527, "6": 2116, "7": 2705, "8": 3054, "9": 3449, "10": 3946, "11": 4387, "12": 4838, "13": 5187, "14": 5480, "15": 5661, "16": 5842, "17": 6247, "18": 6484, "19": 6823, "20": 7126, "21": 7261, "22": 7396, "23": 7801, "24": 8094, "25": 8229, "26": 8690, "27": 8825, "28": 9072, "29": 9375, "30": 9780, "31": 10027, "32": 10274, "33": 10633, "34": 10880, "35": 11183, "36": 11542, "37": 11779, "38": 11970, "39": 12105, "40": 12398, "41": 12533, "42": 12892, "43": 13307, "44": 13610, "45": 13801, "46": 13992, "47": 14463, "48": 14710, "49": 14845, "50": 14924, "51": 15171, "53": 13327, "54": 13518, "52": 15530}, "total_data_per_n": {"1": 0, "2": 359498, "3": 2156988, "4": 2875984, "5": 4313976, "6": 6111466, "7": 7908956, "8": 9346948, "9": 10784940, "10": 12582430, "11": 14020422, "12": 15817912, "13": 17255904, "14": 18334398, "15": 18693896, "16": 19053394, "17": 20850884, "18": 21569880, "19": 22648374, "20": 24086366, "21": 24445864, "22": 24805362, "23": 26602852, "24": 27681346, "25": 28040844, "26": 30197832, "27": 30557330, "28": 31635824, "29": 33073816, "30": 34871306, "31": 35949800, "32": 37028294, "33": 38825784, "34": 39904278, "35": 41342270, "36": 43139760, "37": 43858756, "38": 44577752, "39": 44937250, "40": 46015744, "41": 46375242, "42": 48172732, "43": 50329720, "44": 51767712, "45": 52486708, "46": 53205704, "47": 55722190, "48": 56800684, "49": 57160182, "50": 57160182, "51": 58238676, "53": 47453736, "54": 48172732, "52": 60036166}}