{"train_loss": {"10": 2.1312906996894427, "20": 2.011475147636792, "30": 2.078654584993843, "40": 1.882362305663014, "50": 1.856149061035564}, "test_loss": {"10": 2.1346164544423423, "20": 2.0482782787746854, "30": 2.106605370839437, "40": 1.8996249702241685, "50": 1.8739040030373468}, "test_acc": {"10": 19.81111111111111, "20": 27.255555555555556, "30": 23.61111111111111, "40": 31.61111111111111, "50": 34.37777777777778}, "validation_loss": {"10": 2.120224952697754, "20": 2.0360841751098633, "30": 2.119812488555908, "40": 1.873171329498291, "50": 1.8552839756011963}, "validation_acc": {"10": 21.4, "20": 28.6, "30": 23.9, "40": 31.8, "50": 35.9}, "total_bytes": {"1": 1078925, "2": 1798204, "3": 3596191, "4": 3955824, "5": 4315503, "6": 6473136, "7": 8990231, "8": 10428572, "9": 11507313, "10": 12586100, "11": 14383995, "12": 15462736, "13": 16901169, "14": 17260848, "15": 17980081, "16": 18699268, "17": 19778009, "18": 20497288, "19": 21216521, "20": 21576200, "21": 22295387, "22": 24452836, "23": 25531623, "24": 27329472, "25": 28048659, "26": 28767892, "27": 29487125, "28": 30565912, "29": 32004207, "30": 33082994, "31": 35240443, "32": 35600122, "33": 35959755, "34": 36319434, "35": 37398175, "36": 37757808, "37": 38836549, "38": 39196182, "39": 40634477, "40": 41713218, "41": 43151513, "42": 44589808, "43": 44949441, "44": 45309074, "45": 46028261, "46": 48185664, "47": 49623959, "48": 51781408, "49": 52141041, "50": 53579336, "51": 56455893, "52": 57894188, "53": 58613375}, "total_meta": {"1": 431, "2": 714, "3": 1211, "4": 1346, "5": 1527, "6": 2172, "7": 2781, "8": 3130, "9": 3377, "10": 3670, "11": 4075, "12": 4322, "13": 4763, "14": 4944, "15": 5181, "16": 5372, "17": 5619, "18": 5902, "19": 6139, "20": 6320, "21": 6511, "22": 6972, "23": 7265, "24": 7624, "25": 7815, "26": 8052, "27": 8289, "28": 8582, "29": 8885, "30": 9178, "31": 9639, "32": 9820, "33": 9955, "34": 10136, "35": 10383, "36": 10518, "37": 10765, "38": 10900, "39": 11203, "40": 11450, "41": 11753, "42": 12056, "43": 12191, "44": 12326, "45": 12517, "46": 12932, "47": 13235, "48": 13696, "49": 13831, "50": 14134, "51": 14707, "52": 15010, "53": 15201}, "total_data_per_n": {"1": 1078494, "2": 1797490, "3": 3594980, "4": 3954478, "5": 4313976, "6": 6470964, "7": 8987450, "8": 10425442, "9": 11503936, "10": 12582430, "11": 14379920, "12": 15458414, "13": 16896406, "14": 17255904, "15": 17974900, "16": 18693896, "17": 19772390, "18": 20491386, "19": 21210382, "20": 21569880, "21": 22288876, "22": 24445864, "23": 25524358, "24": 27321848, "25": 28040844, "26": 28759840, "27": 29478836, "28": 30557330, "29": 31995322, "30": 33073816, "31": 35230804, "32": 35590302, "33": 35949800, "34": 36309298, "35": 37387792, "36": 37747290, "37": 38825784, "38": 39185282, "39": 40623274, "40": 41701768, "41": 43139760, "42": 44577752, "43": 44937250, "44": 45296748, "45": 46015744, "46": 48172732, "47": 49610724, "48": 51767712, "49": 52127210, "50": 53565202, "51": 56441186, "52": 57879178, "53": 58598174}}