{"train_loss": {"10": 2.141307497752532, "20": 2.183164597467612, "30": 1.964565729366914, "40": 1.9311255953694118, "50": 1.8935622431849706}, "test_loss": {"10": 2.1393952899509006, "20": 2.178367402818468, "30": 1.9462602933247883, "40": 1.9237411816914876, "50": 1.857520514064365}, "test_acc": {"10": 19.933333333333334, "20": 18.011111111111113, "30": 30.544444444444444, "40": 30.288888888888888, "50": 32.68888888888889}, "validation_loss": {"10": 2.11487078666687, "20": 2.159039258956909, "30": 1.9247022867202759, "40": 1.9173835515975952, "50": 1.8260538578033447}, "validation_acc": {"10": 20.4, "20": 18.8, "30": 32.2, "40": 28.5, "50": 32.7}, "total_bytes": {"1": 719325, "5": 5753949, "2": 1798112, "6": 6832782, "3": 2876899, "7": 7552015, "4": 4674886, "8": 8990356, "9": 9709589, "10": 10788376, "11": 12586363, "12": 13305642, "13": 13665275, "14": 16182324, "15": 16901511, "16": 17620698, "17": 19059039, "18": 20497380, "19": 21216567, "20": 21935754, "21": 23014541, "22": 23014620, "23": 24093407, "24": 25891302, "25": 26250935, "26": 28048784, "27": 28408417, "28": 29127650, "29": 29846837, "30": 30566024, "31": 30925657, "32": 32363952, "33": 32723585, "34": 34161926, "35": 35600267, "36": 38117224, "37": 39555519, "38": 39915152, "39": 40274831, "40": 40994018, "41": 44230175, "42": 44949362, "43": 45668595, "44": 46747336, "45": 48185723, "46": 49264464, "47": 49264543, "48": 49264622, "49": 50702917, "50": 51781658, "51": 53219999, "52": 62208698, "53": 62568331, "54": 64006672}, "total_meta": {"1": 329, "5": 1981, "2": 622, "6": 2320, "3": 915, "7": 2557, "4": 1412, "8": 2906, "9": 3143, "10": 3436, "11": 3933, "12": 4216, "13": 4351, "14": 4914, "15": 5105, "16": 5296, "17": 5645, "18": 5994, "19": 6185, "20": 6376, "21": 6669, "22": 6748, "23": 7041, "24": 7446, "25": 7581, "26": 7940, "27": 8075, "28": 8312, "29": 8503, "30": 8694, "31": 8829, "32": 9132, "33": 9267, "34": 9616, "35": 9965, "36": 10436, "37": 10739, "38": 10874, "39": 11055, "40": 11246, "41": 11921, "42": 12112, "43": 12349, "44": 12596, "45": 12991, "46": 13238, "47": 13317, "48": 13396, "49": 13699, "50": 13946, "51": 14295, "52": 15544, "53": 15679, "54": 16028}, "total_data_per_n": {"1": 718996, "5": 5751968, "2": 1797490, "6": 6830462, "3": 2875984, "7": 7549458, "4": 4673474, "8": 8987450, "9": 9706446, "10": 10784940, "11": 12582430, "12": 13301426, "13": 13660924, "14": 16177410, "15": 16896406, "16": 17615402, "17": 19053394, "18": 20491386, "19": 21210382, "20": 21929378, "21": 23007872, "22": 23007872, "23": 24086366, "24": 25883856, "25": 26243354, "26": 28040844, "27": 28400342, "28": 29119338, "29": 29838334, "30": 30557330, "31": 30916828, "32": 32354820, "33": 32714318, "34": 34152310, "35": 35590302, "36": 38106788, "37": 39544780, "38": 39904278, "39": 40263776, "40": 40982772, "41": 44218254, "42": 44937250, "43": 45656246, "44": 46734740, "45": 48172732, "46": 49251226, "47": 49251226, "48": 49251226, "49": 50689218, "50": 51767712, "51": 53205704, "52": 62193154, "53": 62552652, "54": 63990644}}