{"train_loss": {"10": 2.1180026076222194, "20": 2.117779456932126, "30": 1.9513967910795722, "40": 1.88588846548823, "50": 1.9629852080163155}, "test_loss": {"10": 2.1336648199293347, "20": 2.1076253255208335, "30": 1.97158948580424, "40": 1.9080510536829631, "50": 2.0113102197647095}, "test_acc": {"10": 21.77777777777778, "20": 20.7, "30": 27.322222222222223, "40": 30.8, "50": 27.133333333333333}, "validation_loss": {"10": 2.0940041542053223, "20": 2.10752010345459, "30": 1.923543930053711, "40": 1.8757463693618774, "50": 1.9366655349731445}, "validation_acc": {"10": 24.1, "20": 21.3, "30": 31.1, "40": 32.4, "50": 29.0}, "total_bytes": {"1": 359725, "2": 1079004, "3": 2157791, "4": 3236670, "5": 3955949, "6": 5394336, "7": 7192369, "8": 7552002, "9": 8271189, "10": 9709576, "11": 10788363, "12": 11147996, "13": 13665045, "14": 14024678, "15": 14743911, "16": 16541898, "17": 17620685, "18": 18339872, "19": 19059059, "20": 19059138, "21": 20137925, "22": 20857112, "23": 21935853, "24": 22655040, "25": 24093335, "26": 24093414, "27": 25531755, "28": 26250988, "29": 27689329, "30": 28408516, "31": 29487257, "32": 29487336, "33": 30566077, "34": 30566156, "35": 30925789, "36": 30925868, "37": 30925947, "38": 31645134, "39": 32364321, "40": 32724000, "41": 33802741, "42": 35600728, "43": 37758177, "44": 38836918, "45": 40275259, "46": 40994446, "47": 41713633, "48": 43151928, "49": 45668885, "50": 45668964, "51": 48186335, "52": 49624630, "53": 49984263, "54": 50343896}, "total_meta": {"1": 227, "2": 510, "3": 803, "4": 1188, "5": 1471, "6": 1866, "7": 2409, "8": 2544, "9": 2735, "10": 3130, "11": 3423, "12": 3558, "13": 4121, "14": 4256, "15": 4493, "16": 4990, "17": 5283, "18": 5474, "19": 5665, "20": 5744, "21": 6037, "22": 6228, "23": 6475, "24": 6666, "25": 6969, "26": 7048, "27": 7397, "28": 7634, "29": 7983, "30": 8174, "31": 8421, "32": 8500, "33": 8747, "34": 8826, "35": 8961, "36": 9040, "37": 9119, "38": 9310, "39": 9501, "40": 9682, "41": 9929, "42": 10426, "43": 10887, "44": 11134, "45": 11483, "46": 11674, "47": 11865, "48": 12168, "49": 12639, "50": 12718, "51": 13603, "52": 13906, "53": 14041, "54": 14176}, "total_data_per_n": {"1": 359498, "2": 1078494, "3": 2156988, "4": 3235482, "5": 3954478, "6": 5392470, "7": 7189960, "8": 7549458, "9": 8268454, "10": 9706446, "11": 10784940, "12": 11144438, "13": 13660924, "14": 14020422, "15": 14739418, "16": 16536908, "17": 17615402, "18": 18334398, "19": 19053394, "20": 19053394, "21": 20131888, "22": 20850884, "23": 21929378, "24": 22648374, "25": 24086366, "26": 24086366, "27": 25524358, "28": 26243354, "29": 27681346, "30": 28400342, "31": 29478836, "32": 29478836, "33": 30557330, "34": 30557330, "35": 30916828, "36": 30916828, "37": 30916828, "38": 31635824, "39": 32354820, "40": 32714318, "41": 33792812, "42": 35590302, "43": 37747290, "44": 38825784, "45": 40263776, "46": 40982772, "47": 41701768, "48": 43139760, "49": 45656246, "50": 45656246, "51": 48172732, "52": 49610724, "53": 49970222, "54": 50329720}}