{"train_loss": {"10": 2.1811421372508275, "20": 2.0050166808921874, "30": 1.9161098967981702, "40": 1.884993849819853, "50": 1.8105499089219188}, "test_loss": {"10": 2.2004641162024603, "20": 2.025599890285068, "30": 1.9321465492248535, "40": 1.8907274670071073, "50": 1.823688613043891}, "test_acc": {"10": 17.166666666666668, "20": 26.322222222222223, "30": 31.77777777777778, "40": 32.6, "50": 35.62222222222222}, "validation_loss": {"10": 2.18984317779541, "20": 1.9974534511566162, "30": 1.9203635454177856, "40": 1.8616652488708496, "50": 1.7886176109313965}, "validation_acc": {"10": 17.6, "20": 27.6, "30": 31.5, "40": 33.4, "50": 38.2}, "total_bytes": {"1": 719325, "2": 1798204, "3": 2877083, "4": 2877162, "5": 3236841, "6": 4315628, "7": 6473215, "8": 7192448, "9": 7911681, "10": 8630960, "11": 8990593, "12": 9709780, "13": 10069413, "14": 11867400, "15": 12946233, "16": 14384528, "17": 14384607, "18": 16542056, "19": 17620935, "20": 19059230, "21": 19778417, "22": 20857158, "23": 21935945, "24": 23014732, "25": 25172273, "26": 28048968, "27": 28768155, "28": 29846896, "29": 31285191, "30": 33802286, "31": 34881027, "32": 37038430, "33": 37038509, "34": 38836358, "35": 39915191, "36": 42072594, "37": 43151335, "38": 44230076, "39": 45668371, "40": 47466220, "41": 47825853, "42": 49264148, "43": 49983335, "44": 51421630, "45": 52500371, "46": 53579112, "47": 53938745, "48": 54657932, "49": 55017565, "50": 56455860, "51": 56815493, "52": 57894234, "53": 59692083, "52": 62928220}, "total_meta": {"1": 329, "2": 714, "3": 1099, "4": 1178, "5": 1359, "6": 1652, "7": 2251, "8": 2488, "9": 2725, "10": 3008, "11": 3143, "12": 3334, "13": 3469, "14": 3966, "15": 4305, "16": 4608, "17": 4687, "18": 5148, "19": 5533, "20": 5836, "21": 6027, "22": 6274, "23": 6567, "24": 6860, "25": 7413, "26": 8124, "27": 8315, "28": 8562, "29": 8865, "30": 9474, "31": 9721, "32": 10136, "33": 10215, "34": 10574, "35": 10913, "36": 11328, "37": 11575, "38": 11822, "39": 12125, "40": 12484, "41": 12619, "42": 12922, "43": 13113, "44": 13416, "45": 13663, "46": 13910, "47": 14045, "48": 14236, "49": 14371, "50": 14674, "51": 14809, "52": 15056, "53": 15415, "52": 16070}, "total_data_per_n": {"1": 718996, "2": 1797490, "3": 2875984, "4": 2875984, "5": 3235482, "6": 4313976, "7": 6470964, "8": 7189960, "9": 7908956, "10": 8627952, "11": 8987450, "12": 9706446, "13": 10065944, "14": 11863434, "15": 12941928, "16": 14379920, "17": 14379920, "18": 16536908, "19": 17615402, "20": 19053394, "21": 19772390, "22": 20850884, "23": 21929378, "24": 23007872, "25": 25164860, "26": 28040844, "27": 28759840, "28": 29838334, "29": 31276326, "30": 33792812, "31": 34871306, "32": 37028294, "33": 37028294, "34": 38825784, "35": 39904278, "36": 42061266, "37": 43139760, "38": 44218254, "39": 45656246, "40": 47453736, "41": 47813234, "42": 49251226, "43": 49970222, "44": 51408214, "45": 52486708, "46": 53565202, "47": 53924700, "48": 54643696, "49": 55003194, "50": 56441186, "51": 56800684, "52": 57879178, "53": 59676668, "52": 62912150}}