{"train_loss": {"10": 2.241778451067801, "20": 2.21797529067702, "30": 1.9796100854873657, "40": 1.914128174308602, "50": 1.8623765434017618}, "test_loss": {"10": 2.25842465294732, "20": 2.2459368175930448, "30": 1.979151275422838, "40": 1.9075728389951918, "50": 1.8750535779529147}, "test_acc": {"10": 17.266666666666666, "20": 17.666666666666668, "30": 27.133333333333333, "40": 30.233333333333334, "50": 33.56666666666667}, "validation_loss": {"10": 2.2440531253814697, "20": 2.220742702484131, "30": 1.9721599817276, "40": 1.8708285093307495, "50": 1.872267484664917}, "validation_acc": {"10": 18.4, "20": 18.8, "30": 26.8, "40": 33.8, "50": 32.6}, "total_bytes": {"1": 1438525, "2": 2517358, "3": 3236637, "4": 5394178, "5": 6472965, "6": 8270906, "7": 10428493, "8": 11147726, "9": 12586067, "10": 12945700, "11": 13305333, "12": 14024566, "13": 15103399, "14": 15463032, "15": 17980265, "16": 18339898, "17": 19778193, "18": 20137826, "19": 20497459, "20": 20497538, "21": 21216771, "22": 22295558, "23": 23733899, "24": 24093532, "25": 24812719, "26": 25531952, "27": 26251139, "28": 27689434, "29": 29846883, "30": 31285224, "31": 32363965, "32": 32723598, "33": 33442785, "34": 33802464, "35": 34881205, "36": 34881284, "37": 36679133, "38": 37038766, "39": 37757953, "40": 38836694, "41": 39915573, "42": 40634760, "43": 42073055, "44": 43870904, "45": 44230537, "46": 45668832, "47": 46028465, "48": 46388098, "49": 47107285, "50": 48186026, "51": 52860537, "52": 53579724, "53": 53939357}, "total_meta": {"1": 533, "2": 872, "3": 1155, "4": 1708, "5": 2001, "6": 2452, "7": 3051, "8": 3288, "9": 3637, "10": 3772, "11": 3907, "12": 4144, "13": 4483, "14": 4618, "15": 5365, "16": 5500, "17": 5803, "18": 5938, "19": 6073, "20": 6152, "21": 6389, "22": 6682, "23": 7031, "24": 7166, "25": 7357, "26": 7594, "27": 7785, "28": 8088, "29": 8549, "30": 8898, "31": 9145, "32": 9280, "33": 9471, "34": 9652, "35": 9899, "36": 9978, "37": 10337, "38": 10472, "39": 10663, "40": 10910, "41": 11295, "42": 11486, "43": 11789, "44": 12148, "45": 12283, "46": 12586, "47": 12721, "48": 12856, "49": 13047, "50": 13294, "51": 14331, "52": 14522, "53": 14657}, "total_data_per_n": {"1": 1437992, "2": 2516486, "3": 3235482, "4": 5392470, "5": 6470964, "6": 8268454, "7": 10425442, "8": 11144438, "9": 12582430, "10": 12941928, "11": 13301426, "12": 14020422, "13": 15098916, "14": 15458414, "15": 17974900, "16": 18334398, "17": 19772390, "18": 20131888, "19": 20491386, "20": 20491386, "21": 21210382, "22": 22288876, "23": 23726868, "24": 24086366, "25": 24805362, "26": 25524358, "27": 26243354, "28": 27681346, "29": 29838334, "30": 31276326, "31": 32354820, "32": 32714318, "33": 33433314, "34": 33792812, "35": 34871306, "36": 34871306, "37": 36668796, "38": 37028294, "39": 37747290, "40": 38825784, "41": 39904278, "42": 40623274, "43": 42061266, "44": 43858756, "45": 44218254, "46": 45656246, "47": 46015744, "48": 46375242, "49": 47094238, "50": 48172732, "51": 52846206, "52": 53565202, "53": 53924700}}