{"train_loss": {"10": 2.1656159625124576, "20": 2.1110391732472094, "30": 2.0398928104941523, "40": 1.8937846039658162, "50": 1.866658870853595}, "test_loss": {"10": 2.175110446082221, "20": 2.0882487297058105, "30": 2.0491163200802274, "40": 1.9049779971440632, "50": 1.8881598711013794}, "test_acc": {"10": 18.81111111111111, "20": 21.788888888888888, "30": 22.333333333333332, "40": 31.377777777777776, "50": 30.933333333333334}, "validation_loss": {"10": 2.151264190673828, "20": 2.0947670936584473, "30": 2.0405187606811523, "40": 1.8876477479934692, "50": 1.8542109727859497}, "validation_acc": {"10": 17.9, "20": 19.5, "30": 23.1, "40": 33.5, "50": 33.1}, "total_bytes": {"1": 1798125, "2": 2157804, "3": 2877083, "4": 3955962, "5": 4315641, "6": 6113674, "7": 6473307, "8": 8271248, "9": 8990481, "10": 10069268, "11": 11507747, "12": 12226980, "13": 13305767, "14": 14024954, "15": 16182541, "16": 17620836, "17": 17980469, "18": 19778318, "19": 20857105, "20": 21216784, "21": 22655125, "22": 23374358, "23": 24093591, "24": 24812778, "25": 25531965, "26": 26251152, "27": 26970385, "28": 28049172, "29": 29487559, "30": 29487638, "31": 30925933, "32": 31285566, "33": 32004753, "34": 33083494, "35": 33802727, "36": 34881468, "37": 36679363, "38": 38117658, "39": 38836845, "40": 40275140, "41": 40634819, "42": 42792268, "43": 43871009, "44": 44949750, "45": 45668937, "46": 46747678, "47": 48185973, "48": 49264714, "49": 50703009, "50": 51422196, "51": 52141383, "52": 52501016, "53": 53579757, "52": 62209066}, "total_meta": {"1": 635, "2": 816, "3": 1099, "4": 1484, "5": 1665, "6": 2208, "7": 2343, "8": 2794, "9": 3031, "10": 3324, "11": 3811, "12": 4048, "13": 4341, "14": 4532, "15": 5131, "16": 5434, "17": 5569, "18": 5928, "19": 6221, "20": 6402, "21": 6751, "22": 6988, "23": 7225, "24": 7416, "25": 7607, "26": 7798, "27": 8035, "28": 8328, "29": 8723, "30": 8802, "31": 9105, "32": 9240, "33": 9431, "34": 9678, "35": 9915, "36": 10162, "37": 10567, "38": 10870, "39": 11061, "40": 11364, "41": 11545, "42": 12006, "43": 12253, "44": 12500, "45": 12691, "46": 12938, "47": 13241, "48": 13488, "49": 13791, "50": 13982, "51": 14173, "52": 14308, "53": 14555, "52": 15912}, "total_data_per_n": {"1": 1797490, "2": 2156988, "3": 2875984, "4": 3954478, "5": 4313976, "6": 6111466, "7": 6470964, "8": 8268454, "9": 8987450, "10": 10065944, "11": 11503936, "12": 12222932, "13": 13301426, "14": 14020422, "15": 16177410, "16": 17615402, "17": 17974900, "18": 19772390, "19": 20850884, "20": 21210382, "21": 22648374, "22": 23367370, "23": 24086366, "24": 24805362, "25": 25524358, "26": 26243354, "27": 26962350, "28": 28040844, "29": 29478836, "30": 29478836, "31": 30916828, "32": 31276326, "33": 31995322, "34": 33073816, "35": 33792812, "36": 34871306, "37": 36668796, "38": 38106788, "39": 38825784, "40": 40263776, "41": 40623274, "42": 42780262, "43": 43858756, "44": 44937250, "45": 45656246, "46": 46734740, "47": 48172732, "48": 49251226, "49": 50689218, "50": 51408214, "51": 52127210, "52": 52486708, "53": 53565202, "52": 62193154}}