{"train_loss": {"10": 2.180734088402668, "20": 2.045134453373101, "30": 1.9630550860448648, "40": 1.9206483409604953, "50": 2.001325032183232}, "test_loss": {"10": 2.1674496862623425, "20": 2.05287856525845, "30": 1.986319210794237, "40": 1.92608822716607, "50": 2.0388139883677163}, "test_acc": {"10": 17.155555555555555, "20": 25.1, "30": 28.988888888888887, "40": 30.38888888888889, "50": 24.833333333333332}, "validation_loss": {"10": 2.1262238025665283, "20": 2.046231508255005, "30": 1.9755454063415527, "40": 1.9110174179077148, "50": 1.9605588912963867}, "validation_acc": {"10": 19.6, "20": 25.3, "30": 28.7, "40": 32.9, "50": 26.2}, "total_bytes": {"1": 359725, "2": 2157804, "3": 2517483, "4": 3236762, "5": 4675103, "6": 6473044, "7": 7911385, "8": 9349864, "9": 10069097, "10": 11147884, "11": 11867117, "12": 13305412, "13": 14024599, "14": 15822494, "15": 17979989, "16": 20497038, "17": 21935379, "18": 22654566, "19": 23014199, "20": 23733386, "21": 24093065, "22": 25171852, "23": 25891039, "24": 27329426, "25": 28408213, "26": 29127446, "27": 30206233, "28": 31644528, "29": 33082869, "30": 33802102, "31": 34880843, "32": 35240522, "33": 35600201, "34": 37398096, "35": 38476883, "36": 39555624, "37": 40274811, "38": 40634444, "39": 41353677, "40": 42432418, "46": 38117784, "47": 38117863, "48": 38477496, "49": 38837129, "50": 38837208, "51": 38837287}, "total_meta": {"1": 227, "2": 816, "3": 997, "4": 1280, "5": 1629, "6": 2080, "7": 2429, "8": 2916, "9": 3153, "10": 3446, "11": 3683, "12": 3986, "13": 4177, "14": 4582, "15": 5089, "16": 5652, "17": 6001, "18": 6192, "19": 6327, "20": 6518, "21": 6699, "22": 6992, "23": 7183, "24": 7578, "25": 7871, "26": 8108, "27": 8401, "28": 8704, "29": 9053, "30": 9290, "31": 9537, "32": 9718, "33": 9899, "34": 10304, "35": 10597, "36": 10844, "37": 11035, "38": 11170, "39": 11407, "40": 11654, "46": 10996, "47": 11075, "48": 11210, "49": 11345, "50": 11424, "51": 11503}, "total_data_per_n": {"1": 359498, "2": 2156988, "3": 2516486, "4": 3235482, "5": 4673474, "6": 6470964, "7": 7908956, "8": 9346948, "9": 10065944, "10": 11144438, "11": 11863434, "12": 13301426, "13": 14020422, "14": 15817912, "15": 17974900, "16": 20491386, "17": 21929378, "18": 22648374, "19": 23007872, "20": 23726868, "21": 24086366, "22": 25164860, "23": 25883856, "24": 27321848, "25": 28400342, "26": 29119338, "27": 30197832, "28": 31635824, "29": 33073816, "30": 33792812, "31": 34871306, "32": 35230804, "33": 35590302, "34": 37387792, "35": 38466286, "36": 39544780, "37": 40263776, "38": 40623274, "39": 41342270, "40": 42420764, "46": 38106788, "47": 38106788, "48": 38466286, "49": 38825784, "50": 38825784, "51": 38825784}}