{"train_loss": {"10": 2.104723531781262, "20": 1.9811331425004333, "30": 1.9878952867202175, "40": 1.8699284682747062, "50": 1.888734137738934}, "test_loss": {"10": 2.1057425604926214, "20": 2.007482926050822, "30": 2.032542175716824, "40": 1.9080510536829631, "50": 1.8918701145384047}, "test_acc": {"10": 24.533333333333335, "20": 25.68888888888889, "30": 26.488888888888887, "40": 30.8, "50": 28.11111111111111}, "validation_loss": {"10": 2.0803182125091553, "20": 1.9959207773208618, "30": 2.0066919326782227, "40": 1.8757463693618774, "50": 1.8817261457443237}, "validation_acc": {"10": 26.0, "20": 25.5, "30": 26.8, "40": 32.4, "50": 27.5}, "total_bytes": {"1": 719325, "2": 2876958, "3": 3236637, "4": 3955870, "5": 4315503, "6": 4675136, "7": 5753969, "8": 7192356, "9": 8630697, "10": 10069038, "11": 11147825, "12": 12945674, "13": 13305353, "14": 11867216, "15": 11867295, "16": 12226974, "17": 13665361, "18": 15463348, "19": 15463427, "20": 16542260, "21": 17980647, "22": 18340326, "23": 20138221, "24": 20497900, "25": 21576687, "26": 22655566, "27": 25172615, "28": 25891802, "29": 26610989, "30": 26611068, "31": 28049409, "32": 28409088, "33": 29128275, "34": 29128354, "35": 29847541, "36": 31285882, "37": 32364623, "38": 34162518, "39": 34881705, "40": 35241384, "41": 36320171, "42": 36679804, "43": 37039437, "44": 37399070, "45": 37758703, "46": 38118336, "47": 39556631, "48": 40275818, "49": 41354559, "50": 41714192, "51": 49624275, "52": 42793058, "53": 44231353}, "total_meta": {"1": 329, "2": 974, "3": 1155, "4": 1392, "5": 1527, "6": 1662, "7": 2001, "8": 2396, "9": 2745, "10": 3094, "11": 3387, "12": 3746, "13": 3927, "14": 3782, "15": 3861, "16": 4042, "17": 4437, "18": 4934, "19": 5013, "20": 5352, "21": 5747, "22": 5928, "23": 6333, "24": 6514, "25": 6807, "26": 7192, "27": 7755, "28": 7946, "29": 8137, "30": 8216, "31": 8565, "32": 8746, "33": 8937, "34": 9016, "35": 9207, "36": 9556, "37": 9803, "38": 10208, "39": 10399, "40": 10580, "41": 10873, "42": 11008, "43": 11143, "44": 11278, "45": 11413, "46": 11548, "47": 11851, "48": 12042, "49": 12289, "50": 12424, "51": 13551, "52": 12796, "53": 13099}, "total_data_per_n": {"1": 718996, "2": 2875984, "3": 3235482, "4": 3954478, "5": 4313976, "6": 4673474, "7": 5751968, "8": 7189960, "9": 8627952, "10": 10065944, "11": 11144438, "12": 12941928, "13": 13301426, "14": 11863434, "15": 11863434, "16": 12222932, "17": 13660924, "18": 15458414, "19": 15458414, "20": 16536908, "21": 17974900, "22": 18334398, "23": 20131888, "24": 20491386, "25": 21569880, "26": 22648374, "27": 25164860, "28": 25883856, "29": 26602852, "30": 26602852, "31": 28040844, "32": 28400342, "33": 29119338, "34": 29119338, "35": 29838334, "36": 31276326, "37": 32354820, "38": 34152310, "39": 34871306, "40": 35230804, "41": 36309298, "42": 36668796, "43": 37028294, "44": 37387792, "45": 37747290, "46": 38106788, "47": 39544780, "48": 40263776, "49": 41342270, "50": 41701768, "51": 49610724, "52": 42780262, "53": 44218254}}