{"train_loss": {"10": 2.1247849596365715, "20": 2.03893187391849, "30": 2.161742731815076, "40": 2.0656888666953748, "50": 1.8568157549122817}, "test_loss": {"10": 2.134507497151693, "20": 2.0528785122765436, "30": 2.184242990281847, "40": 2.0790628592173257, "50": 1.8711411025789049}, "test_acc": {"10": 19.77777777777778, "20": 25.1, "30": 16.766666666666666, "40": 23.455555555555556, "50": 32.98888888888889}, "validation_loss": {"10": 2.1229465007781982, "20": 2.046231508255005, "30": 2.1209352016448975, "40": 2.0452613830566406, "50": 1.8242515325546265}, "validation_acc": {"10": 19.9, "20": 25.3, "30": 19.8, "40": 22.8, "50": 35.3}, "total_bytes": {"1": 2157725, "2": 3596158, "3": 4315345, "4": 5753778, "5": 6472965, "6": 8270860, "7": 8990139, "8": 10068880, "9": 11507221, "10": 12945608, "11": 14024395, "12": 14384028, "13": 15822369, "14": 16541556, "15": 16901189, "16": 17260822, "17": 18699255, "18": 20497150, "19": 21216337, "20": 21935524, "21": 22654711, "22": 24093052, "23": 25171793, "24": 26610088, "25": 27688875, "26": 28408062, "27": 29127249, "28": 30205990, "29": 30206069, "30": 30565702, "31": 30925335, "32": 32723276, "33": 33802063, "34": 35240404, "35": 36319145, "36": 37038332, "37": 37757519, "38": 39555460, "39": 39915093, "40": 39915172, "41": 40994005, "42": 42432346, "43": 44589795, "44": 44949428, "45": 44949507, "46": 44949586, "47": 44949665, "48": 46028452, "49": 47107193, "50": 47826380, "51": 53219585, "52": 54298326, "53": 55017513}, "total_meta": {"1": 737, "2": 1178, "3": 1369, "4": 1810, "5": 2001, "6": 2406, "7": 2689, "8": 2936, "9": 3285, "10": 3680, "11": 3973, "12": 4108, "13": 4457, "14": 4648, "15": 4783, "16": 4918, "17": 5359, "18": 5764, "19": 5955, "20": 6146, "21": 6337, "22": 6686, "23": 6933, "24": 7236, "25": 7529, "26": 7720, "27": 7911, "28": 8158, "29": 8237, "30": 8372, "31": 8507, "32": 8958, "33": 9251, "34": 9600, "35": 9847, "36": 10038, "37": 10229, "38": 10680, "39": 10815, "40": 10894, "41": 11233, "42": 11582, "43": 12043, "44": 12178, "45": 12257, "46": 12336, "47": 12415, "48": 12708, "49": 12955, "50": 13146, "51": 13881, "52": 14128, "53": 14319}, "total_data_per_n": {"1": 2156988, "2": 3594980, "3": 4313976, "4": 5751968, "5": 6470964, "6": 8268454, "7": 8987450, "8": 10065944, "9": 11503936, "10": 12941928, "11": 14020422, "12": 14379920, "13": 15817912, "14": 16536908, "15": 16896406, "16": 17255904, "17": 18693896, "18": 20491386, "19": 21210382, "20": 21929378, "21": 22648374, "22": 24086366, "23": 25164860, "24": 26602852, "25": 27681346, "26": 28400342, "27": 29119338, "28": 30197832, "29": 30197832, "30": 30557330, "31": 30916828, "32": 32714318, "33": 33792812, "34": 35230804, "35": 36309298, "36": 37028294, "37": 37747290, "38": 39544780, "39": 39904278, "40": 39904278, "41": 40982772, "42": 42420764, "43": 44577752, "44": 44937250, "45": 44937250, "46": 44937250, "47": 44937250, "48": 46015744, "49": 47094238, "50": 47813234, "51": 53205704, "52": 54284198, "53": 55003194}}