{"train_loss": {"10": 2.129729304604858, "20": 2.036290237921795, "30": 1.9314283860548762, "40": 1.8809810203450326, "50": 1.8520394290676554}, "test_loss": {"10": 2.1303307480282254, "20": 2.0465324189927845, "30": 1.947216682963901, "40": 1.9090698030259874, "50": 1.8600917392306857}, "test_acc": {"10": 19.91111111111111, "20": 24.633333333333333, "30": 29.177777777777777, "40": 31.655555555555555, "50": 33.53333333333333}, "validation_loss": {"10": 2.120180130004883, "20": 2.0479886531829834, "30": 1.933563470840454, "40": 1.8802423477172852, "50": 1.8355638980865479}, "validation_acc": {"10": 20.1, "20": 25.5, "30": 30.0, "40": 33.9, "50": 34.5}, "total_bytes": {"1": 1078925, "2": 1798158, "3": 3236591, "4": 3955824, "5": 4315503, "6": 4675182, "7": 5034861, "8": 6473294, "9": 6832927, "10": 8271406, "11": 9350193, "12": 10429026, "13": 11507767, "14": 11867400, "15": 11867479, "16": 11867558, "17": 12227237, "18": 12227316, "19": 12586995, "20": 14025382, "21": 14744569, "22": 14744648, "23": 16542589, "24": 16902268, "25": 17621501, "26": 17621580, "27": 19059921, "28": 19060000, "29": 20498387, "30": 21577174, "31": 23375069, "32": 25532472, "33": 26611259, "34": 26970892, "35": 28409187, "36": 29128374, "37": 30207115, "38": 30566748, "39": 30926381, "40": 31645568, "47": 38477785, "48": 39196972, "49": 39556605, "41": 32724309, "42": 33083942, "43": 33443575, "44": 34881916, "45": 36320257, "46": 37758598, "50": 39916238, "51": 61130187, "52": 61849374, "53": 62209007}, "total_meta": {"1": 431, "2": 668, "3": 1109, "4": 1346, "5": 1527, "6": 1708, "7": 1889, "8": 2330, "9": 2465, "10": 2952, "11": 3245, "12": 3584, "13": 3831, "14": 3966, "15": 4045, "16": 4124, "17": 4305, "18": 4384, "19": 4565, "20": 4960, "21": 5151, "22": 5230, "23": 5681, "24": 5862, "25": 6099, "26": 6178, "27": 6527, "28": 6606, "29": 7001, "30": 7294, "31": 7699, "32": 8114, "33": 8407, "34": 8542, "35": 8845, "36": 9036, "37": 9283, "38": 9418, "39": 9553, "40": 9744, "47": 11499, "48": 11690, "49": 11825, "41": 9991, "42": 10126, "43": 10261, "44": 10610, "45": 10959, "46": 11308, "50": 11960, "51": 15527, "52": 15718, "53": 15853}, "total_data_per_n": {"1": 1078494, "2": 1797490, "3": 3235482, "4": 3954478, "5": 4313976, "6": 4673474, "7": 5032972, "8": 6470964, "9": 6830462, "10": 8268454, "11": 9346948, "12": 10425442, "13": 11503936, "14": 11863434, "15": 11863434, "16": 11863434, "17": 12222932, "18": 12222932, "19": 12582430, "20": 14020422, "21": 14739418, "22": 14739418, "23": 16536908, "24": 16896406, "25": 17615402, "26": 17615402, "27": 19053394, "28": 19053394, "29": 20491386, "30": 21569880, "31": 23367370, "32": 25524358, "33": 26602852, "34": 26962350, "35": 28400342, "36": 29119338, "37": 30197832, "38": 30557330, "39": 30916828, "40": 31635824, "47": 38466286, "48": 39185282, "49": 39544780, "41": 32714318, "42": 33073816, "43": 33433314, "44": 34871306, "45": 36309298, "46": 37747290, "50": 39904278, "51": 61114660, "52": 61833656, "53": 62193154}}