{"train_loss": {"10": 2.2113912260259383, "20": 2.1712676268497497, "30": 1.9726316473866237, "40": 1.9474909041674082, "50": 1.9404181160089624}, "test_loss": {"10": 2.1810142729017468, "20": 2.138954136106703, "30": 1.9425198369556003, "40": 1.9078174829483032, "50": 1.92336016231113}, "test_acc": {"10": 14.71111111111111, "20": 21.92222222222222, "30": 28.377777777777776, "40": 32.28888888888889, "50": 29.68888888888889}, "validation_loss": {"10": 2.1595938205718994, "20": 2.123290538787842, "30": 1.92241370677948, "40": 1.8684455156326294, "50": 1.8974578380584717}, "validation_acc": {"10": 15.1, "20": 20.1, "30": 30.4, "40": 33.8, "50": 31.4}, "total_bytes": {"1": 125, "2": 204, "3": 283, "4": 719562, "5": 1438841, "6": 3236920, "7": 3956199, "8": 5394586, "9": 5754219, "10": 6473452, "11": 7552285, "12": 7911918, "13": 8990659, "14": 9350292, "15": 9709925, "16": 10429112, "17": 12227099, "18": 13305886, "19": 14025119, "20": 14384752, "21": 15103939, "22": 15823126, "23": 16542405, "24": 16902038, "25": 17621225, "26": 18340412, "27": 19059691, "28": 19059770, "29": 20857619, "30": 21936360, "31": 22655593, "32": 23015272, "33": 23374905, "34": 24813246, "35": 25172879, "36": 26970728, "37": 27689915, "38": 27689994, "39": 28409181, "40": 28768814, "41": 29847647, "42": 30566834, "43": 30926513, "44": 32005300, "45": 34162749, "46": 35241536, "47": 37398939, "48": 38477680, "49": 39556421, "50": 40275608, "51": 40275687, "52": 45309890, "53": 45309969, "54": 45669602}, "total_meta": {"1": 125, "2": 204, "3": 283, "4": 566, "5": 849, "6": 1438, "7": 1721, "8": 2116, "9": 2251, "10": 2488, "11": 2827, "12": 2962, "13": 3209, "14": 3344, "15": 3479, "16": 3670, "17": 4167, "18": 4460, "19": 4697, "20": 4832, "21": 5023, "22": 5214, "23": 5497, "24": 5632, "25": 5823, "26": 6014, "27": 6297, "28": 6376, "29": 6735, "30": 6982, "31": 7219, "32": 7400, "33": 7535, "34": 7884, "35": 8019, "36": 8378, "37": 8569, "38": 8648, "39": 8839, "40": 8974, "41": 9313, "42": 9504, "43": 9685, "44": 9978, "45": 10439, "46": 10732, "47": 11147, "48": 11394, "49": 11641, "50": 11832, "51": 11911, "52": 13142, "53": 13221, "54": 13356}, "total_data_per_n": {"1": 0, "2": 0, "3": 0, "4": 718996, "5": 1437992, "6": 3235482, "7": 3954478, "8": 5392470, "9": 5751968, "10": 6470964, "11": 7549458, "12": 7908956, "13": 8987450, "14": 9346948, "15": 9706446, "16": 10425442, "17": 12222932, "18": 13301426, "19": 14020422, "20": 14379920, "21": 15098916, "22": 15817912, "23": 16536908, "24": 16896406, "25": 17615402, "26": 18334398, "27": 19053394, "28": 19053394, "29": 20850884, "30": 21929378, "31": 22648374, "32": 23007872, "33": 23367370, "34": 24805362, "35": 25164860, "36": 26962350, "37": 27681346, "38": 27681346, "39": 28400342, "40": 28759840, "41": 29838334, "42": 30557330, "43": 30916828, "44": 31995322, "45": 34152310, "46": 35230804, "47": 37387792, "48": 38466286, "49": 39544780, "50": 40263776, "51": 40263776, "52": 45296748, "53": 45296748, "54": 45656246}}