{"train_loss": {"10": 2.1643337302535546, "20": 2.0714773585778157, "30": 2.123022241446808, "40": 1.883467210158137, "50": 1.8328831614428804}, "test_loss": {"10": 2.1973736021253796, "20": 2.0781160990397134, "30": 2.144953038957384, "40": 1.891765620973375, "50": 1.8345183001624212}, "test_acc": {"10": 20.255555555555556, "20": 22.966666666666665, "30": 22.766666666666666, "40": 31.655555555555555, "50": 34.84444444444444}, "validation_loss": {"10": 2.1436541080474854, "20": 2.0340824127197266, "30": 2.168315887451172, "40": 1.861509919166565, "50": 1.8102595806121826}, "validation_acc": {"10": 22.5, "20": 24.0, "30": 22.4, "40": 33.7, "50": 34.3}, "total_bytes": {"1": 1078925, "2": 1798204, "3": 2517437, "4": 2517516, "5": 3236795, "6": 5034736, "7": 6473169, "8": 8271064, "9": 9709359, "10": 10428592, "11": 11866933, "12": 12226566, "13": 12586199, "14": 13664986, "15": 14743819, "16": 15463052, "17": 15822731, "18": 16182364, "19": 16542043, "20": 16901676, "21": 17620909, "22": 17980542, "23": 18340175, "24": 18699808, "25": 19059487, "26": 20138228, "27": 21217061, "28": 22655448, "29": 23374635, "30": 23374714, "31": 23374793, "32": 25532334, "33": 26970675, "34": 28049462, "35": 28409141, "36": 29487882, "37": 30926177, "38": 32004918, "39": 32724105, "40": 34162446, "41": 34522125, "42": 35600912, "43": 37039253, "44": 37398886, "45": 38477627, "46": 39915968, "47": 41713817, "48": 42792558, "49": 43152191, "50": 44230932, "51": 51781783, "52": 46388460, "53": 47467201, "54": 57534884}, "total_meta": {"1": 431, "2": 714, "3": 951, "4": 1030, "5": 1313, "6": 1764, "7": 2205, "8": 2610, "9": 2913, "10": 3150, "11": 3499, "12": 3634, "13": 3769, "14": 4062, "15": 4401, "16": 4638, "17": 4819, "18": 4954, "19": 5135, "20": 5270, "21": 5507, "22": 5642, "23": 5777, "24": 5912, "25": 6093, "26": 6340, "27": 6679, "28": 7074, "29": 7265, "30": 7344, "31": 7423, "32": 7976, "33": 8325, "34": 8618, "35": 8799, "36": 9046, "37": 9349, "38": 9596, "39": 9787, "40": 10136, "41": 10317, "42": 10610, "43": 10959, "44": 11094, "45": 11341, "46": 11690, "47": 12049, "48": 12296, "49": 12431, "50": 12678, "51": 14071, "52": 13218, "53": 13465, "54": 15204}, "total_data_per_n": {"1": 1078494, "2": 1797490, "3": 2516486, "4": 2516486, "5": 3235482, "6": 5032972, "7": 6470964, "8": 8268454, "9": 9706446, "10": 10425442, "11": 11863434, "12": 12222932, "13": 12582430, "14": 13660924, "15": 14739418, "16": 15458414, "17": 15817912, "18": 16177410, "19": 16536908, "20": 16896406, "21": 17615402, "22": 17974900, "23": 18334398, "24": 18693896, "25": 19053394, "26": 20131888, "27": 21210382, "28": 22648374, "29": 23367370, "30": 23367370, "31": 23367370, "32": 25524358, "33": 26962350, "34": 28040844, "35": 28400342, "36": 29478836, "37": 30916828, "38": 31995322, "39": 32714318, "40": 34152310, "41": 34511808, "42": 35590302, "43": 37028294, "44": 37387792, "45": 38466286, "46": 39904278, "47": 41701768, "48": 42780262, "49": 43139760, "50": 44218254, "51": 51767712, "52": 46375242, "53": 47453736, "54": 57519680}}