{"train_loss": {"20": 2.1003730338274176, "40": 1.948735577817613, "60": 2.003341617144916, "80": 1.85877107841726}, "test_loss": {"20": 2.1224933200412326, "40": 1.9635434680514865, "60": 2.028991142908732, "80": 1.9117767810821533}, "test_acc": {"20": 22.72222222222222, "40": 27.955555555555556, "60": 26.3, "80": 31.044444444444444}, "validation_loss": {"20": 2.1202995777130127, "40": 1.9554084539413452, "60": 1.9531311988830566, "80": 1.8603761196136475}, "validation_acc": {"20": 23.4, "40": 27.9, "60": 29.7, "80": 32.9}, "total_bytes": {"1": 125, "2": 204, "3": 283, "4": 362, "5": 441, "6": 520, "7": 599, "8": 678, "9": 757, "10": 836, "11": 915, "12": 994, "13": 1073, "14": 1152, "15": 1231, "16": 1310, "17": 1389, "18": 1468, "19": 1547, "20": 1626, "21": 1705, "22": 1784, "23": 1863, "24": 1942, "25": 2021, "26": 2100, "27": 2179, "28": 2258, "29": 2337, "30": 362016, "31": 362095, "32": 362174, "33": 721807, "34": 1441040, "35": 2160227, "36": 2879414, "37": 3598601, "38": 4317788, "39": 5036975, "40": 5756162, "41": 6475349, "42": 7194536, "43": 7913723, "44": 8273356, "45": 8632989, "46": 8992622, "47": 9352255, "48": 9711888, "49": 10071521, "50": 10431154, "51": 10790787, "52": 11150420, "53": 11510053, "54": 11869686, "55": 12229319, "56": 12588952, "57": 12948585, "58": 13308218, "59": 13667851, "60": 14027484, "61": 14387117, "62": 14387196, "63": 14387275, "64": 14387354, "65": 14387433, "66": 14387512, "67": 14387591, "68": 14387670, "69": 14387749, "70": 14387828, "71": 14387907, "72": 14387986, "73": 14388065, "74": 14388144, "75": 14388223, "76": 14388302, "77": 14388381, "78": 14388460, "79": 14388539, "80": 14388618}, "total_meta": {"1": 125, "2": 204, "3": 283, "4": 362, "5": 441, "6": 520, "7": 599, "8": 678, "9": 757, "10": 836, "11": 915, "12": 994, "13": 1073, "14": 1152, "15": 1231, "16": 1310, "17": 1389, "18": 1468, "19": 1547, "20": 1626, "21": 1705, "22": 1784, "23": 1863, "24": 1942, "25": 2021, "26": 2100, "27": 2179, "28": 2258, "29": 2337, "30": 2518, "31": 2597, "32": 2676, "33": 2811, "34": 3048, "35": 3239, "36": 3430, "37": 3621, "38": 3812, "39": 4003, "40": 4194, "41": 4385, "42": 4576, "43": 4767, "44": 4902, "45": 5037, "46": 5172, "47": 5307, "48": 5442, "49": 5577, "50": 5712, "51": 5847, "52": 5982, "53": 6117, "54": 6252, "55": 6387, "56": 6522, "57": 6657, "58": 6792, "59": 6927, "60": 7062, "61": 7197, "62": 7276, "63": 7355, "64": 7434, "65": 7513, "66": 7592, "67": 7671, "68": 7750, "69": 7829, "70": 7908, "71": 7987, "72": 8066, "73": 8145, "74": 8224, "75": 8303, "76": 8382, "77": 8461, "78": 8540, "79": 8619, "80": 8698}, "total_data_per_n": {"1": 0, "2": 0, "3": 0, "4": 0, "5": 0, "6": 0, "7": 0, "8": 0, "9": 0, "10": 0, "11": 0, "12": 0, "13": 0, "14": 0, "15": 0, "16": 0, "17": 0, "18": 0, "19": 0, "20": 0, "21": 0, "22": 0, "23": 0, "24": 0, "25": 0, "26": 0, "27": 0, "28": 0, "29": 0, "30": 359498, "31": 359498, "32": 359498, "33": 718996, "34": 1437992, "35": 2156988, "36": 2875984, "37": 3594980, "38": 4313976, "39": 5032972, "40": 5751968, "41": 6470964, "42": 7189960, "43": 7908956, "44": 8268454, "45": 8627952, "46": 8987450, "47": 9346948, "48": 9706446, "49": 10065944, "50": 10425442, "51": 10784940, "52": 11144438, "53": 11503936, "54": 11863434, "55": 12222932, "56": 12582430, "57": 12941928, "58": 13301426, "59": 13660924, "60": 14020422, "61": 14379920, "62": 14379920, "63": 14379920, "64": 14379920, "65": 14379920, "66": 14379920, "67": 14379920, "68": 14379920, "69": 14379920, "70": 14379920, "71": 14379920, "72": 14379920, "73": 14379920, "74": 14379920, "75": 14379920, "76": 14379920, "77": 14379920, "78": 14379920, "79": 14379920, "80": 14379920}}