{"train_loss": {"20": 2.2191032281077527, "40": 1.962982018712386, "60": 1.877158749126427, "80": 1.8999003052940295}, "test_loss": {"20": 2.2312160862816706, "40": 1.96813874774509, "60": 1.905555460188124, "80": 1.929183046023051}, "test_acc": {"20": 18.41111111111111, "40": 28.177777777777777, "60": 31.044444444444444, "80": 28.9}, "validation_loss": {"20": 2.2112252712249756, "40": 1.9250925779342651, "60": 1.8609941005706787, "80": 1.889322280883789}, "validation_acc": {"20": 19.4, "40": 31.3, "60": 30.9, "80": 31.3}, "total_bytes": {"1": 125, "2": 204, "3": 283, "4": 362, "5": 441, "6": 520, "7": 599, "8": 678, "9": 757, "10": 836, "11": 360515, "12": 1079748, "13": 1798935, "14": 2158568, "15": 2158647, "16": 2877834, "17": 3237467, "18": 3237546, "19": 3237625, "20": 3237704, "21": 3237783, "22": 3237862, "23": 3237941, "24": 3238020, "25": 3597653, "26": 3597732, "27": 3957365, "28": 4316998, "29": 4676631, "30": 5036264, "31": 5395897, "32": 5395976, "33": 5396055, "34": 5755688, "35": 6115321, "36": 6474954, "37": 6834587, "38": 7553820, "39": 8273007, "40": 8992194, "41": 9711381, "42": 10430568, "43": 10790201, "44": 11149834, "45": 11509467, "46": 11869100, "47": 12228733, "48": 12228812, "49": 12228891, "50": 12228970, "51": 12229049, "52": 12229128, "53": 12229207, "54": 12229286, "55": 12229365, "56": 12229444, "57": 12229523, "58": 12229602, "59": 12229681, "60": 12229760, "61": 12229839, "62": 12229918, "63": 12229997, "64": 12230076, "65": 12230155, "66": 12230234, "67": 12230313, "68": 12230392, "69": 12230471, "70": 12230550, "71": 12230629, "72": 12230708, "73": 12230787, "74": 12230866, "75": 12230945, "76": 12231024, "77": 12231103, "78": 12231182, "79": 12231261, "80": 12231340}, "total_meta": {"1": 125, "2": 204, "3": 283, "4": 362, "5": 441, "6": 520, "7": 599, "8": 678, "9": 757, "10": 836, "11": 1017, "12": 1254, "13": 1445, "14": 1580, "15": 1659, "16": 1850, "17": 1985, "18": 2064, "19": 2143, "20": 2222, "21": 2301, "22": 2380, "23": 2459, "24": 2538, "25": 2673, "26": 2752, "27": 2887, "28": 3022, "29": 3157, "30": 3292, "31": 3427, "32": 3506, "33": 3585, "34": 3720, "35": 3855, "36": 3990, "37": 4125, "38": 4362, "39": 4553, "40": 4744, "41": 4935, "42": 5126, "43": 5261, "44": 5396, "45": 5531, "46": 5666, "47": 5801, "48": 5880, "49": 5959, "50": 6038, "51": 6117, "52": 6196, "53": 6275, "54": 6354, "55": 6433, "56": 6512, "57": 6591, "58": 6670, "59": 6749, "60": 6828, "61": 6907, "62": 6986, "63": 7065, "64": 7144, "65": 7223, "66": 7302, "67": 7381, "68": 7460, "69": 7539, "70": 7618, "71": 7697, "72": 7776, "73": 7855, "74": 7934, "75": 8013, "76": 8092, "77": 8171, "78": 8250, "79": 8329, "80": 8408}, "total_data_per_n": {"1": 0, "2": 0, "3": 0, "4": 0, "5": 0, "6": 0, "7": 0, "8": 0, "9": 0, "10": 0, "11": 359498, "12": 1078494, "13": 1797490, "14": 2156988, "15": 2156988, "16": 2875984, "17": 3235482, "18": 3235482, "19": 3235482, "20": 3235482, "21": 3235482, "22": 3235482, "23": 3235482, "24": 3235482, "25": 3594980, "26": 3594980, "27": 3954478, "28": 4313976, "29": 4673474, "30": 5032972, "31": 5392470, "32": 5392470, "33": 5392470, "34": 5751968, "35": 6111466, "36": 6470964, "37": 6830462, "38": 7549458, "39": 8268454, "40": 8987450, "41": 9706446, "42": 10425442, "43": 10784940, "44": 11144438, "45": 11503936, "46": 11863434, "47": 12222932, "48": 12222932, "49": 12222932, "50": 12222932, "51": 12222932, "52": 12222932, "53": 12222932, "54": 12222932, "55": 12222932, "56": 12222932, "57": 12222932, "58": 12222932, "59": 12222932, "60": 12222932, "61": 12222932, "62": 12222932, "63": 12222932, "64": 12222932, "65": 12222932, "66": 12222932, "67": 12222932, "68": 12222932, "69": 12222932, "70": 12222932, "71": 12222932, "72": 12222932, "73": 12222932, "74": 12222932, "75": 12222932, "76": 12222932, "77": 12222932, "78": 12222932, "79": 12222932, "80": 12222932}}