{"train_loss": {"20": 2.1248401783249427, "40": 1.957517723204307, "60": 1.8676213476799728, "80": 1.8995574465639988}, "test_loss": {"20": 2.138220230738322, "40": 1.9681387609905667, "60": 1.8822153674231634, "80": 1.9226540989345975}, "test_acc": {"20": 21.866666666666667, "40": 28.177777777777777, "60": 33.12222222222222, "80": 30.766666666666666}, "validation_loss": {"20": 2.1347672939300537, "40": 1.9250925779342651, "60": 1.8486748933792114, "80": 1.9118343591690063}, "validation_acc": {"20": 23.0, "40": 31.3, "60": 34.2, "80": 31.7}, "total_bytes": {"1": 125, "2": 359804, "3": 359883, "4": 719516, "5": 1079149, "6": 1438782, "7": 1798415, "8": 2158094, "9": 2158173, "10": 2158252, "11": 2517885, "12": 2517964, "13": 2518043, "14": 2518122, "15": 2518201, "16": 2518280, "17": 2518359, "18": 2518438, "19": 2518517, "20": 2518596, "21": 2518675, "22": 2518754, "23": 2518833, "24": 2518912, "25": 2518991, "26": 2519070, "27": 2519149, "28": 2519228, "29": 2519307, "30": 2519386, "31": 2519465, "32": 2519544, "33": 2879177, "34": 3238810, "35": 3598443, "36": 3598522, "37": 3598601, "38": 3958280, "39": 4317913, "40": 5037100, "41": 5756287, "42": 6475474, "43": 7194661, "44": 7913848, "45": 8273481, "46": 8992668, "47": 9711855, "48": 10071488, "49": 10071567, "50": 10431200, "51": 10790833, "52": 11150466, "53": 11510099, "54": 11869732, "55": 12229365, "56": 12588998, "57": 12948631, "58": 13308264, "59": 13667897, "60": 14027530, "61": 14387163, "62": 14746796, "63": 14746875, "64": 14746954, "65": 14747033, "66": 14747112, "67": 14747191, "68": 14747270, "69": 14747349, "70": 14747428, "71": 14747507, "72": 14747586, "73": 14747665, "74": 14747744, "75": 14747823, "76": 14747902, "77": 14747981, "78": 14748060, "79": 14748139, "80": 14748218}, "total_meta": {"1": 125, "2": 306, "3": 385, "4": 520, "5": 655, "6": 790, "7": 925, "8": 1106, "9": 1185, "10": 1264, "11": 1399, "12": 1478, "13": 1557, "14": 1636, "15": 1715, "16": 1794, "17": 1873, "18": 1952, "19": 2031, "20": 2110, "21": 2189, "22": 2268, "23": 2347, "24": 2426, "25": 2505, "26": 2584, "27": 2663, "28": 2742, "29": 2821, "30": 2900, "31": 2979, "32": 3058, "33": 3193, "34": 3328, "35": 3463, "36": 3542, "37": 3621, "38": 3802, "39": 3937, "40": 4128, "41": 4319, "42": 4510, "43": 4701, "44": 4892, "45": 5027, "46": 5218, "47": 5409, "48": 5544, "49": 5623, "50": 5758, "51": 5893, "52": 6028, "53": 6163, "54": 6298, "55": 6433, "56": 6568, "57": 6703, "58": 6838, "59": 6973, "60": 7108, "61": 7243, "62": 7378, "63": 7457, "64": 7536, "65": 7615, "66": 7694, "67": 7773, "68": 7852, "69": 7931, "70": 8010, "71": 8089, "72": 8168, "73": 8247, "74": 8326, "75": 8405, "76": 8484, "77": 8563, "78": 8642, "79": 8721, "80": 8800}, "total_data_per_n": {"1": 0, "2": 359498, "3": 359498, "4": 718996, "5": 1078494, "6": 1437992, "7": 1797490, "8": 2156988, "9": 2156988, "10": 2156988, "11": 2516486, "12": 2516486, "13": 2516486, "14": 2516486, "15": 2516486, "16": 2516486, "17": 2516486, "18": 2516486, "19": 2516486, "20": 2516486, "21": 2516486, "22": 2516486, "23": 2516486, "24": 2516486, "25": 2516486, "26": 2516486, "27": 2516486, "28": 2516486, "29": 2516486, "30": 2516486, "31": 2516486, "32": 2516486, "33": 2875984, "34": 3235482, "35": 3594980, "36": 3594980, "37": 3594980, "38": 3954478, "39": 4313976, "40": 5032972, "41": 5751968, "42": 6470964, "43": 7189960, "44": 7908956, "45": 8268454, "46": 8987450, "47": 9706446, "48": 10065944, "49": 10065944, "50": 10425442, "51": 10784940, "52": 11144438, "53": 11503936, "54": 11863434, "55": 12222932, "56": 12582430, "57": 12941928, "58": 13301426, "59": 13660924, "60": 14020422, "61": 14379920, "62": 14739418, "63": 14739418, "64": 14739418, "65": 14739418, "66": 14739418, "67": 14739418, "68": 14739418, "69": 14739418, "70": 14739418, "71": 14739418, "72": 14739418, "73": 14739418, "74": 14739418, "75": 14739418, "76": 14739418, "77": 14739418, "78": 14739418, "79": 14739418, "80": 14739418}}