{"train_loss": {"20": 2.1616022513603754, "40": 1.9596693506625242, "60": 2.0085009736886636, "80": 1.9272444964370434}, "test_loss": {"20": 2.142393112182617, "40": 1.9438560406366985, "60": 2.028991142908732, "80": 1.9398230579164293}, "test_acc": {"20": 19.88888888888889, "40": 29.744444444444444, "60": 26.3, "80": 31.555555555555557}, "validation_loss": {"20": 2.1415798664093018, "40": 1.9283794164657593, "60": 1.9531311988830566, "80": 1.8757789134979248}, "validation_acc": {"20": 20.8, "40": 30.0, "60": 29.7, "80": 33.4}, "total_bytes": {"1": 359725, "2": 719358, "3": 1078991, "4": 1438624, "5": 1798257, "6": 2157890, "7": 2157969, "8": 2158048, "9": 2517681, "10": 2877314, "11": 3236947, "12": 3596580, "13": 3956213, "14": 4315846, "15": 4675479, "16": 5035112, "17": 5394745, "18": 5394824, "19": 5394903, "20": 5394982, "21": 5395061, "22": 5754694, "23": 6114327, "24": 6473960, "25": 6833593, "26": 7193226, "27": 7552859, "28": 7912492, "29": 8272125, "30": 8631758, "31": 8991391, "32": 9710624, "33": 10070257, "34": 11149044, "35": 11868231, "36": 12587418, "37": 13306605, "38": 14025792, "39": 14744979, "40": 15823720, "41": 16542907, "42": 16902540, "43": 17262173, "44": 17621806, "45": 17981439, "46": 18341072, "47": 18700705, "48": 19060338, "49": 19419971, "50": 19779604, "51": 20139237, "52": 20498870, "53": 20858503, "54": 21218136, "55": 21577769, "56": 21937402, "57": 22297035, "58": 22656668, "59": 23016301, "60": 23375934, "61": 23735567, "62": 23735646, "63": 23735725, "64": 23735804, "65": 23735883, "66": 23735962, "67": 23736041, "68": 23736120, "69": 23736199, "70": 23736278, "71": 23736357, "72": 23736436, "73": 23736515, "74": 23736594, "75": 23736673, "76": 23736752, "77": 23736831, "78": 23736910, "79": 23736989, "80": 23737068}, "total_meta": {"1": 227, "2": 362, "3": 497, "4": 632, "5": 767, "6": 902, "7": 981, "8": 1060, "9": 1195, "10": 1330, "11": 1465, "12": 1600, "13": 1735, "14": 1870, "15": 2005, "16": 2140, "17": 2275, "18": 2354, "19": 2433, "20": 2512, "21": 2591, "22": 2726, "23": 2861, "24": 2996, "25": 3131, "26": 3266, "27": 3401, "28": 3536, "29": 3671, "30": 3806, "31": 3941, "32": 4178, "33": 4313, "34": 4606, "35": 4797, "36": 4988, "37": 5179, "38": 5370, "39": 5561, "40": 5808, "41": 5999, "42": 6134, "43": 6269, "44": 6404, "45": 6539, "46": 6674, "47": 6809, "48": 6944, "49": 7079, "50": 7214, "51": 7349, "52": 7484, "53": 7619, "54": 7754, "55": 7889, "56": 8024, "57": 8159, "58": 8294, "59": 8429, "60": 8564, "61": 8699, "62": 8778, "63": 8857, "64": 8936, "65": 9015, "66": 9094, "67": 9173, "68": 9252, "69": 9331, "70": 9410, "71": 9489, "72": 9568, "73": 9647, "74": 9726, "75": 9805, "76": 9884, "77": 9963, "78": 10042, "79": 10121, "80": 10200}, "total_data_per_n": {"1": 359498, "2": 718996, "3": 1078494, "4": 1437992, "5": 1797490, "6": 2156988, "7": 2156988, "8": 2156988, "9": 2516486, "10": 2875984, "11": 3235482, "12": 3594980, "13": 3954478, "14": 4313976, "15": 4673474, "16": 5032972, "17": 5392470, "18": 5392470, "19": 5392470, "20": 5392470, "21": 5392470, "22": 5751968, "23": 6111466, "24": 6470964, "25": 6830462, "26": 7189960, "27": 7549458, "28": 7908956, "29": 8268454, "30": 8627952, "31": 8987450, "32": 9706446, "33": 10065944, "34": 11144438, "35": 11863434, "36": 12582430, "37": 13301426, "38": 14020422, "39": 14739418, "40": 15817912, "41": 16536908, "42": 16896406, "43": 17255904, "44": 17615402, "45": 17974900, "46": 18334398, "47": 18693896, "48": 19053394, "49": 19412892, "50": 19772390, "51": 20131888, "52": 20491386, "53": 20850884, "54": 21210382, "55": 21569880, "56": 21929378, "57": 22288876, "58": 22648374, "59": 23007872, "60": 23367370, "61": 23726868, "62": 23726868, "63": 23726868, "64": 23726868, "65": 23726868, "66": 23726868, "67": 23726868, "68": 23726868, "69": 23726868, "70": 23726868, "71": 23726868, "72": 23726868, "73": 23726868, "74": 23726868, "75": 23726868, "76": 23726868, "77": 23726868, "78": 23726868, "79": 23726868, "80": 23726868}}