{"train_loss": {"20": 2.3102190368692614, "40": 2.2171416458836446, "60": 1.9692101050704547, "80": 1.931964708152522}, "test_loss": {"20": 2.331895112991333, "40": 2.23805930879381, "60": 1.9928401046329074, "80": 1.9656457238727145}, "test_acc": {"20": 14.077777777777778, "40": 19.933333333333334, "60": 23.9, "80": 27.81111111111111}, "validation_loss": {"20": 2.3081324100494385, "40": 2.1476149559020996, "60": 1.956648588180542, "80": 1.9672601222991943}, "validation_acc": {"20": 14.9, "40": 22.8, "60": 25.9, "80": 26.8}, "total_bytes": {"1": 719325, "2": 1798112, "3": 2876853, "4": 3955594, "5": 5034335, "6": 6113076, "7": 6832263, "8": 7911004, "9": 8630191, "10": 9349378, "11": 10068565, "12": 10787752, "13": 11506939, "14": 12226126, "15": 12945313, "16": 12945392, "17": 12945471, "18": 12945550, "19": 12945629, "20": 12945708, "21": 12945787, "22": 12945866, "23": 12945945, "24": 12946024, "25": 12946103, "26": 12946182, "27": 12946261, "28": 12946340, "29": 12946419, "30": 12946498, "31": 12946577, "32": 12946656, "33": 12946735, "34": 12946814, "35": 12946893, "36": 12946972, "37": 12947051, "38": 12947130, "39": 12947209, "40": 12947288, "41": 12947367, "42": 12947446, "43": 12947525, "44": 12947604, "45": 12947683, "46": 12947762, "47": 12947841, "48": 12947920, "49": 12947999, "50": 12948078, "51": 12948157, "52": 12948236, "53": 12948315, "54": 12948394, "55": 12948473, "56": 12948552, "57": 12948631, "58": 12948710, "59": 12948789, "60": 12948868, "61": 12948947, "62": 12949026, "63": 12949105, "64": 12949184, "65": 12949263, "66": 12949342, "67": 12949421, "68": 12949500, "69": 12949579, "70": 12949658, "71": 12949737, "72": 12949816, "73": 12949895, "74": 12949974, "75": 12950053, "76": 12950132, "77": 12950211, "78": 12950290, "79": 12950369, "80": 12950448}, "total_meta": {"1": 329, "2": 622, "3": 869, "4": 1116, "5": 1363, "6": 1610, "7": 1801, "8": 2048, "9": 2239, "10": 2430, "11": 2621, "12": 2812, "13": 3003, "14": 3194, "15": 3385, "16": 3464, "17": 3543, "18": 3622, "19": 3701, "20": 3780, "21": 3859, "22": 3938, "23": 4017, "24": 4096, "25": 4175, "26": 4254, "27": 4333, "28": 4412, "29": 4491, "30": 4570, "31": 4649, "32": 4728, "33": 4807, "34": 4886, "35": 4965, "36": 5044, "37": 5123, "38": 5202, "39": 5281, "40": 5360, "41": 5439, "42": 5518, "43": 5597, "44": 5676, "45": 5755, "46": 5834, "47": 5913, "48": 5992, "49": 6071, "50": 6150, "51": 6229, "52": 6308, "53": 6387, "54": 6466, "55": 6545, "56": 6624, "57": 6703, "58": 6782, "59": 6861, "60": 6940, "61": 7019, "62": 7098, "63": 7177, "64": 7256, "65": 7335, "66": 7414, "67": 7493, "68": 7572, "69": 7651, "70": 7730, "71": 7809, "72": 7888, "73": 7967, "74": 8046, "75": 8125, "76": 8204, "77": 8283, "78": 8362, "79": 8441, "80": 8520}, "total_data_per_n": {"1": 718996, "2": 1797490, "3": 2875984, "4": 3954478, "5": 5032972, "6": 6111466, "7": 6830462, "8": 7908956, "9": 8627952, "10": 9346948, "11": 10065944, "12": 10784940, "13": 11503936, "14": 12222932, "15": 12941928, "16": 12941928, "17": 12941928, "18": 12941928, "19": 12941928, "20": 12941928, "21": 12941928, "22": 12941928, "23": 12941928, "24": 12941928, "25": 12941928, "26": 12941928, "27": 12941928, "28": 12941928, "29": 12941928, "30": 12941928, "31": 12941928, "32": 12941928, "33": 12941928, "34": 12941928, "35": 12941928, "36": 12941928, "37": 12941928, "38": 12941928, "39": 12941928, "40": 12941928, "41": 12941928, "42": 12941928, "43": 12941928, "44": 12941928, "45": 12941928, "46": 12941928, "47": 12941928, "48": 12941928, "49": 12941928, "50": 12941928, "51": 12941928, "52": 12941928, "53": 12941928, "54": 12941928, "55": 12941928, "56": 12941928, "57": 12941928, "58": 12941928, "59": 12941928, "60": 12941928, "61": 12941928, "62": 12941928, "63": 12941928, "64": 12941928, "65": 12941928, "66": 12941928, "67": 12941928, "68": 12941928, "69": 12941928, "70": 12941928, "71": 12941928, "72": 12941928, "73": 12941928, "74": 12941928, "75": 12941928, "76": 12941928, "77": 12941928, "78": 12941928, "79": 12941928, "80": 12941928}}