{"train_loss": {"20": 2.208488775535188, "40": 2.0643202146504525, "60": 2.1310876260105798, "80": 1.883732373792242}, "test_loss": {"20": 2.219485706753201, "40": 2.0912440882788763, "60": 2.1515839629703097, "80": 1.8984472221798367}, "test_acc": {"20": 18.744444444444444, "40": 22.31111111111111, "60": 21.955555555555556, "80": 30.788888888888888}, "validation_loss": {"20": 2.217684030532837, "40": 2.061718702316284, "60": 2.104292154312134, "80": 1.8208664655685425}, "validation_acc": {"20": 19.4, "40": 23.8, "60": 23.0, "80": 33.8}, "total_bytes": {"1": 1078925, "2": 2157666, "3": 3236407, "4": 4315148, "5": 5393889, "6": 5753522, "7": 5753601, "8": 6472788, "9": 6472867, "10": 6472946, "11": 6473025, "12": 6473104, "13": 6473183, "14": 6473262, "15": 6473341, "16": 6473420, "17": 6473499, "18": 6473578, "19": 6473657, "20": 6473736, "21": 6473815, "22": 6473894, "23": 6473973, "24": 6474052, "25": 6474131, "26": 6474210, "27": 6474289, "28": 6474368, "29": 6474447, "30": 6474526, "31": 6474605, "32": 6474684, "33": 6474763, "34": 6474842, "35": 6474921, "36": 6475000, "37": 6475079, "38": 6475158, "39": 6475237, "40": 6475316, "41": 6475395, "42": 6475474, "43": 6475553, "44": 6475632, "45": 6475711, "46": 6475790, "47": 6475869, "48": 6475948, "49": 6476027, "50": 6476106, "51": 6476185, "52": 6476264, "53": 6476343, "54": 6476422, "55": 6476501, "56": 6476580, "57": 6476659, "58": 6476738, "59": 6476817, "60": 6476896, "61": 6476975, "62": 6477054, "63": 6477133, "64": 6477212, "65": 6477291, "66": 6477370, "67": 6477449, "68": 6477528, "69": 6477607, "70": 6477686, "71": 6477765, "72": 6477844, "73": 6477923, "74": 6478002, "75": 6478081, "76": 6478160, "77": 6478239, "78": 6478318, "79": 6478397, "80": 6478476}, "total_meta": {"1": 431, "2": 678, "3": 925, "4": 1172, "5": 1419, "6": 1554, "7": 1633, "8": 1824, "9": 1903, "10": 1982, "11": 2061, "12": 2140, "13": 2219, "14": 2298, "15": 2377, "16": 2456, "17": 2535, "18": 2614, "19": 2693, "20": 2772, "21": 2851, "22": 2930, "23": 3009, "24": 3088, "25": 3167, "26": 3246, "27": 3325, "28": 3404, "29": 3483, "30": 3562, "31": 3641, "32": 3720, "33": 3799, "34": 3878, "35": 3957, "36": 4036, "37": 4115, "38": 4194, "39": 4273, "40": 4352, "41": 4431, "42": 4510, "43": 4589, "44": 4668, "45": 4747, "46": 4826, "47": 4905, "48": 4984, "49": 5063, "50": 5142, "51": 5221, "52": 5300, "53": 5379, "54": 5458, "55": 5537, "56": 5616, "57": 5695, "58": 5774, "59": 5853, "60": 5932, "61": 6011, "62": 6090, "63": 6169, "64": 6248, "65": 6327, "66": 6406, "67": 6485, "68": 6564, "69": 6643, "70": 6722, "71": 6801, "72": 6880, "73": 6959, "74": 7038, "75": 7117, "76": 7196, "77": 7275, "78": 7354, "79": 7433, "80": 7512}, "total_data_per_n": {"1": 1078494, "2": 2156988, "3": 3235482, "4": 4313976, "5": 5392470, "6": 5751968, "7": 5751968, "8": 6470964, "9": 6470964, "10": 6470964, "11": 6470964, "12": 6470964, "13": 6470964, "14": 6470964, "15": 6470964, "16": 6470964, "17": 6470964, "18": 6470964, "19": 6470964, "20": 6470964, "21": 6470964, "22": 6470964, "23": 6470964, "24": 6470964, "25": 6470964, "26": 6470964, "27": 6470964, "28": 6470964, "29": 6470964, "30": 6470964, "31": 6470964, "32": 6470964, "33": 6470964, "34": 6470964, "35": 6470964, "36": 6470964, "37": 6470964, "38": 6470964, "39": 6470964, "40": 6470964, "41": 6470964, "42": 6470964, "43": 6470964, "44": 6470964, "45": 6470964, "46": 6470964, "47": 6470964, "48": 6470964, "49": 6470964, "50": 6470964, "51": 6470964, "52": 6470964, "53": 6470964, "54": 6470964, "55": 6470964, "56": 6470964, "57": 6470964, "58": 6470964, "59": 6470964, "60": 6470964, "61": 6470964, "62": 6470964, "63": 6470964, "64": 6470964, "65": 6470964, "66": 6470964, "67": 6470964, "68": 6470964, "69": 6470964, "70": 6470964, "71": 6470964, "72": 6470964, "73": 6470964, "74": 6470964, "75": 6470964, "76": 6470964, "77": 6470964, "78": 6470964, "79": 6470964, "80": 6470964}}