{"train_loss": {"20": 2.3158201738877398, "40": 1.9528322425776388, "60": 1.871669009184883, "80": 1.857798068285446}, "test_loss": {"20": 2.2983462280697293, "40": 1.96813874774509, "60": 1.8822153674231634, "80": 1.8961459663179185}, "test_acc": {"20": 18.655555555555555, "40": 28.177777777777777, "60": 33.12222222222222, "80": 30.633333333333333}, "validation_loss": {"20": 2.31319522857666, "40": 1.9250925779342651, "60": 1.8486748933792114, "80": 1.8831899166107178}, "validation_acc": {"20": 17.6, "40": 31.3, "60": 34.2, "80": 30.4}, "total_bytes": {"1": 359725, "2": 359804, "3": 1079037, "4": 1438670, "5": 1438749, "6": 1438828, "7": 1438907, "8": 1798586, "9": 1798665, "10": 1798744, "11": 2158377, "12": 2877610, "13": 3596797, "14": 4315984, "15": 4675617, "16": 5394804, "17": 5754437, "18": 6114070, "19": 6473703, "20": 6473782, "21": 6473861, "22": 6473940, "23": 6474019, "24": 6474098, "25": 6833731, "26": 6833810, "27": 7193443, "28": 7553076, "29": 7912709, "30": 8272342, "31": 8631975, "32": 8632054, "33": 8991687, "34": 9710874, "35": 10430061, "36": 10789694, "37": 11149327, "38": 11508960, "39": 11868593, "40": 12587780, "41": 13306967, "42": 14026154, "43": 14385787, "44": 14745420, "45": 14745499, "46": 15105132, "47": 15464765, "48": 15824398, "49": 15824477, "50": 16184110, "51": 16543743, "52": 16903376, "53": 17263009, "54": 17622642, "55": 17982275, "56": 18341908, "57": 18701541, "58": 19061174, "59": 19420807, "60": 19780440, "61": 20140073, "62": 20499706, "63": 20499785, "64": 20499864, "65": 20499943, "66": 20500022, "67": 20500101, "68": 20500180, "69": 20500259, "70": 20500338, "71": 20500417, "72": 20500496, "73": 20500575, "74": 20500654, "75": 20500733, "76": 20500812, "77": 20500891, "78": 20500970, "79": 20501049, "80": 20501128}, "total_meta": {"1": 227, "2": 306, "3": 543, "4": 678, "5": 757, "6": 836, "7": 915, "8": 1096, "9": 1175, "10": 1254, "11": 1389, "12": 1626, "13": 1817, "14": 2008, "15": 2143, "16": 2334, "17": 2469, "18": 2604, "19": 2739, "20": 2818, "21": 2897, "22": 2976, "23": 3055, "24": 3134, "25": 3269, "26": 3348, "27": 3483, "28": 3618, "29": 3753, "30": 3888, "31": 4023, "32": 4102, "33": 4237, "34": 4428, "35": 4619, "36": 4754, "37": 4889, "38": 5024, "39": 5159, "40": 5350, "41": 5541, "42": 5732, "43": 5867, "44": 6002, "45": 6081, "46": 6216, "47": 6351, "48": 6486, "49": 6565, "50": 6700, "51": 6835, "52": 6970, "53": 7105, "54": 7240, "55": 7375, "56": 7510, "57": 7645, "58": 7780, "59": 7915, "60": 8050, "61": 8185, "62": 8320, "63": 8399, "64": 8478, "65": 8557, "66": 8636, "67": 8715, "68": 8794, "69": 8873, "70": 8952, "71": 9031, "72": 9110, "73": 9189, "74": 9268, "75": 9347, "76": 9426, "77": 9505, "78": 9584, "79": 9663, "80": 9742}, "total_data_per_n": {"1": 359498, "2": 359498, "3": 1078494, "4": 1437992, "5": 1437992, "6": 1437992, "7": 1437992, "8": 1797490, "9": 1797490, "10": 1797490, "11": 2156988, "12": 2875984, "13": 3594980, "14": 4313976, "15": 4673474, "16": 5392470, "17": 5751968, "18": 6111466, "19": 6470964, "20": 6470964, "21": 6470964, "22": 6470964, "23": 6470964, "24": 6470964, "25": 6830462, "26": 6830462, "27": 7189960, "28": 7549458, "29": 7908956, "30": 8268454, "31": 8627952, "32": 8627952, "33": 8987450, "34": 9706446, "35": 10425442, "36": 10784940, "37": 11144438, "38": 11503936, "39": 11863434, "40": 12582430, "41": 13301426, "42": 14020422, "43": 14379920, "44": 14739418, "45": 14739418, "46": 15098916, "47": 15458414, "48": 15817912, "49": 15817912, "50": 16177410, "51": 16536908, "52": 16896406, "53": 17255904, "54": 17615402, "55": 17974900, "56": 18334398, "57": 18693896, "58": 19053394, "59": 19412892, "60": 19772390, "61": 20131888, "62": 20491386, "63": 20491386, "64": 20491386, "65": 20491386, "66": 20491386, "67": 20491386, "68": 20491386, "69": 20491386, "70": 20491386, "71": 20491386, "72": 20491386, "73": 20491386, "74": 20491386, "75": 20491386, "76": 20491386, "77": 20491386, "78": 20491386, "79": 20491386, "80": 20491386}}