{"train_loss": {"20": 2.0765886228967765, "40": 2.164327785058122, "60": 1.9090713029173194, "80": 1.8938279959610922}, "test_loss": {"20": 2.0804966025882297, "40": 2.1561589770846896, "60": 1.925521691640218, "80": 1.9243581824832492}, "test_acc": {"20": 24.1, "40": 22.733333333333334, "60": 28.22222222222222, "80": 28.366666666666667}, "validation_loss": {"20": 2.068436622619629, "40": 2.0846245288848877, "60": 1.9003525972366333, "80": 1.9057610034942627}, "validation_acc": {"20": 23.6, "40": 25.5, "60": 29.1, "80": 29.0}, "total_bytes": {"1": 719325, "2": 1798112, "3": 2876853, "4": 3955594, "5": 5034335, "6": 5753522, "7": 6472709, "8": 6832342, "9": 7551529, "10": 8270716, "11": 8989903, "12": 9709090, "13": 10428277, "14": 11147464, "15": 11866651, "16": 12226284, "17": 12585917, "18": 12945550, "19": 13305183, "20": 13664816, "21": 14024449, "22": 14384082, "23": 14743715, "24": 14743794, "25": 14743873, "26": 14743952, "27": 14744031, "28": 14744110, "29": 15103743, "30": 15463376, "31": 15823009, "32": 16182642, "33": 16182721, "34": 16182800, "35": 16182879, "36": 16182958, "37": 16183037, "38": 16183116, "39": 16183195, "40": 16183274, "41": 16183353, "42": 16183432, "43": 16183511, "44": 16183590, "45": 16183669, "46": 16183748, "47": 16183827, "48": 16183906, "49": 16183985, "50": 16184064, "51": 16184143, "52": 16184222, "53": 16184301, "54": 16184380, "55": 16184459, "56": 16184538, "57": 16184617, "58": 16184696, "59": 16184775, "60": 16184854, "61": 16184933, "62": 16185012, "63": 16185091, "64": 16185170, "65": 16185249, "66": 16185328, "67": 16185407, "68": 16185486, "69": 16185565, "70": 16185644, "71": 16185723, "72": 16185802, "73": 16185881, "74": 16185960, "75": 16186039, "76": 16186118, "77": 16186197, "78": 16186276, "79": 16186355, "80": 16186434}, "total_meta": {"1": 329, "2": 622, "3": 869, "4": 1116, "5": 1363, "6": 1554, "7": 1745, "8": 1880, "9": 2071, "10": 2262, "11": 2453, "12": 2644, "13": 2835, "14": 3026, "15": 3217, "16": 3352, "17": 3487, "18": 3622, "19": 3757, "20": 3892, "21": 4027, "22": 4162, "23": 4297, "24": 4376, "25": 4455, "26": 4534, "27": 4613, "28": 4692, "29": 4827, "30": 4962, "31": 5097, "32": 5232, "33": 5311, "34": 5390, "35": 5469, "36": 5548, "37": 5627, "38": 5706, "39": 5785, "40": 5864, "41": 5943, "42": 6022, "43": 6101, "44": 6180, "45": 6259, "46": 6338, "47": 6417, "48": 6496, "49": 6575, "50": 6654, "51": 6733, "52": 6812, "53": 6891, "54": 6970, "55": 7049, "56": 7128, "57": 7207, "58": 7286, "59": 7365, "60": 7444, "61": 7523, "62": 7602, "63": 7681, "64": 7760, "65": 7839, "66": 7918, "67": 7997, "68": 8076, "69": 8155, "70": 8234, "71": 8313, "72": 8392, "73": 8471, "74": 8550, "75": 8629, "76": 8708, "77": 8787, "78": 8866, "79": 8945, "80": 9024}, "total_data_per_n": {"1": 718996, "2": 1797490, "3": 2875984, "4": 3954478, "5": 5032972, "6": 5751968, "7": 6470964, "8": 6830462, "9": 7549458, "10": 8268454, "11": 8987450, "12": 9706446, "13": 10425442, "14": 11144438, "15": 11863434, "16": 12222932, "17": 12582430, "18": 12941928, "19": 13301426, "20": 13660924, "21": 14020422, "22": 14379920, "23": 14739418, "24": 14739418, "25": 14739418, "26": 14739418, "27": 14739418, "28": 14739418, "29": 15098916, "30": 15458414, "31": 15817912, "32": 16177410, "33": 16177410, "34": 16177410, "35": 16177410, "36": 16177410, "37": 16177410, "38": 16177410, "39": 16177410, "40": 16177410, "41": 16177410, "42": 16177410, "43": 16177410, "44": 16177410, "45": 16177410, "46": 16177410, "47": 16177410, "48": 16177410, "49": 16177410, "50": 16177410, "51": 16177410, "52": 16177410, "53": 16177410, "54": 16177410, "55": 16177410, "56": 16177410, "57": 16177410, "58": 16177410, "59": 16177410, "60": 16177410, "61": 16177410, "62": 16177410, "63": 16177410, "64": 16177410, "65": 16177410, "66": 16177410, "67": 16177410, "68": 16177410, "69": 16177410, "70": 16177410, "71": 16177410, "72": 16177410, "73": 16177410, "74": 16177410, "75": 16177410, "76": 16177410, "77": 16177410, "78": 16177410, "79": 16177410, "80": 16177410}}