{"train_loss": {"20": 2.20835165259019, "40": 2.095560387091536, "60": 1.8412897525044183, "80": 1.7827543603710387}, "test_loss": {"20": 2.2168110741509333, "40": 2.0842179192437067, "60": 1.8542137808269925, "80": 1.7876981364356146}, "test_acc": {"20": 18.711111111111112, "40": 21.72222222222222, "60": 33.3, "80": 36.41111111111111}, "validation_loss": {"20": 2.1965298652648926, "40": 2.0165951251983643, "60": 1.8152108192443848, "80": 1.7718839645385742}, "validation_acc": {"20": 19.7, "40": 26.6, "60": 33.9, "80": 38.5}, "total_bytes": {"1": 125, "2": 359804, "3": 359883, "4": 1079162, "5": 1438795, "6": 1438874, "7": 1438953, "8": 1798632, "9": 2158265, "10": 2877544, "11": 2877623, "12": 3596856, "13": 4675597, "14": 5394784, "15": 6113971, "16": 6114050, "17": 6114129, "18": 6114208, "19": 6114287, "20": 6114366, "21": 6114445, "22": 6114524, "23": 6114603, "24": 6114682, "25": 6833869, "26": 7553056, "27": 7912689, "28": 7912768, "29": 7912847, "30": 8272526, "31": 8272605, "32": 8632238, "33": 8632317, "34": 8991996, "35": 8992075, "36": 9351708, "37": 9711341, "38": 10430528, "39": 10430607, "40": 10430686, "41": 10430765, "42": 10790398, "43": 10790477, "44": 11150156, "45": 11150235, "46": 11509868, "47": 11869501, "48": 11869580, "49": 11869659, "50": 11869738, "51": 12229371, "52": 12229450, "53": 12229529, "54": 12229608, "55": 12589241, "56": 12589320, "57": 12589399, "58": 12589478, "59": 12589557, "60": 12949190, "61": 12949269, "62": 12949348, "63": 12949427, "64": 13309060, "65": 14028247, "66": 15466588, "67": 16185775, "68": 16185854, "69": 16545487, "70": 16905120, "71": 17983861, "72": 18703048, "73": 19062681, "74": 19422314, "75": 20501055, "76": 20501134, "77": 20860767, "78": 21220400, "79": 21580033, "80": 22658774}, "total_meta": {"1": 125, "2": 306, "3": 385, "4": 668, "5": 803, "6": 882, "7": 961, "8": 1142, "9": 1277, "10": 1560, "11": 1639, "12": 1876, "13": 2123, "14": 2314, "15": 2505, "16": 2584, "17": 2663, "18": 2742, "19": 2821, "20": 2900, "21": 2979, "22": 3058, "23": 3137, "24": 3216, "25": 3407, "26": 3598, "27": 3733, "28": 3812, "29": 3891, "30": 4072, "31": 4151, "32": 4286, "33": 4365, "34": 4546, "35": 4625, "36": 4760, "37": 4895, "38": 5086, "39": 5165, "40": 5244, "41": 5323, "42": 5458, "43": 5537, "44": 5718, "45": 5797, "46": 5932, "47": 6067, "48": 6146, "49": 6225, "50": 6304, "51": 6439, "52": 6518, "53": 6597, "54": 6676, "55": 6811, "56": 6890, "57": 6969, "58": 7048, "59": 7127, "60": 7262, "61": 7341, "62": 7420, "63": 7499, "64": 7634, "65": 7825, "66": 8174, "67": 8365, "68": 8444, "69": 8579, "70": 8714, "71": 8961, "72": 9152, "73": 9287, "74": 9422, "75": 9669, "76": 9748, "77": 9883, "78": 10018, "79": 10153, "80": 10400}, "total_data_per_n": {"1": 0, "2": 359498, "3": 359498, "4": 1078494, "5": 1437992, "6": 1437992, "7": 1437992, "8": 1797490, "9": 2156988, "10": 2875984, "11": 2875984, "12": 3594980, "13": 4673474, "14": 5392470, "15": 6111466, "16": 6111466, "17": 6111466, "18": 6111466, "19": 6111466, "20": 6111466, "21": 6111466, "22": 6111466, "23": 6111466, "24": 6111466, "25": 6830462, "26": 7549458, "27": 7908956, "28": 7908956, "29": 7908956, "30": 8268454, "31": 8268454, "32": 8627952, "33": 8627952, "34": 8987450, "35": 8987450, "36": 9346948, "37": 9706446, "38": 10425442, "39": 10425442, "40": 10425442, "41": 10425442, "42": 10784940, "43": 10784940, "44": 11144438, "45": 11144438, "46": 11503936, "47": 11863434, "48": 11863434, "49": 11863434, "50": 11863434, "51": 12222932, "52": 12222932, "53": 12222932, "54": 12222932, "55": 12582430, "56": 12582430, "57": 12582430, "58": 12582430, "59": 12582430, "60": 12941928, "61": 12941928, "62": 12941928, "63": 12941928, "64": 13301426, "65": 14020422, "66": 15458414, "67": 16177410, "68": 16177410, "69": 16536908, "70": 16896406, "71": 17974900, "72": 18693896, "73": 19053394, "74": 19412892, "75": 20491386, "76": 20491386, "77": 20850884, "78": 21210382, "79": 21569880, "80": 22648374}}