{"train_loss": {"20": 2.0756747059080745, "40": 1.9589637442422234, "60": 1.8922886994887222, "80": 1.8344585687322488}, "test_loss": {"20": 2.0806343025631375, "40": 1.9581899245580037, "60": 1.895653830634223, "80": 1.83439040184021}, "test_acc": {"20": 23.633333333333333, "40": 29.61111111111111, "60": 30.77777777777778, "80": 32.5}, "validation_loss": {"20": 2.066300868988037, "40": 1.9289222955703735, "60": 1.8427051305770874, "80": 1.8189964294433594}, "validation_acc": {"20": 24.2, "40": 32.6, "60": 35.0, "80": 31.9}, "total_bytes": {"1": 125, "2": 359804, "3": 359883, "4": 359962, "5": 719641, "6": 1438920, "7": 1438999, "8": 2158232, "9": 2517865, "10": 2517944, "11": 2518023, "12": 2877702, "13": 2877781, "14": 2877860, "15": 2877939, "16": 3597172, "17": 3956851, "18": 4316484, "19": 4676117, "20": 5035750, "21": 5035829, "22": 5035908, "23": 5035987, "24": 5395620, "25": 5395699, "26": 6474440, "27": 6834073, "28": 7553260, "29": 7553339, "30": 7553418, "31": 7553497, "32": 7913130, "33": 7913209, "34": 7913288, "35": 7913367, "36": 7913446, "37": 7913525, "38": 8273158, "39": 8632791, "40": 9351978, "41": 9711611, "42": 9711690, "43": 10071323, "44": 10790510, "45": 11509697, "46": 11509776, "47": 11509855, "48": 11509934, "49": 11510013, "50": 11510092, "51": 11510171, "52": 11510250, "53": 11869883, "54": 11869962, "55": 12229595, "56": 12589228, "57": 12948861, "58": 13308494, "59": 13668127, "60": 14387360, "61": 14387439, "62": 14387518, "63": 14747151, "64": 15466338, "65": 15466417, "66": 16545204, "67": 17623945, "68": 17983578, "69": 17983657, "70": 17983736, "71": 17983815, "72": 17983894, "73": 18343527, "74": 19422268, "75": 19422347, "76": 19422426, "77": 20501167, "78": 20501246, "79": 21220433, "80": 21220512}, "total_meta": {"1": 125, "2": 306, "3": 385, "4": 464, "5": 645, "6": 928, "7": 1007, "8": 1244, "9": 1379, "10": 1458, "11": 1537, "12": 1718, "13": 1797, "14": 1876, "15": 1955, "16": 2192, "17": 2373, "18": 2508, "19": 2643, "20": 2778, "21": 2857, "22": 2936, "23": 3015, "24": 3150, "25": 3229, "26": 3476, "27": 3611, "28": 3802, "29": 3881, "30": 3960, "31": 4039, "32": 4174, "33": 4253, "34": 4332, "35": 4411, "36": 4490, "37": 4569, "38": 4704, "39": 4839, "40": 5030, "41": 5165, "42": 5244, "43": 5379, "44": 5570, "45": 5761, "46": 5840, "47": 5919, "48": 5998, "49": 6077, "50": 6156, "51": 6235, "52": 6314, "53": 6449, "54": 6528, "55": 6663, "56": 6798, "57": 6933, "58": 7068, "59": 7203, "60": 7440, "61": 7519, "62": 7598, "63": 7733, "64": 7924, "65": 8003, "66": 8296, "67": 8543, "68": 8678, "69": 8757, "70": 8836, "71": 8915, "72": 8994, "73": 9129, "74": 9376, "75": 9455, "76": 9534, "77": 9781, "78": 9860, "79": 10051, "80": 10130}, "total_data_per_n": {"1": 0, "2": 359498, "3": 359498, "4": 359498, "5": 718996, "6": 1437992, "7": 1437992, "8": 2156988, "9": 2516486, "10": 2516486, "11": 2516486, "12": 2875984, "13": 2875984, "14": 2875984, "15": 2875984, "16": 3594980, "17": 3954478, "18": 4313976, "19": 4673474, "20": 5032972, "21": 5032972, "22": 5032972, "23": 5032972, "24": 5392470, "25": 5392470, "26": 6470964, "27": 6830462, "28": 7549458, "29": 7549458, "30": 7549458, "31": 7549458, "32": 7908956, "33": 7908956, "34": 7908956, "35": 7908956, "36": 7908956, "37": 7908956, "38": 8268454, "39": 8627952, "40": 9346948, "41": 9706446, "42": 9706446, "43": 10065944, "44": 10784940, "45": 11503936, "46": 11503936, "47": 11503936, "48": 11503936, "49": 11503936, "50": 11503936, "51": 11503936, "52": 11503936, "53": 11863434, "54": 11863434, "55": 12222932, "56": 12582430, "57": 12941928, "58": 13301426, "59": 13660924, "60": 14379920, "61": 14379920, "62": 14379920, "63": 14739418, "64": 15458414, "65": 15458414, "66": 16536908, "67": 17615402, "68": 17974900, "69": 17974900, "70": 17974900, "71": 17974900, "72": 17974900, "73": 18334398, "74": 19412892, "75": 19412892, "76": 19412892, "77": 20491386, "78": 20491386, "79": 21210382, "80": 21210382}}