{"train_loss": {"20": 2.1825604859789594, "40": 1.9716851104930357, "60": 1.8739465511691775, "80": 1.835764955192976}, "test_loss": {"20": 2.166707197825114, "40": 1.9532181024551392, "60": 1.8675747712453206, "80": 1.8273684978485107}, "test_acc": {"20": 18.933333333333334, "40": 30.866666666666667, "60": 33.06666666666667, "80": 35.6}, "validation_loss": {"20": 2.165226697921753, "40": 1.9328641891479492, "60": 1.8143929243087769, "80": 1.7884373664855957}, "validation_acc": {"20": 20.4, "40": 30.7, "60": 37.4, "80": 37.5}, "total_bytes": {"1": 125, "2": 204, "3": 359883, "4": 1079162, "5": 1079241, "6": 1079320, "7": 1079399, "8": 1439078, "9": 1439157, "10": 1439236, "11": 1798915, "12": 1798994, "13": 1799073, "14": 2158752, "15": 2158831, "16": 2158910, "17": 2518589, "18": 2518668, "19": 2518747, "20": 2518826, "21": 3238059, "22": 3238138, "23": 3238217, "24": 3597850, "25": 3957483, "26": 4317116, "27": 4317195, "28": 4317274, "29": 4317353, "30": 4317432, "31": 4317511, "32": 4677144, "33": 5036777, "34": 5396410, "35": 5396489, "36": 5756122, "37": 6115801, "38": 6475434, "39": 6835067, "40": 7913808, "41": 8632995, "42": 9352182, "43": 9711815, "44": 10431048, "45": 10790681, "46": 10790760, "47": 10790839, "48": 10790918, "49": 10790997, "50": 10791076, "51": 10791155, "52": 10791234, "53": 11150913, "54": 11150992, "55": 11151071, "56": 11151150, "57": 11151229, "58": 11151308, "59": 11510941, "60": 12589682, "61": 12589761, "62": 12589840, "63": 12949473, "64": 12949552, "65": 13309185, "66": 13668818, "67": 14028451, "68": 14028530, "69": 14388163, "70": 14388242, "71": 14388321, "72": 14388400, "73": 15467141, "74": 16186328, "75": 17265069, "76": 17265148, "77": 17624781, "78": 17624860, "79": 17624939, "80": 17984572}, "total_meta": {"1": 125, "2": 204, "3": 385, "4": 668, "5": 747, "6": 826, "7": 905, "8": 1086, "9": 1165, "10": 1244, "11": 1425, "12": 1504, "13": 1583, "14": 1764, "15": 1843, "16": 1922, "17": 2103, "18": 2182, "19": 2261, "20": 2340, "21": 2577, "22": 2656, "23": 2735, "24": 2870, "25": 3005, "26": 3140, "27": 3219, "28": 3298, "29": 3377, "30": 3456, "31": 3535, "32": 3670, "33": 3805, "34": 3940, "35": 4019, "36": 4154, "37": 4335, "38": 4470, "39": 4605, "40": 4852, "41": 5043, "42": 5234, "43": 5369, "44": 5606, "45": 5741, "46": 5820, "47": 5899, "48": 5978, "49": 6057, "50": 6136, "51": 6215, "52": 6294, "53": 6475, "54": 6554, "55": 6633, "56": 6712, "57": 6791, "58": 6870, "59": 7005, "60": 7252, "61": 7331, "62": 7410, "63": 7545, "64": 7624, "65": 7759, "66": 7894, "67": 8029, "68": 8108, "69": 8243, "70": 8322, "71": 8401, "72": 8480, "73": 8727, "74": 8918, "75": 9165, "76": 9244, "77": 9379, "78": 9458, "79": 9537, "80": 9672}, "total_data_per_n": {"1": 0, "2": 0, "3": 359498, "4": 1078494, "5": 1078494, "6": 1078494, "7": 1078494, "8": 1437992, "9": 1437992, "10": 1437992, "11": 1797490, "12": 1797490, "13": 1797490, "14": 2156988, "15": 2156988, "16": 2156988, "17": 2516486, "18": 2516486, "19": 2516486, "20": 2516486, "21": 3235482, "22": 3235482, "23": 3235482, "24": 3594980, "25": 3954478, "26": 4313976, "27": 4313976, "28": 4313976, "29": 4313976, "30": 4313976, "31": 4313976, "32": 4673474, "33": 5032972, "34": 5392470, "35": 5392470, "36": 5751968, "37": 6111466, "38": 6470964, "39": 6830462, "40": 7908956, "41": 8627952, "42": 9346948, "43": 9706446, "44": 10425442, "45": 10784940, "46": 10784940, "47": 10784940, "48": 10784940, "49": 10784940, "50": 10784940, "51": 10784940, "52": 10784940, "53": 11144438, "54": 11144438, "55": 11144438, "56": 11144438, "57": 11144438, "58": 11144438, "59": 11503936, "60": 12582430, "61": 12582430, "62": 12582430, "63": 12941928, "64": 12941928, "65": 13301426, "66": 13660924, "67": 14020422, "68": 14020422, "69": 14379920, "70": 14379920, "71": 14379920, "72": 14379920, "73": 15458414, "74": 16177410, "75": 17255904, "76": 17255904, "77": 17615402, "78": 17615402, "79": 17615402, "80": 17974900}}