{"train_loss": {"20": 2.1309581338329644, "40": 1.9206589297918806, "60": 1.835860431766327, "80": 2.0585034973561878}, "test_loss": {"20": 2.146990829043918, "40": 1.9339232312308416, "60": 1.8447766039106581, "80": 2.062883324093289}, "test_acc": {"20": 19.81111111111111, "40": 30.988888888888887, "60": 34.833333333333336, "80": 22.677777777777777}, "validation_loss": {"20": 2.1595942974090576, "40": 1.8951095342636108, "60": 1.801018238067627, "80": 2.064701557159424}, "validation_acc": {"20": 18.4, "40": 33.4, "60": 37.1, "80": 23.4}, "total_bytes": {"1": 359725, "2": 1078958, "3": 1798191, "4": 2877024, "5": 3596303, "6": 3955936, "7": 4315569, "8": 5034802, "9": 5394435, "10": 5754068, "11": 6473301, "12": 6832934, "13": 7552121, "14": 7911754, "15": 8271387, "16": 8631020, "17": 8990653, "18": 8990732, "19": 8990811, "20": 8990890, "21": 8990969, "22": 8991048, "23": 8991127, "24": 9350760, "25": 10069947, "26": 10070026, "27": 10429659, "28": 10789292, "29": 11508479, "30": 11508558, "31": 11508637, "32": 11508716, "33": 11508795, "34": 11508874, "35": 11868507, "36": 12587740, "37": 12947373, "38": 13307052, "39": 13307131, "40": 13666764, "41": 13666843, "42": 14026476, "43": 14386109, "44": 14745742, "45": 15105375, "46": 15465008, "47": 15824641, "48": 15824720, "49": 15824799, "50": 15824878, "51": 16184511, "52": 16903698, "53": 16903777, "54": 16903856, "55": 16903935, "56": 16904014, "57": 16904093, "58": 16904172, "59": 16904251, "60": 17623438, "61": 17623517, "62": 17983150, "63": 18702337, "64": 19421524, "65": 19421603, "66": 20140790, "67": 20140869, "68": 20140948, "69": 20141027, "70": 20141106, "71": 20141185, "72": 20141264, "73": 20500897, "74": 20860530, "75": 20860609, "76": 21220242, "77": 22298983, "78": 23018170, "79": 24816019, "80": 24816098}, "total_meta": {"1": 227, "2": 464, "3": 701, "4": 1040, "5": 1323, "6": 1458, "7": 1593, "8": 1830, "9": 1965, "10": 2100, "11": 2337, "12": 2472, "13": 2663, "14": 2798, "15": 2933, "16": 3068, "17": 3203, "18": 3282, "19": 3361, "20": 3440, "21": 3519, "22": 3598, "23": 3677, "24": 3812, "25": 4003, "26": 4082, "27": 4217, "28": 4352, "29": 4543, "30": 4622, "31": 4701, "32": 4780, "33": 4859, "34": 4938, "35": 5073, "36": 5310, "37": 5445, "38": 5626, "39": 5705, "40": 5840, "41": 5919, "42": 6054, "43": 6189, "44": 6324, "45": 6459, "46": 6594, "47": 6729, "48": 6808, "49": 6887, "50": 6966, "51": 7101, "52": 7292, "53": 7371, "54": 7450, "55": 7529, "56": 7608, "57": 7687, "58": 7766, "59": 7845, "60": 8036, "61": 8115, "62": 8250, "63": 8441, "64": 8632, "65": 8711, "66": 8902, "67": 8981, "68": 9060, "69": 9139, "70": 9218, "71": 9297, "72": 9376, "73": 9511, "74": 9646, "75": 9725, "76": 9860, "77": 10107, "78": 10298, "79": 10657, "80": 10736}, "total_data_per_n": {"1": 359498, "2": 1078494, "3": 1797490, "4": 2875984, "5": 3594980, "6": 3954478, "7": 4313976, "8": 5032972, "9": 5392470, "10": 5751968, "11": 6470964, "12": 6830462, "13": 7549458, "14": 7908956, "15": 8268454, "16": 8627952, "17": 8987450, "18": 8987450, "19": 8987450, "20": 8987450, "21": 8987450, "22": 8987450, "23": 8987450, "24": 9346948, "25": 10065944, "26": 10065944, "27": 10425442, "28": 10784940, "29": 11503936, "30": 11503936, "31": 11503936, "32": 11503936, "33": 11503936, "34": 11503936, "35": 11863434, "36": 12582430, "37": 12941928, "38": 13301426, "39": 13301426, "40": 13660924, "41": 13660924, "42": 14020422, "43": 14379920, "44": 14739418, "45": 15098916, "46": 15458414, "47": 15817912, "48": 15817912, "49": 15817912, "50": 15817912, "51": 16177410, "52": 16896406, "53": 16896406, "54": 16896406, "55": 16896406, "56": 16896406, "57": 16896406, "58": 16896406, "59": 16896406, "60": 17615402, "61": 17615402, "62": 17974900, "63": 18693896, "64": 19412892, "65": 19412892, "66": 20131888, "67": 20131888, "68": 20131888, "69": 20131888, "70": 20131888, "71": 20131888, "72": 20131888, "73": 20491386, "74": 20850884, "75": 20850884, "76": 21210382, "77": 22288876, "78": 23007872, "79": 24805362, "80": 24805362}}