{"train_loss": {"20": 2.257747646027929, "40": 2.0452194227595704, "60": 1.8996754303545962, "80": 1.7831420594122038}, "test_loss": {"20": 2.244788540734185, "40": 2.059798823462592, "60": 1.8957044680913289, "80": 1.7938686476813421}, "test_acc": {"20": 19.644444444444446, "40": 24.033333333333335, "60": 30.3, "80": 35.3}, "validation_loss": {"20": 2.262845516204834, "40": 2.056835412979126, "60": 1.8533201217651367, "80": 1.778676986694336}, "validation_acc": {"20": 18.2, "40": 22.8, "60": 33.3, "80": 35.9}, "total_bytes": {"1": 359725, "2": 1078958, "3": 1438591, "4": 2517424, "5": 2877057, "6": 2877136, "7": 2877215, "8": 3236894, "9": 3236973, "10": 3596652, "11": 3956285, "12": 4675472, "13": 5394659, "14": 6113846, "15": 6473479, "16": 6473558, "17": 6833237, "18": 6833316, "19": 6833395, "20": 6833474, "21": 7193107, "22": 7552740, "23": 7912373, "24": 8272006, "25": 8272085, "26": 8991272, "27": 9350905, "28": 9710538, "29": 9710617, "30": 10070250, "31": 10789437, "32": 11149070, "33": 11149149, "34": 11149228, "35": 11868461, "36": 12587648, "37": 12587727, "38": 12587806, "39": 12587885, "40": 12947518, "41": 13307151, "42": 13666784, "43": 13666863, "44": 14026496, "45": 14026575, "46": 14026654, "47": 14026733, "48": 14386366, "49": 14386445, "50": 14746078, "51": 14746157, "52": 14746236, "53": 14746315, "54": 15105948, "55": 15465581, "56": 15465660, "57": 15825293, "58": 15825372, "59": 16185051, "60": 16544684, "61": 16904317, "62": 16904396, "63": 16904475, "64": 16904554, "65": 16904633, "66": 17264266, "67": 17983453, "68": 18343086, "69": 18702719, "70": 19062352, "71": 19062431, "72": 19422064, "73": 20500805, "74": 20860438, "75": 20860517, "76": 20860596, "77": 20860675, "78": 21579862, "79": 22658603, "80": 23018236}, "total_meta": {"1": 227, "2": 464, "3": 599, "4": 938, "5": 1073, "6": 1152, "7": 1231, "8": 1412, "9": 1491, "10": 1672, "11": 1807, "12": 1998, "13": 2189, "14": 2380, "15": 2515, "16": 2594, "17": 2775, "18": 2854, "19": 2933, "20": 3012, "21": 3147, "22": 3282, "23": 3417, "24": 3552, "25": 3631, "26": 3822, "27": 3957, "28": 4092, "29": 4171, "30": 4306, "31": 4497, "32": 4632, "33": 4711, "34": 4790, "35": 5027, "36": 5218, "37": 5297, "38": 5376, "39": 5455, "40": 5590, "41": 5725, "42": 5860, "43": 5939, "44": 6074, "45": 6153, "46": 6232, "47": 6311, "48": 6446, "49": 6525, "50": 6660, "51": 6739, "52": 6818, "53": 6897, "54": 7032, "55": 7167, "56": 7246, "57": 7381, "58": 7460, "59": 7641, "60": 7776, "61": 7911, "62": 7990, "63": 8069, "64": 8148, "65": 8227, "66": 8362, "67": 8553, "68": 8688, "69": 8823, "70": 8958, "71": 9037, "72": 9172, "73": 9419, "74": 9554, "75": 9633, "76": 9712, "77": 9791, "78": 9982, "79": 10229, "80": 10364}, "total_data_per_n": {"1": 359498, "2": 1078494, "3": 1437992, "4": 2516486, "5": 2875984, "6": 2875984, "7": 2875984, "8": 3235482, "9": 3235482, "10": 3594980, "11": 3954478, "12": 4673474, "13": 5392470, "14": 6111466, "15": 6470964, "16": 6470964, "17": 6830462, "18": 6830462, "19": 6830462, "20": 6830462, "21": 7189960, "22": 7549458, "23": 7908956, "24": 8268454, "25": 8268454, "26": 8987450, "27": 9346948, "28": 9706446, "29": 9706446, "30": 10065944, "31": 10784940, "32": 11144438, "33": 11144438, "34": 11144438, "35": 11863434, "36": 12582430, "37": 12582430, "38": 12582430, "39": 12582430, "40": 12941928, "41": 13301426, "42": 13660924, "43": 13660924, "44": 14020422, "45": 14020422, "46": 14020422, "47": 14020422, "48": 14379920, "49": 14379920, "50": 14739418, "51": 14739418, "52": 14739418, "53": 14739418, "54": 15098916, "55": 15458414, "56": 15458414, "57": 15817912, "58": 15817912, "59": 16177410, "60": 16536908, "61": 16896406, "62": 16896406, "63": 16896406, "64": 16896406, "65": 16896406, "66": 17255904, "67": 17974900, "68": 18334398, "69": 18693896, "70": 19053394, "71": 19053394, "72": 19412892, "73": 20491386, "74": 20850884, "75": 20850884, "76": 20850884, "77": 20850884, "78": 21569880, "79": 22648374, "80": 23007872}}