{"train_loss": {"20": 2.0712026922808042, "40": 1.9579142247417838, "60": 1.8864647296477188, "80": 1.7679898917331804}, "test_loss": {"20": 2.0806343025631375, "40": 1.963991231388516, "60": 1.8957044680913289, "80": 1.766650292608473}, "test_acc": {"20": 23.633333333333333, "40": 29.522222222222222, "60": 30.3, "80": 37.455555555555556}, "validation_loss": {"20": 2.066300868988037, "40": 1.9386286735534668, "60": 1.8533201217651367, "80": 1.745741367340088}, "validation_acc": {"20": 24.2, "40": 31.7, "60": 33.3, "80": 36.8}, "total_bytes": {"1": 359725, "2": 1079004, "3": 1438637, "4": 1438716, "5": 1798395, "6": 1798474, "7": 1798553, "8": 1798632, "9": 2158265, "10": 2158344, "11": 2877531, "12": 3596764, "13": 4675505, "14": 5035184, "15": 5394817, "16": 5754450, "17": 5754529, "18": 6114162, "19": 6114241, "20": 6473874, "21": 6473953, "22": 6474032, "23": 6474111, "24": 6833744, "25": 7193377, "26": 7193456, "27": 7553089, "28": 7553168, "29": 7553247, "30": 7553326, "31": 7912959, "32": 8272592, "33": 8272671, "34": 8272750, "35": 8272829, "36": 8272908, "37": 8632587, "38": 8632666, "39": 8632745, "40": 9351932, "41": 9352011, "42": 9711644, "43": 10430877, "44": 10430956, "45": 10790589, "46": 10790668, "47": 11150301, "48": 11150380, "49": 11150459, "50": 11150538, "51": 11150617, "52": 11510250, "53": 11510329, "54": 11510408, "55": 11510487, "56": 11510566, "57": 11510645, "58": 11510724, "59": 11510803, "60": 11870436, "61": 12230069, "62": 12230148, "63": 12589781, "64": 12949414, "65": 13309047, "66": 13668680, "67": 13668759, "68": 13668838, "69": 13668917, "70": 13668996, "71": 13669075, "72": 13669154, "73": 13669233, "74": 13669312, "75": 14748053, "76": 14748132, "77": 15107765, "78": 15107844, "79": 15107923, "80": 15827110}, "total_meta": {"1": 227, "2": 510, "3": 645, "4": 724, "5": 905, "6": 984, "7": 1063, "8": 1142, "9": 1277, "10": 1356, "11": 1547, "12": 1784, "13": 2031, "14": 2212, "15": 2347, "16": 2482, "17": 2561, "18": 2696, "19": 2775, "20": 2910, "21": 2989, "22": 3068, "23": 3147, "24": 3282, "25": 3417, "26": 3496, "27": 3631, "28": 3710, "29": 3789, "30": 3868, "31": 4003, "32": 4138, "33": 4217, "34": 4296, "35": 4375, "36": 4454, "37": 4635, "38": 4714, "39": 4793, "40": 4984, "41": 5063, "42": 5198, "43": 5435, "44": 5514, "45": 5649, "46": 5728, "47": 5863, "48": 5942, "49": 6021, "50": 6100, "51": 6179, "52": 6314, "53": 6393, "54": 6472, "55": 6551, "56": 6630, "57": 6709, "58": 6788, "59": 6867, "60": 7002, "61": 7137, "62": 7216, "63": 7351, "64": 7486, "65": 7621, "66": 7756, "67": 7835, "68": 7914, "69": 7993, "70": 8072, "71": 8151, "72": 8230, "73": 8309, "74": 8388, "75": 8635, "76": 8714, "77": 8849, "78": 8928, "79": 9007, "80": 9198}, "total_data_per_n": {"1": 359498, "2": 1078494, "3": 1437992, "4": 1437992, "5": 1797490, "6": 1797490, "7": 1797490, "8": 1797490, "9": 2156988, "10": 2156988, "11": 2875984, "12": 3594980, "13": 4673474, "14": 5032972, "15": 5392470, "16": 5751968, "17": 5751968, "18": 6111466, "19": 6111466, "20": 6470964, "21": 6470964, "22": 6470964, "23": 6470964, "24": 6830462, "25": 7189960, "26": 7189960, "27": 7549458, "28": 7549458, "29": 7549458, "30": 7549458, "31": 7908956, "32": 8268454, "33": 8268454, "34": 8268454, "35": 8268454, "36": 8268454, "37": 8627952, "38": 8627952, "39": 8627952, "40": 9346948, "41": 9346948, "42": 9706446, "43": 10425442, "44": 10425442, "45": 10784940, "46": 10784940, "47": 11144438, "48": 11144438, "49": 11144438, "50": 11144438, "51": 11144438, "52": 11503936, "53": 11503936, "54": 11503936, "55": 11503936, "56": 11503936, "57": 11503936, "58": 11503936, "59": 11503936, "60": 11863434, "61": 12222932, "62": 12222932, "63": 12582430, "64": 12941928, "65": 13301426, "66": 13660924, "67": 13660924, "68": 13660924, "69": 13660924, "70": 13660924, "71": 13660924, "72": 13660924, "73": 13660924, "74": 13660924, "75": 14739418, "76": 14739418, "77": 15098916, "78": 15098916, "79": 15098916, "80": 15817912}}