{"train_loss": {"20": 2.045732181040202, "40": 1.9441884579905622, "60": 1.920301001497514, "80": 1.8331199584675384}, "test_loss": {"20": 2.0502228471967907, "40": 1.9613304005728827, "60": 1.941492305861579, "80": 1.8705365127987332}, "test_acc": {"20": 24.166666666666668, "40": 29.6, "60": 31.455555555555556, "80": 31.555555555555557}, "validation_loss": {"20": 2.0505452156066895, "40": 1.944751501083374, "60": 1.8819756507873535, "80": 1.8281468152999878}, "validation_acc": {"20": 23.0, "40": 29.8, "60": 34.4, "80": 32.6}, "total_bytes": {"1": 125, "2": 204, "3": 359883, "4": 359962, "5": 719641, "6": 1079320, "7": 1079399, "8": 1079478, "9": 1079557, "10": 1439236, "11": 1439315, "12": 2158594, "13": 2518273, "14": 3237506, "15": 3956693, "16": 4675926, "17": 5395159, "18": 5754792, "19": 6473979, "20": 7193166, "21": 7552799, "22": 7912432, "23": 7912511, "24": 7912590, "25": 8272223, "26": 8991410, "27": 9710597, "28": 10070230, "29": 10789417, "30": 11508604, "31": 11868237, "32": 11868316, "33": 12227949, "34": 12587582, "35": 13306769, "36": 13306848, "37": 13306927, "38": 13666606, "39": 13666685, "40": 14026318, "41": 14026397, "42": 14026476, "43": 14026555, "44": 14026634, "45": 14026713, "46": 14386346, "47": 14386425, "48": 14746058, "49": 15105691, "50": 15105770, "51": 15465403, "52": 15465482, "53": 15825115, "54": 16544302, "55": 16903935, "56": 16904014, "57": 16904093, "58": 17263726, "59": 17263805, "60": 17263884, "61": 17623517, "62": 17983150, "63": 18342783, "64": 18702416, "65": 19062049, "66": 19781236, "67": 19781315, "68": 20140948, "69": 20141027, "70": 20141106, "71": 20500739, "72": 20500818, "73": 20500897, "74": 20860530, "75": 21220163, "76": 21579796, "77": 21579875, "78": 21939508, "79": 21939587, "80": 21939666}, "total_meta": {"1": 125, "2": 204, "3": 385, "4": 464, "5": 645, "6": 826, "7": 905, "8": 984, "9": 1063, "10": 1244, "11": 1323, "12": 1606, "13": 1787, "14": 2024, "15": 2215, "16": 2452, "17": 2689, "18": 2824, "19": 3015, "20": 3206, "21": 3341, "22": 3476, "23": 3555, "24": 3634, "25": 3769, "26": 3960, "27": 4151, "28": 4286, "29": 4477, "30": 4668, "31": 4803, "32": 4882, "33": 5017, "34": 5152, "35": 5343, "36": 5422, "37": 5501, "38": 5682, "39": 5761, "40": 5896, "41": 5975, "42": 6054, "43": 6133, "44": 6212, "45": 6291, "46": 6426, "47": 6505, "48": 6640, "49": 6775, "50": 6854, "51": 6989, "52": 7068, "53": 7203, "54": 7394, "55": 7529, "56": 7608, "57": 7687, "58": 7822, "59": 7901, "60": 7980, "61": 8115, "62": 8250, "63": 8385, "64": 8520, "65": 8655, "66": 8846, "67": 8925, "68": 9060, "69": 9139, "70": 9218, "71": 9353, "72": 9432, "73": 9511, "74": 9646, "75": 9781, "76": 9916, "77": 9995, "78": 10130, "79": 10209, "80": 10288}, "total_data_per_n": {"1": 0, "2": 0, "3": 359498, "4": 359498, "5": 718996, "6": 1078494, "7": 1078494, "8": 1078494, "9": 1078494, "10": 1437992, "11": 1437992, "12": 2156988, "13": 2516486, "14": 3235482, "15": 3954478, "16": 4673474, "17": 5392470, "18": 5751968, "19": 6470964, "20": 7189960, "21": 7549458, "22": 7908956, "23": 7908956, "24": 7908956, "25": 8268454, "26": 8987450, "27": 9706446, "28": 10065944, "29": 10784940, "30": 11503936, "31": 11863434, "32": 11863434, "33": 12222932, "34": 12582430, "35": 13301426, "36": 13301426, "37": 13301426, "38": 13660924, "39": 13660924, "40": 14020422, "41": 14020422, "42": 14020422, "43": 14020422, "44": 14020422, "45": 14020422, "46": 14379920, "47": 14379920, "48": 14739418, "49": 15098916, "50": 15098916, "51": 15458414, "52": 15458414, "53": 15817912, "54": 16536908, "55": 16896406, "56": 16896406, "57": 16896406, "58": 17255904, "59": 17255904, "60": 17255904, "61": 17615402, "62": 17974900, "63": 18334398, "64": 18693896, "65": 19053394, "66": 19772390, "67": 19772390, "68": 20131888, "69": 20131888, "70": 20131888, "71": 20491386, "72": 20491386, "73": 20491386, "74": 20850884, "75": 21210382, "76": 21569880, "77": 21569880, "78": 21929378, "79": 21929378, "80": 21929378}}