{"train_loss": {"20": 2.18249139584415, "40": 2.0369733626920294, "60": 1.8352876098508342, "80": 1.893895538892032}, "test_loss": {"20": 2.195681518978543, "40": 2.0274679925706653, "60": 1.8442598316404555, "80": 1.9011948241127863}, "test_acc": {"20": 20.122222222222224, "40": 22.711111111111112, "60": 33.62222222222222, "80": 29.11111111111111}, "validation_loss": {"20": 2.17771577835083, "40": 1.9592807292938232, "60": 1.8069835901260376, "80": 1.8744957447052002}, "validation_acc": {"20": 20.2, "40": 27.6, "60": 36.2, "80": 31.9}, "total_bytes": {"1": 125, "2": 204, "3": 283, "4": 362, "5": 441, "6": 719720, "7": 719799, "8": 719878, "9": 719957, "10": 720036, "11": 1079715, "12": 1079794, "13": 1079873, "14": 1079952, "15": 1080031, "16": 1080110, "17": 1080189, "18": 1439868, "19": 1799501, "20": 1799580, "21": 1799659, "22": 1799738, "23": 1799817, "24": 1799896, "25": 2519129, "26": 2519208, "27": 2519287, "28": 2519366, "29": 2519445, "30": 3238678, "31": 3238757, "32": 3598390, "33": 3958023, "34": 4317702, "35": 5036889, "36": 5396522, "37": 5396601, "38": 6115834, "39": 6475467, "40": 6475546, "41": 6475625, "42": 6835258, "43": 6835337, "44": 7194970, "45": 7195049, "46": 7195128, "47": 7195207, "48": 7914394, "49": 8274027, "50": 8274106, "51": 8274185, "52": 8274264, "53": 8274343, "54": 8274422, "55": 8634055, "56": 8634134, "57": 8634213, "58": 8634292, "59": 9353525, "60": 10072712, "61": 10432345, "62": 10791978, "63": 11151611, "64": 11151690, "65": 11151769, "66": 11151848, "67": 11511481, "68": 11871160, "69": 12230793, "70": 12230872, "71": 12590505, "72": 12950138, "73": 13309771, "74": 13669404, "75": 14029037, "76": 14388670, "77": 14388749, "78": 14388828, "79": 14388907, "80": 14388986}, "total_meta": {"1": 125, "2": 204, "3": 283, "4": 362, "5": 441, "6": 724, "7": 803, "8": 882, "9": 961, "10": 1040, "11": 1221, "12": 1300, "13": 1379, "14": 1458, "15": 1537, "16": 1616, "17": 1695, "18": 1876, "19": 2011, "20": 2090, "21": 2169, "22": 2248, "23": 2327, "24": 2406, "25": 2643, "26": 2722, "27": 2801, "28": 2880, "29": 2959, "30": 3196, "31": 3275, "32": 3410, "33": 3545, "34": 3726, "35": 3917, "36": 4052, "37": 4131, "38": 4368, "39": 4503, "40": 4582, "41": 4661, "42": 4796, "43": 4875, "44": 5010, "45": 5089, "46": 5168, "47": 5247, "48": 5438, "49": 5573, "50": 5652, "51": 5731, "52": 5810, "53": 5889, "54": 5968, "55": 6103, "56": 6182, "57": 6261, "58": 6340, "59": 6577, "60": 6768, "61": 6903, "62": 7038, "63": 7173, "64": 7252, "65": 7331, "66": 7410, "67": 7545, "68": 7726, "69": 7861, "70": 7940, "71": 8075, "72": 8210, "73": 8345, "74": 8480, "75": 8615, "76": 8750, "77": 8829, "78": 8908, "79": 8987, "80": 9066}, "total_data_per_n": {"1": 0, "2": 0, "3": 0, "4": 0, "5": 0, "6": 718996, "7": 718996, "8": 718996, "9": 718996, "10": 718996, "11": 1078494, "12": 1078494, "13": 1078494, "14": 1078494, "15": 1078494, "16": 1078494, "17": 1078494, "18": 1437992, "19": 1797490, "20": 1797490, "21": 1797490, "22": 1797490, "23": 1797490, "24": 1797490, "25": 2516486, "26": 2516486, "27": 2516486, "28": 2516486, "29": 2516486, "30": 3235482, "31": 3235482, "32": 3594980, "33": 3954478, "34": 4313976, "35": 5032972, "36": 5392470, "37": 5392470, "38": 6111466, "39": 6470964, "40": 6470964, "41": 6470964, "42": 6830462, "43": 6830462, "44": 7189960, "45": 7189960, "46": 7189960, "47": 7189960, "48": 7908956, "49": 8268454, "50": 8268454, "51": 8268454, "52": 8268454, "53": 8268454, "54": 8268454, "55": 8627952, "56": 8627952, "57": 8627952, "58": 8627952, "59": 9346948, "60": 10065944, "61": 10425442, "62": 10784940, "63": 11144438, "64": 11144438, "65": 11144438, "66": 11144438, "67": 11503936, "68": 11863434, "69": 12222932, "70": 12222932, "71": 12582430, "72": 12941928, "73": 13301426, "74": 13660924, "75": 14020422, "76": 14379920, "77": 14379920, "78": 14379920, "79": 14379920, "80": 14379920}}