{"train_loss": {"20": 2.2385140545523488, "40": 1.9646706469214281, "60": 1.9187750738699318, "80": 2.015111058607869}, "test_loss": {"20": 2.2415857050153942, "40": 1.9758811394373577, "60": 1.9340527190102472, "80": 2.025996830728319}, "test_acc": {"20": 17.81111111111111, "40": 28.122222222222224, "60": 29.455555555555556, "80": 26.8}, "validation_loss": {"20": 2.2452762126922607, "40": 1.9263765811920166, "60": 1.8855277299880981, "80": 2.031782865524292}, "validation_acc": {"20": 18.4, "40": 30.6, "60": 31.9, "80": 27.2}, "total_bytes": {"1": 359725, "2": 1078958, "3": 1079037, "4": 1438670, "5": 2157903, "6": 3236736, "7": 3236815, "8": 3236894, "9": 3236973, "10": 3596652, "11": 3596731, "12": 3596810, "13": 3956443, "14": 3956522, "15": 3956601, "16": 4675834, "17": 4675913, "18": 4675992, "19": 5035625, "20": 5035704, "21": 5035783, "22": 5035862, "23": 5035941, "24": 5036020, "25": 5036099, "26": 5036178, "27": 5036257, "28": 5036336, "29": 5036415, "30": 5396094, "31": 6115327, "32": 6474960, "33": 6834593, "34": 7553780, "35": 7913413, "36": 8992154, "37": 9351787, "38": 10070974, "39": 10790161, "40": 11509348, "41": 11868981, "42": 11869060, "43": 11869139, "44": 11869218, "45": 11869297, "46": 11869376, "47": 12229055, "48": 12229134, "49": 12229213, "50": 12588846, "51": 12588925, "52": 12948558, "53": 12948637, "54": 12948716, "55": 12948795, "56": 12948874, "57": 13668107, "58": 14027740, "59": 14746927, "60": 14747006, "61": 15106639, "62": 15466272, "63": 15466351, "64": 15466430, "65": 15466509, "66": 15466588, "67": 15826221, "68": 16185854, "69": 16185933, "70": 16186012, "71": 16186091, "72": 16186170, "73": 16186249, "74": 16186328, "75": 16186407, "76": 16186486, "77": 16186565, "78": 16186644, "79": 16186723, "80": 16186802}, "total_meta": {"1": 227, "2": 464, "3": 543, "4": 678, "5": 915, "6": 1254, "7": 1333, "8": 1412, "9": 1491, "10": 1672, "11": 1751, "12": 1830, "13": 1965, "14": 2044, "15": 2123, "16": 2360, "17": 2439, "18": 2518, "19": 2653, "20": 2732, "21": 2811, "22": 2890, "23": 2969, "24": 3048, "25": 3127, "26": 3206, "27": 3285, "28": 3364, "29": 3443, "30": 3624, "31": 3861, "32": 3996, "33": 4131, "34": 4322, "35": 4457, "36": 4704, "37": 4839, "38": 5030, "39": 5221, "40": 5412, "41": 5547, "42": 5626, "43": 5705, "44": 5784, "45": 5863, "46": 5942, "47": 6123, "48": 6202, "49": 6281, "50": 6416, "51": 6495, "52": 6630, "53": 6709, "54": 6788, "55": 6867, "56": 6946, "57": 7183, "58": 7318, "59": 7509, "60": 7588, "61": 7723, "62": 7858, "63": 7937, "64": 8016, "65": 8095, "66": 8174, "67": 8309, "68": 8444, "69": 8523, "70": 8602, "71": 8681, "72": 8760, "73": 8839, "74": 8918, "75": 8997, "76": 9076, "77": 9155, "78": 9234, "79": 9313, "80": 9392}, "total_data_per_n": {"1": 359498, "2": 1078494, "3": 1078494, "4": 1437992, "5": 2156988, "6": 3235482, "7": 3235482, "8": 3235482, "9": 3235482, "10": 3594980, "11": 3594980, "12": 3594980, "13": 3954478, "14": 3954478, "15": 3954478, "16": 4673474, "17": 4673474, "18": 4673474, "19": 5032972, "20": 5032972, "21": 5032972, "22": 5032972, "23": 5032972, "24": 5032972, "25": 5032972, "26": 5032972, "27": 5032972, "28": 5032972, "29": 5032972, "30": 5392470, "31": 6111466, "32": 6470964, "33": 6830462, "34": 7549458, "35": 7908956, "36": 8987450, "37": 9346948, "38": 10065944, "39": 10784940, "40": 11503936, "41": 11863434, "42": 11863434, "43": 11863434, "44": 11863434, "45": 11863434, "46": 11863434, "47": 12222932, "48": 12222932, "49": 12222932, "50": 12582430, "51": 12582430, "52": 12941928, "53": 12941928, "54": 12941928, "55": 12941928, "56": 12941928, "57": 13660924, "58": 14020422, "59": 14739418, "60": 14739418, "61": 15098916, "62": 15458414, "63": 15458414, "64": 15458414, "65": 15458414, "66": 15458414, "67": 15817912, "68": 16177410, "69": 16177410, "70": 16177410, "71": 16177410, "72": 16177410, "73": 16177410, "74": 16177410, "75": 16177410, "76": 16177410, "77": 16177410, "78": 16177410, "79": 16177410, "80": 16177410}}