{"train_loss": {"20": 2.061209867874629, "40": 2.066446687575723, "60": 1.9809008733782338, "80": 1.8086376913220776}, "test_loss": {"20": 2.068360964457194, "40": 2.0754399034712048, "60": 1.987709879875183, "80": 1.8091644181145563}, "test_acc": {"20": 23.92222222222222, "40": 23.488888888888887, "60": 31.22222222222222, "80": 33.46666666666667}, "validation_loss": {"20": 2.05996036529541, "40": 2.0246963500976562, "60": 1.95064115524292, "80": 1.7967817783355713}, "validation_acc": {"20": 25.2, "40": 25.4, "60": 34.6, "80": 33.9}, "total_bytes": {"1": 359725, "2": 719404, "3": 1079083, "4": 1438716, "5": 1438795, "6": 1438874, "7": 1438953, "8": 1439032, "9": 1798711, "10": 2158390, "11": 2518023, "12": 2518102, "13": 2877735, "14": 3596922, "15": 4316109, "16": 4316188, "17": 4316267, "18": 5035546, "19": 5395179, "20": 5395258, "21": 5395337, "22": 5395416, "23": 5395495, "24": 5395574, "25": 6114761, "26": 6474394, "27": 6474473, "28": 6474552, "29": 6834231, "30": 7193910, "31": 7193989, "32": 7194068, "33": 7194147, "34": 7194226, "35": 7913413, "36": 8632600, "37": 8992279, "38": 8992358, "39": 9351991, "40": 9352070, "41": 9352149, "42": 9352228, "43": 9711861, "44": 10071494, "45": 10431127, "46": 10431206, "47": 10790839, "48": 11150472, "49": 11510105, "50": 11869738, "51": 11869817, "52": 12229450, "53": 12589083, "54": 13667824, "55": 14027457, "56": 14387090, "57": 14387169, "58": 15106356, "59": 15106435, "60": 15106514, "61": 15825701, "62": 15825780, "63": 15825859, "64": 15825938, "65": 15826017, "66": 16185650, "67": 16545283, "68": 16545362, "69": 16904995, "70": 16905074, "71": 17264707, "72": 17264786, "73": 17624419, "74": 17624498, "75": 17624577, "76": 17984210, "77": 17984289, "78": 18343922, "79": 18344001, "80": 18703634}, "total_meta": {"1": 227, "2": 408, "3": 589, "4": 724, "5": 803, "6": 882, "7": 961, "8": 1040, "9": 1221, "10": 1402, "11": 1537, "12": 1616, "13": 1751, "14": 1942, "15": 2133, "16": 2212, "17": 2291, "18": 2574, "19": 2709, "20": 2788, "21": 2867, "22": 2946, "23": 3025, "24": 3104, "25": 3295, "26": 3430, "27": 3509, "28": 3588, "29": 3769, "30": 3950, "31": 4029, "32": 4108, "33": 4187, "34": 4266, "35": 4457, "36": 4648, "37": 4829, "38": 4908, "39": 5043, "40": 5122, "41": 5201, "42": 5280, "43": 5415, "44": 5550, "45": 5685, "46": 5764, "47": 5899, "48": 6034, "49": 6169, "50": 6304, "51": 6383, "52": 6518, "53": 6653, "54": 6900, "55": 7035, "56": 7170, "57": 7249, "58": 7440, "59": 7519, "60": 7598, "61": 7789, "62": 7868, "63": 7947, "64": 8026, "65": 8105, "66": 8240, "67": 8375, "68": 8454, "69": 8589, "70": 8668, "71": 8803, "72": 8882, "73": 9017, "74": 9096, "75": 9175, "76": 9310, "77": 9389, "78": 9524, "79": 9603, "80": 9738}, "total_data_per_n": {"1": 359498, "2": 718996, "3": 1078494, "4": 1437992, "5": 1437992, "6": 1437992, "7": 1437992, "8": 1437992, "9": 1797490, "10": 2156988, "11": 2516486, "12": 2516486, "13": 2875984, "14": 3594980, "15": 4313976, "16": 4313976, "17": 4313976, "18": 5032972, "19": 5392470, "20": 5392470, "21": 5392470, "22": 5392470, "23": 5392470, "24": 5392470, "25": 6111466, "26": 6470964, "27": 6470964, "28": 6470964, "29": 6830462, "30": 7189960, "31": 7189960, "32": 7189960, "33": 7189960, "34": 7189960, "35": 7908956, "36": 8627952, "37": 8987450, "38": 8987450, "39": 9346948, "40": 9346948, "41": 9346948, "42": 9346948, "43": 9706446, "44": 10065944, "45": 10425442, "46": 10425442, "47": 10784940, "48": 11144438, "49": 11503936, "50": 11863434, "51": 11863434, "52": 12222932, "53": 12582430, "54": 13660924, "55": 14020422, "56": 14379920, "57": 14379920, "58": 15098916, "59": 15098916, "60": 15098916, "61": 15817912, "62": 15817912, "63": 15817912, "64": 15817912, "65": 15817912, "66": 16177410, "67": 16536908, "68": 16536908, "69": 16896406, "70": 16896406, "71": 17255904, "72": 17255904, "73": 17615402, "74": 17615402, "75": 17615402, "76": 17974900, "77": 17974900, "78": 18334398, "79": 18334398, "80": 18693896}}