{"train_loss": {"20": 2.1283806699708876, "40": 2.2441133807579523, "60": 2.0108556774893556, "80": 1.931171186597242}, "test_loss": {"20": 2.117691304948595, "40": 2.2302344110276966, "60": 2.021825525495741, "80": 1.928629411591424}, "test_acc": {"20": 20.77777777777778, "40": 17.677777777777777, "60": 27.38888888888889, "80": 31.655555555555555}, "validation_loss": {"20": 2.1093664169311523, "40": 2.2225594520568848, "60": 1.9539673328399658, "80": 1.8669767379760742}, "validation_acc": {"20": 21.7, "40": 19.8, "60": 29.5, "80": 35.1}, "total_bytes": {"1": 359725, "2": 359804, "3": 719483, "4": 719562, "5": 1798395, "6": 2158074, "7": 2877261, "8": 3236894, "9": 3596527, "10": 3956160, "11": 3956239, "12": 3956318, "13": 4315997, "14": 4316076, "15": 4316155, "16": 5035342, "17": 5394975, "18": 5754608, "19": 6473795, "20": 6833474, "21": 7552707, "22": 7912340, "23": 7912419, "24": 8631606, "25": 8991239, "26": 9350872, "27": 10429659, "28": 10429738, "29": 11148925, "30": 11508558, "31": 12227745, "32": 12227824, "33": 12947011, "34": 12947090, "35": 12947169, "36": 13306802, "37": 13666435, "38": 14385622, "39": 14745255, "40": 14745334, "41": 15104967, "42": 15464600, "43": 15464679, "44": 15824312, "45": 15824391, "46": 16184070, "47": 16543703, "48": 17262890, "49": 17622523, "50": 17982156, "51": 18341789, "52": 18341868, "53": 18701501, "54": 19061134, "55": 19061213, "56": 19061292, "57": 19061371, "58": 19421004, "59": 20140191, "60": 20140270, "61": 20140349, "62": 20140428, "63": 20140507, "64": 20140586, "65": 20140665, "66": 20140744, "67": 20140823, "68": 20500502, "69": 21219689, "70": 21219768, "71": 21219847, "72": 21579480, "73": 21579559, "74": 21939192, "75": 21939271, "76": 22298904, "77": 22298983, "78": 22299062, "79": 22299141, "80": 22299220}, "total_meta": {"1": 227, "2": 306, "3": 487, "4": 566, "5": 905, "6": 1086, "7": 1277, "8": 1412, "9": 1547, "10": 1682, "11": 1761, "12": 1840, "13": 2021, "14": 2100, "15": 2179, "16": 2370, "17": 2505, "18": 2640, "19": 2831, "20": 3012, "21": 3249, "22": 3384, "23": 3463, "24": 3654, "25": 3789, "26": 3924, "27": 4217, "28": 4296, "29": 4487, "30": 4622, "31": 4813, "32": 4892, "33": 5083, "34": 5162, "35": 5241, "36": 5376, "37": 5511, "38": 5702, "39": 5837, "40": 5916, "41": 6051, "42": 6186, "43": 6265, "44": 6400, "45": 6479, "46": 6660, "47": 6795, "48": 6986, "49": 7121, "50": 7256, "51": 7391, "52": 7470, "53": 7605, "54": 7740, "55": 7819, "56": 7898, "57": 7977, "58": 8112, "59": 8303, "60": 8382, "61": 8461, "62": 8540, "63": 8619, "64": 8698, "65": 8777, "66": 8856, "67": 8935, "68": 9116, "69": 9307, "70": 9386, "71": 9465, "72": 9600, "73": 9679, "74": 9814, "75": 9893, "76": 10028, "77": 10107, "78": 10186, "79": 10265, "80": 10344}, "total_data_per_n": {"1": 359498, "2": 359498, "3": 718996, "4": 718996, "5": 1797490, "6": 2156988, "7": 2875984, "8": 3235482, "9": 3594980, "10": 3954478, "11": 3954478, "12": 3954478, "13": 4313976, "14": 4313976, "15": 4313976, "16": 5032972, "17": 5392470, "18": 5751968, "19": 6470964, "20": 6830462, "21": 7549458, "22": 7908956, "23": 7908956, "24": 8627952, "25": 8987450, "26": 9346948, "27": 10425442, "28": 10425442, "29": 11144438, "30": 11503936, "31": 12222932, "32": 12222932, "33": 12941928, "34": 12941928, "35": 12941928, "36": 13301426, "37": 13660924, "38": 14379920, "39": 14739418, "40": 14739418, "41": 15098916, "42": 15458414, "43": 15458414, "44": 15817912, "45": 15817912, "46": 16177410, "47": 16536908, "48": 17255904, "49": 17615402, "50": 17974900, "51": 18334398, "52": 18334398, "53": 18693896, "54": 19053394, "55": 19053394, "56": 19053394, "57": 19053394, "58": 19412892, "59": 20131888, "60": 20131888, "61": 20131888, "62": 20131888, "63": 20131888, "64": 20131888, "65": 20131888, "66": 20131888, "67": 20131888, "68": 20491386, "69": 21210382, "70": 21210382, "71": 21210382, "72": 21569880, "73": 21569880, "74": 21929378, "75": 21929378, "76": 22288876, "77": 22288876, "78": 22288876, "79": 22288876, "80": 22288876}}