{"train_loss": {"20": 2.112494800919077, "40": 1.9727158617378424, "60": 1.9347112581505657, "80": 1.7874443478410396}, "test_loss": {"20": 2.117691304948595, "40": 1.975881126191881, "60": 1.9380323621961806, "80": 1.789182676209344}, "test_acc": {"20": 20.77777777777778, "40": 28.122222222222224, "60": 25.255555555555556, "80": 37.31111111111111}, "validation_loss": {"20": 2.1093664169311523, "40": 1.9263765811920166, "60": 1.8913171291351318, "80": 1.752049446105957}, "validation_acc": {"20": 21.7, "40": 30.6, "60": 28.6, "80": 37.1}, "total_bytes": {"1": 125, "2": 204, "3": 283, "4": 359962, "5": 719595, "6": 1079274, "7": 1438907, "8": 1438986, "9": 1798619, "10": 1798698, "11": 1798777, "12": 1798856, "13": 1798935, "14": 1799014, "15": 1799093, "16": 1799172, "17": 1799251, "18": 1799330, "19": 1799409, "20": 2159088, "21": 2159167, "22": 2159246, "23": 2159325, "24": 2159404, "25": 2159483, "26": 2159562, "27": 2159641, "28": 2159720, "29": 2519399, "30": 2879032, "31": 3238711, "32": 3238790, "33": 3958023, "34": 3958102, "35": 3958181, "36": 3958260, "37": 3958339, "38": 4317972, "39": 5037159, "40": 5756346, "41": 6116025, "42": 6475704, "43": 6835337, "44": 7195016, "45": 7554649, "46": 7554728, "47": 7914361, "48": 8273994, "49": 8633627, "50": 8993260, "51": 8993339, "52": 8993418, "53": 9712651, "54": 9712730, "55": 10072363, "56": 10072442, "57": 10072521, "58": 10432154, "59": 10432233, "60": 10432312, "61": 10432391, "62": 10432470, "63": 10792103, "64": 11151736, "65": 11151815, "66": 11151894, "67": 11511527, "68": 11871160, "69": 11871239, "70": 11871318, "71": 11871397, "72": 11871476, "73": 11871555, "74": 11871634, "75": 11871713, "76": 12231346, "77": 12231425, "78": 12231504, "79": 12231583, "80": 12591216}, "total_meta": {"1": 125, "2": 204, "3": 283, "4": 464, "5": 599, "6": 780, "7": 915, "8": 994, "9": 1129, "10": 1208, "11": 1287, "12": 1366, "13": 1445, "14": 1524, "15": 1603, "16": 1682, "17": 1761, "18": 1840, "19": 1919, "20": 2100, "21": 2179, "22": 2258, "23": 2337, "24": 2416, "25": 2495, "26": 2574, "27": 2653, "28": 2732, "29": 2913, "30": 3048, "31": 3229, "32": 3308, "33": 3545, "34": 3624, "35": 3703, "36": 3782, "37": 3861, "38": 3996, "39": 4187, "40": 4378, "41": 4559, "42": 4740, "43": 4875, "44": 5056, "45": 5191, "46": 5270, "47": 5405, "48": 5540, "49": 5675, "50": 5810, "51": 5889, "52": 5968, "53": 6205, "54": 6284, "55": 6419, "56": 6498, "57": 6577, "58": 6712, "59": 6791, "60": 6870, "61": 6949, "62": 7028, "63": 7163, "64": 7298, "65": 7377, "66": 7456, "67": 7591, "68": 7726, "69": 7805, "70": 7884, "71": 7963, "72": 8042, "73": 8121, "74": 8200, "75": 8279, "76": 8414, "77": 8493, "78": 8572, "79": 8651, "80": 8786}, "total_data_per_n": {"1": 0, "2": 0, "3": 0, "4": 359498, "5": 718996, "6": 1078494, "7": 1437992, "8": 1437992, "9": 1797490, "10": 1797490, "11": 1797490, "12": 1797490, "13": 1797490, "14": 1797490, "15": 1797490, "16": 1797490, "17": 1797490, "18": 1797490, "19": 1797490, "20": 2156988, "21": 2156988, "22": 2156988, "23": 2156988, "24": 2156988, "25": 2156988, "26": 2156988, "27": 2156988, "28": 2156988, "29": 2516486, "30": 2875984, "31": 3235482, "32": 3235482, "33": 3954478, "34": 3954478, "35": 3954478, "36": 3954478, "37": 3954478, "38": 4313976, "39": 5032972, "40": 5751968, "41": 6111466, "42": 6470964, "43": 6830462, "44": 7189960, "45": 7549458, "46": 7549458, "47": 7908956, "48": 8268454, "49": 8627952, "50": 8987450, "51": 8987450, "52": 8987450, "53": 9706446, "54": 9706446, "55": 10065944, "56": 10065944, "57": 10065944, "58": 10425442, "59": 10425442, "60": 10425442, "61": 10425442, "62": 10425442, "63": 10784940, "64": 11144438, "65": 11144438, "66": 11144438, "67": 11503936, "68": 11863434, "69": 11863434, "70": 11863434, "71": 11863434, "72": 11863434, "73": 11863434, "74": 11863434, "75": 11863434, "76": 12222932, "77": 12222932, "78": 12222932, "79": 12222932, "80": 12582430}}