{"train_loss": {"20": 2.1387165121290828, "40": 1.9732331556916922, "60": 1.8392480410449565, "80": 1.7985724153536982}, "test_loss": {"20": 2.1529881954193115, "40": 1.9962681266996596, "60": 1.844259844885932, "80": 1.8104720910390217}, "test_acc": {"20": 20.08888888888889, "40": 25.844444444444445, "60": 33.62222222222222, "80": 33.666666666666664}, "validation_loss": {"20": 2.166775941848755, "40": 1.9745346307754517, "60": 1.806983470916748, "80": 1.7865079641342163}, "validation_acc": {"20": 18.9, "40": 27.4, "60": 36.2, "80": 35.4}, "total_bytes": {"1": 125, "2": 359804, "3": 359883, "4": 719516, "5": 1798349, "6": 2517582, "7": 3236815, "8": 3596448, "9": 3956081, "10": 3956160, "11": 3956239, "12": 3956318, "13": 4315997, "14": 5035230, "15": 5394863, "16": 5394942, "17": 5395021, "18": 5754700, "19": 5754779, "20": 5754858, "21": 5754937, "22": 5755016, "23": 5755095, "24": 6114774, "25": 6114853, "26": 6474486, "27": 6834119, "28": 7193752, "29": 7912939, "30": 8632126, "31": 9351313, "32": 9351392, "33": 9711025, "34": 10070658, "35": 10070737, "36": 10070816, "37": 10070895, "38": 10070974, "39": 10071053, "40": 10430686, "41": 10790319, "42": 11509506, "43": 11509585, "44": 11869218, "45": 11869297, "46": 12228930, "47": 12588563, "48": 12588642, "49": 12588721, "50": 12588800, "51": 12588879, "52": 12588958, "53": 12948637, "54": 13667824, "55": 13667903, "56": 13667982, "57": 14387169, "58": 14387248, "59": 15106435, "60": 15825622, "61": 16185255, "62": 16185334, "63": 16185413, "64": 16185492, "65": 16545125, "66": 17264312, "67": 17983545, "68": 18343178, "69": 18343257, "70": 18702890, "71": 18702969, "72": 18703048, "73": 18703127, "74": 18703206, "75": 18703285, "76": 18703364, "77": 18703443, "78": 18703522, "79": 18703601, "80": 19063234}, "total_meta": {"1": 125, "2": 306, "3": 385, "4": 520, "5": 859, "6": 1096, "7": 1333, "8": 1468, "9": 1603, "10": 1682, "11": 1761, "12": 1840, "13": 2021, "14": 2258, "15": 2393, "16": 2472, "17": 2551, "18": 2732, "19": 2811, "20": 2890, "21": 2969, "22": 3048, "23": 3127, "24": 3308, "25": 3387, "26": 3522, "27": 3657, "28": 3792, "29": 3983, "30": 4174, "31": 4365, "32": 4444, "33": 4579, "34": 4714, "35": 4793, "36": 4872, "37": 4951, "38": 5030, "39": 5109, "40": 5244, "41": 5379, "42": 5570, "43": 5649, "44": 5784, "45": 5863, "46": 5998, "47": 6133, "48": 6212, "49": 6291, "50": 6370, "51": 6449, "52": 6528, "53": 6709, "54": 6900, "55": 6979, "56": 7058, "57": 7249, "58": 7328, "59": 7519, "60": 7710, "61": 7845, "62": 7924, "63": 8003, "64": 8082, "65": 8217, "66": 8408, "67": 8645, "68": 8780, "69": 8859, "70": 8994, "71": 9073, "72": 9152, "73": 9231, "74": 9310, "75": 9389, "76": 9468, "77": 9547, "78": 9626, "79": 9705, "80": 9840}, "total_data_per_n": {"1": 0, "2": 359498, "3": 359498, "4": 718996, "5": 1797490, "6": 2516486, "7": 3235482, "8": 3594980, "9": 3954478, "10": 3954478, "11": 3954478, "12": 3954478, "13": 4313976, "14": 5032972, "15": 5392470, "16": 5392470, "17": 5392470, "18": 5751968, "19": 5751968, "20": 5751968, "21": 5751968, "22": 5751968, "23": 5751968, "24": 6111466, "25": 6111466, "26": 6470964, "27": 6830462, "28": 7189960, "29": 7908956, "30": 8627952, "31": 9346948, "32": 9346948, "33": 9706446, "34": 10065944, "35": 10065944, "36": 10065944, "37": 10065944, "38": 10065944, "39": 10065944, "40": 10425442, "41": 10784940, "42": 11503936, "43": 11503936, "44": 11863434, "45": 11863434, "46": 12222932, "47": 12582430, "48": 12582430, "49": 12582430, "50": 12582430, "51": 12582430, "52": 12582430, "53": 12941928, "54": 13660924, "55": 13660924, "56": 13660924, "57": 14379920, "58": 14379920, "59": 15098916, "60": 15817912, "61": 16177410, "62": 16177410, "63": 16177410, "64": 16177410, "65": 16536908, "66": 17255904, "67": 17974900, "68": 18334398, "69": 18334398, "70": 18693896, "71": 18693896, "72": 18693896, "73": 18693896, "74": 18693896, "75": 18693896, "76": 18693896, "77": 18693896, "78": 18693896, "79": 18693896, "80": 19053394}}