{"train_loss": {"20": 2.1851608920234638, "40": 1.9767108116863785, "60": 2.138454299513072, "80": 1.7472961294445104}, "test_loss": {"20": 2.1895332601335316, "40": 1.9758810599644978, "60": 2.138555367787679, "80": 1.7488975922266643}, "test_acc": {"20": 19.344444444444445, "40": 28.122222222222224, "60": 21.855555555555554, "80": 39.18888888888889}, "validation_loss": {"20": 2.1842408180236816, "40": 1.9263765811920166, "60": 2.082062005996704, "80": 1.7186001539230347}, "validation_acc": {"20": 20.3, "40": 30.6, "60": 23.2, "80": 41.3}, "total_bytes": {"1": 125, "2": 359804, "3": 359883, "4": 719516, "5": 719595, "6": 719674, "7": 719753, "8": 719832, "9": 719911, "10": 1439190, "11": 1439269, "12": 1439348, "13": 1798981, "14": 2518260, "15": 2518339, "16": 2877972, "17": 2878051, "18": 2878130, "19": 3237763, "20": 3237842, "21": 3957075, "22": 3957154, "23": 3957233, "24": 4676420, "25": 5395653, "26": 5395732, "27": 5395811, "28": 5395890, "29": 5395969, "30": 5396048, "31": 5396127, "32": 5755806, "33": 6834593, "34": 7194226, "35": 7194305, "36": 7194384, "37": 7194463, "38": 7194542, "39": 7554175, "40": 8273362, "41": 8273441, "42": 8633074, "43": 8633153, "44": 8633232, "45": 8633311, "46": 8992944, "47": 8993023, "48": 9352702, "49": 9352781, "50": 9712414, "51": 9712493, "52": 10072126, "53": 10072205, "54": 10072284, "55": 10072363, "56": 10431996, "57": 10432075, "58": 10791708, "59": 10791787, "60": 10791866, "61": 10791945, "62": 11151578, "63": 11151657, "64": 11511290, "65": 11511369, "66": 11511448, "67": 11511527, "68": 11511606, "69": 11511685, "70": 11511764, "71": 11511843, "72": 11871476, "73": 11871555, "74": 11871634, "75": 12231267, "76": 12231346, "77": 12590979, "78": 13310166, "79": 14029353, "80": 14748540}, "total_meta": {"1": 125, "2": 306, "3": 385, "4": 520, "5": 599, "6": 678, "7": 757, "8": 836, "9": 915, "10": 1198, "11": 1277, "12": 1356, "13": 1491, "14": 1774, "15": 1853, "16": 1988, "17": 2067, "18": 2146, "19": 2281, "20": 2360, "21": 2597, "22": 2676, "23": 2755, "24": 2946, "25": 3183, "26": 3262, "27": 3341, "28": 3420, "29": 3499, "30": 3578, "31": 3657, "32": 3838, "33": 4131, "34": 4266, "35": 4345, "36": 4424, "37": 4503, "38": 4582, "39": 4717, "40": 4908, "41": 4987, "42": 5122, "43": 5201, "44": 5280, "45": 5359, "46": 5494, "47": 5573, "48": 5754, "49": 5833, "50": 5968, "51": 6047, "52": 6182, "53": 6261, "54": 6340, "55": 6419, "56": 6554, "57": 6633, "58": 6768, "59": 6847, "60": 6926, "61": 7005, "62": 7140, "63": 7219, "64": 7354, "65": 7433, "66": 7512, "67": 7591, "68": 7670, "69": 7749, "70": 7828, "71": 7907, "72": 8042, "73": 8121, "74": 8200, "75": 8335, "76": 8414, "77": 8549, "78": 8740, "79": 8931, "80": 9122}, "total_data_per_n": {"1": 0, "2": 359498, "3": 359498, "4": 718996, "5": 718996, "6": 718996, "7": 718996, "8": 718996, "9": 718996, "10": 1437992, "11": 1437992, "12": 1437992, "13": 1797490, "14": 2516486, "15": 2516486, "16": 2875984, "17": 2875984, "18": 2875984, "19": 3235482, "20": 3235482, "21": 3954478, "22": 3954478, "23": 3954478, "24": 4673474, "25": 5392470, "26": 5392470, "27": 5392470, "28": 5392470, "29": 5392470, "30": 5392470, "31": 5392470, "32": 5751968, "33": 6830462, "34": 7189960, "35": 7189960, "36": 7189960, "37": 7189960, "38": 7189960, "39": 7549458, "40": 8268454, "41": 8268454, "42": 8627952, "43": 8627952, "44": 8627952, "45": 8627952, "46": 8987450, "47": 8987450, "48": 9346948, "49": 9346948, "50": 9706446, "51": 9706446, "52": 10065944, "53": 10065944, "54": 10065944, "55": 10065944, "56": 10425442, "57": 10425442, "58": 10784940, "59": 10784940, "60": 10784940, "61": 10784940, "62": 11144438, "63": 11144438, "64": 11503936, "65": 11503936, "66": 11503936, "67": 11503936, "68": 11503936, "69": 11503936, "70": 11503936, "71": 11503936, "72": 11863434, "73": 11863434, "74": 11863434, "75": 12222932, "76": 12222932, "77": 12582430, "78": 13301426, "79": 14020422, "80": 14739418}}