{"train_loss": {"20": 2.346867983949848, "40": 2.07083722657297, "60": 1.9031893005755491, "80": 1.7796483357899935}, "test_loss": {"20": 2.3843062188890247, "40": 2.0914032724168568, "60": 1.9135450654559665, "80": 1.789182676209344}, "test_acc": {"20": 19.011111111111113, "40": 26.68888888888889, "60": 29.0, "80": 37.31111111111111}, "validation_loss": {"20": 2.320904016494751, "40": 2.0611062049865723, "60": 1.865634799003601, "80": 1.752049446105957}, "validation_acc": {"20": 21.7, "40": 28.9, "60": 32.2, "80": 37.1}, "total_bytes": {"1": 719325, "2": 1078958, "3": 1079037, "4": 1079116, "5": 1079195, "6": 1438874, "7": 1438953, "8": 1798586, "9": 1798665, "10": 2158298, "11": 2158377, "12": 2158456, "13": 2518135, "14": 3237368, "15": 3597001, "16": 3956634, "17": 4316313, "18": 4316392, "19": 4316471, "20": 4316550, "21": 4676183, "22": 5035816, "23": 5035895, "24": 5755082, "25": 5755161, "26": 5755240, "27": 5755319, "28": 5755398, "29": 5755477, "30": 5755556, "31": 6115189, "32": 6474822, "33": 6834455, "34": 7553688, "35": 7913321, "36": 8272954, "37": 8273033, "38": 8632666, "39": 8992299, "40": 8992378, "41": 8992457, "42": 9352136, "43": 9352215, "44": 9352294, "45": 9352373, "46": 9712006, "47": 9712085, "48": 9712164, "49": 10431351, "50": 10790984, "51": 10791063, "52": 10791142, "53": 10791221, "54": 11150854, "55": 11150933, "56": 11510566, "57": 11510645, "58": 11510724, "59": 11510803, "60": 11870436, "61": 11870515, "62": 12589702, "63": 12949335, "64": 13308968, "65": 13668601, "66": 14387788, "67": 15106975, "68": 15107054, "69": 15826241, "70": 16185874, "71": 16185953, "72": 16186032, "73": 16186111, "74": 16186190, "75": 16186269, "76": 16186348, "77": 16186427, "78": 16186506, "79": 16186585, "80": 16546218}, "total_meta": {"1": 329, "2": 464, "3": 543, "4": 622, "5": 701, "6": 882, "7": 961, "8": 1096, "9": 1175, "10": 1310, "11": 1389, "12": 1468, "13": 1649, "14": 1886, "15": 2021, "16": 2156, "17": 2337, "18": 2416, "19": 2495, "20": 2574, "21": 2709, "22": 2844, "23": 2923, "24": 3114, "25": 3193, "26": 3272, "27": 3351, "28": 3430, "29": 3509, "30": 3588, "31": 3723, "32": 3858, "33": 3993, "34": 4230, "35": 4365, "36": 4500, "37": 4579, "38": 4714, "39": 4849, "40": 4928, "41": 5007, "42": 5188, "43": 5267, "44": 5346, "45": 5425, "46": 5560, "47": 5639, "48": 5718, "49": 5909, "50": 6044, "51": 6123, "52": 6202, "53": 6281, "54": 6416, "55": 6495, "56": 6630, "57": 6709, "58": 6788, "59": 6867, "60": 7002, "61": 7081, "62": 7272, "63": 7407, "64": 7542, "65": 7677, "66": 7868, "67": 8059, "68": 8138, "69": 8329, "70": 8464, "71": 8543, "72": 8622, "73": 8701, "74": 8780, "75": 8859, "76": 8938, "77": 9017, "78": 9096, "79": 9175, "80": 9310}, "total_data_per_n": {"1": 718996, "2": 1078494, "3": 1078494, "4": 1078494, "5": 1078494, "6": 1437992, "7": 1437992, "8": 1797490, "9": 1797490, "10": 2156988, "11": 2156988, "12": 2156988, "13": 2516486, "14": 3235482, "15": 3594980, "16": 3954478, "17": 4313976, "18": 4313976, "19": 4313976, "20": 4313976, "21": 4673474, "22": 5032972, "23": 5032972, "24": 5751968, "25": 5751968, "26": 5751968, "27": 5751968, "28": 5751968, "29": 5751968, "30": 5751968, "31": 6111466, "32": 6470964, "33": 6830462, "34": 7549458, "35": 7908956, "36": 8268454, "37": 8268454, "38": 8627952, "39": 8987450, "40": 8987450, "41": 8987450, "42": 9346948, "43": 9346948, "44": 9346948, "45": 9346948, "46": 9706446, "47": 9706446, "48": 9706446, "49": 10425442, "50": 10784940, "51": 10784940, "52": 10784940, "53": 10784940, "54": 11144438, "55": 11144438, "56": 11503936, "57": 11503936, "58": 11503936, "59": 11503936, "60": 11863434, "61": 11863434, "62": 12582430, "63": 12941928, "64": 13301426, "65": 13660924, "66": 14379920, "67": 15098916, "68": 15098916, "69": 15817912, "70": 16177410, "71": 16177410, "72": 16177410, "73": 16177410, "74": 16177410, "75": 16177410, "76": 16177410, "77": 16177410, "78": 16177410, "79": 16177410, "80": 16536908}}