{"train_loss": {"20": 2.0604091628728125, "40": 1.9608467776120968, "60": 1.9111636746639025, "80": 1.7841212687702874}, "test_loss": {"20": 2.050222873687744, "40": 1.9613304005728827, "60": 1.9135450654559665, "80": 1.7960825098885431}, "test_acc": {"20": 24.166666666666668, "40": 29.6, "60": 29.0, "80": 34.955555555555556}, "validation_loss": {"20": 2.0505452156066895, "40": 1.944751501083374, "60": 1.865634799003601, "80": 1.758518099784851}, "validation_acc": {"20": 23.0, "40": 29.8, "60": 32.2, "80": 35.5}, "total_bytes": {"1": 359725, "2": 359804, "3": 359883, "4": 719562, "5": 1079195, "6": 1079274, "7": 1438907, "8": 1438986, "9": 1798619, "10": 1798698, "11": 2158377, "12": 2877656, "13": 2877735, "14": 3237368, "15": 3237447, "16": 3597080, "17": 3597159, "18": 3597238, "19": 3597317, "20": 4316504, "21": 4676137, "22": 4676216, "23": 5035895, "24": 5035974, "25": 5395607, "26": 5395686, "27": 5755365, "28": 6474552, "29": 6834185, "30": 7553372, "31": 7913005, "32": 8632238, "33": 8991871, "34": 9351504, "35": 9351583, "36": 9351662, "37": 9711341, "38": 9711420, "39": 10071053, "40": 10430686, "41": 10430765, "42": 10790398, "43": 10790477, "44": 11150110, "45": 11150189, "46": 11150268, "47": 11509947, "48": 11510026, "49": 11869659, "50": 11869738, "51": 11869817, "52": 11869896, "53": 12229529, "54": 12589162, "55": 12589241, "56": 12948874, "57": 12948953, "58": 13308586, "59": 13308665, "60": 13668298, "61": 13668377, "62": 14028010, "63": 14387643, "64": 14387722, "65": 14747355, "66": 14747434, "67": 15466667, "68": 15826300, "69": 16545487, "70": 16545566, "71": 16545645, "72": 16905278, "73": 16905357, "74": 16905436, "75": 17265069, "76": 17265148, "77": 17624781, "78": 17984414, "79": 18703601, "80": 19063234}, "total_meta": {"1": 227, "2": 306, "3": 385, "4": 566, "5": 701, "6": 780, "7": 915, "8": 994, "9": 1129, "10": 1208, "11": 1389, "12": 1672, "13": 1751, "14": 1886, "15": 1965, "16": 2100, "17": 2179, "18": 2258, "19": 2337, "20": 2528, "21": 2663, "22": 2742, "23": 2923, "24": 3002, "25": 3137, "26": 3216, "27": 3397, "28": 3588, "29": 3723, "30": 3914, "31": 4049, "32": 4286, "33": 4421, "34": 4556, "35": 4635, "36": 4714, "37": 4895, "38": 4974, "39": 5109, "40": 5244, "41": 5323, "42": 5458, "43": 5537, "44": 5672, "45": 5751, "46": 5830, "47": 6011, "48": 6090, "49": 6225, "50": 6304, "51": 6383, "52": 6462, "53": 6597, "54": 6732, "55": 6811, "56": 6946, "57": 7025, "58": 7160, "59": 7239, "60": 7374, "61": 7453, "62": 7588, "63": 7723, "64": 7802, "65": 7937, "66": 8016, "67": 8253, "68": 8388, "69": 8579, "70": 8658, "71": 8737, "72": 8872, "73": 8951, "74": 9030, "75": 9165, "76": 9244, "77": 9379, "78": 9514, "79": 9705, "80": 9840}, "total_data_per_n": {"1": 359498, "2": 359498, "3": 359498, "4": 718996, "5": 1078494, "6": 1078494, "7": 1437992, "8": 1437992, "9": 1797490, "10": 1797490, "11": 2156988, "12": 2875984, "13": 2875984, "14": 3235482, "15": 3235482, "16": 3594980, "17": 3594980, "18": 3594980, "19": 3594980, "20": 4313976, "21": 4673474, "22": 4673474, "23": 5032972, "24": 5032972, "25": 5392470, "26": 5392470, "27": 5751968, "28": 6470964, "29": 6830462, "30": 7549458, "31": 7908956, "32": 8627952, "33": 8987450, "34": 9346948, "35": 9346948, "36": 9346948, "37": 9706446, "38": 9706446, "39": 10065944, "40": 10425442, "41": 10425442, "42": 10784940, "43": 10784940, "44": 11144438, "45": 11144438, "46": 11144438, "47": 11503936, "48": 11503936, "49": 11863434, "50": 11863434, "51": 11863434, "52": 11863434, "53": 12222932, "54": 12582430, "55": 12582430, "56": 12941928, "57": 12941928, "58": 13301426, "59": 13301426, "60": 13660924, "61": 13660924, "62": 14020422, "63": 14379920, "64": 14379920, "65": 14739418, "66": 14739418, "67": 15458414, "68": 15817912, "69": 16536908, "70": 16536908, "71": 16536908, "72": 16896406, "73": 16896406, "74": 16896406, "75": 17255904, "76": 17255904, "77": 17615402, "78": 17974900, "79": 18693896, "80": 19053394}}