{"train_loss": {"20": 2.0527813992893855, "40": 2.009511550191268, "60": 1.870027968155903, "80": 1.8868881191722262}, "test_loss": {"20": 2.0502227942148843, "40": 1.9962681266996596, "60": 1.8701515595118205, "80": 1.8919132285647922}, "test_acc": {"20": 24.166666666666668, "40": 25.844444444444445, "60": 32.77777777777778, "80": 29.1}, "validation_loss": {"20": 2.0505452156066895, "40": 1.9745346307754517, "60": 1.8520654439926147, "80": 1.8877034187316895}, "validation_acc": {"20": 23.0, "40": 27.4, "60": 33.0, "80": 28.6}, "total_bytes": {"1": 125, "2": 204, "3": 283, "4": 362, "5": 441, "6": 520, "7": 599, "8": 678, "9": 360357, "10": 360436, "11": 720069, "12": 1439348, "13": 1798981, "14": 2158614, "15": 2877801, "16": 3237434, "17": 3237513, "18": 3237592, "19": 3237671, "20": 3956858, "21": 3956937, "22": 3957016, "23": 3957095, "24": 4316774, "25": 4316853, "26": 4676486, "27": 5036119, "28": 5755306, "29": 6474493, "30": 7193726, "31": 7553359, "32": 7912992, "33": 8272625, "34": 8272704, "35": 8632337, "36": 8632416, "37": 8632495, "38": 8632574, "39": 8632653, "40": 8992286, "41": 9351919, "42": 9711552, "43": 9711631, "44": 10071310, "45": 10071389, "46": 10431068, "47": 10431147, "48": 11150380, "49": 11150459, "50": 11869646, "51": 12229279, "52": 12588912, "53": 12948545, "54": 14027286, "55": 14386919, "56": 14386998, "57": 15106231, "58": 15465864, "59": 15825497, "60": 15825576, "61": 16185209, "62": 16185288, "63": 16185367, "64": 16185446, "65": 16185525, "66": 16185604, "67": 16185683, "68": 16185762, "69": 16185841, "70": 16185920, "71": 16185999, "72": 16186078, "73": 16186157, "74": 16186236, "75": 16186315, "76": 16186394, "77": 16546027, "78": 16905660, "79": 17624847, "80": 17624926}, "total_meta": {"1": 125, "2": 204, "3": 283, "4": 362, "5": 441, "6": 520, "7": 599, "8": 678, "9": 859, "10": 938, "11": 1073, "12": 1356, "13": 1491, "14": 1626, "15": 1817, "16": 1952, "17": 2031, "18": 2110, "19": 2189, "20": 2380, "21": 2459, "22": 2538, "23": 2617, "24": 2798, "25": 2877, "26": 3012, "27": 3147, "28": 3338, "29": 3529, "30": 3766, "31": 3901, "32": 4036, "33": 4171, "34": 4250, "35": 4385, "36": 4464, "37": 4543, "38": 4622, "39": 4701, "40": 4836, "41": 4971, "42": 5106, "43": 5185, "44": 5366, "45": 5445, "46": 5626, "47": 5705, "48": 5942, "49": 6021, "50": 6212, "51": 6347, "52": 6482, "53": 6617, "54": 6864, "55": 6999, "56": 7078, "57": 7315, "58": 7450, "59": 7585, "60": 7664, "61": 7799, "62": 7878, "63": 7957, "64": 8036, "65": 8115, "66": 8194, "67": 8273, "68": 8352, "69": 8431, "70": 8510, "71": 8589, "72": 8668, "73": 8747, "74": 8826, "75": 8905, "76": 8984, "77": 9119, "78": 9254, "79": 9445, "80": 9524}, "total_data_per_n": {"1": 0, "2": 0, "3": 0, "4": 0, "5": 0, "6": 0, "7": 0, "8": 0, "9": 359498, "10": 359498, "11": 718996, "12": 1437992, "13": 1797490, "14": 2156988, "15": 2875984, "16": 3235482, "17": 3235482, "18": 3235482, "19": 3235482, "20": 3954478, "21": 3954478, "22": 3954478, "23": 3954478, "24": 4313976, "25": 4313976, "26": 4673474, "27": 5032972, "28": 5751968, "29": 6470964, "30": 7189960, "31": 7549458, "32": 7908956, "33": 8268454, "34": 8268454, "35": 8627952, "36": 8627952, "37": 8627952, "38": 8627952, "39": 8627952, "40": 8987450, "41": 9346948, "42": 9706446, "43": 9706446, "44": 10065944, "45": 10065944, "46": 10425442, "47": 10425442, "48": 11144438, "49": 11144438, "50": 11863434, "51": 12222932, "52": 12582430, "53": 12941928, "54": 14020422, "55": 14379920, "56": 14379920, "57": 15098916, "58": 15458414, "59": 15817912, "60": 15817912, "61": 16177410, "62": 16177410, "63": 16177410, "64": 16177410, "65": 16177410, "66": 16177410, "67": 16177410, "68": 16177410, "69": 16177410, "70": 16177410, "71": 16177410, "72": 16177410, "73": 16177410, "74": 16177410, "75": 16177410, "76": 16177410, "77": 16536908, "78": 16896406, "79": 17615402, "80": 17615402}}