{"train_loss": {"20": 2.165279498713488, "40": 2.060022379523733, "60": 1.8401427422283707, "80": 1.8121854078289186}, "test_loss": {"20": 2.171845727496677, "40": 2.0785194767846003, "60": 1.8442598183949788, "80": 1.8091644181145563}, "test_acc": {"20": 19.81111111111111, "40": 23.233333333333334, "60": 33.62222222222222, "80": 33.46666666666667}, "validation_loss": {"20": 2.1571247577667236, "40": 2.06644344329834, "60": 1.806983470916748, "80": 1.7967817783355713}, "validation_acc": {"20": 20.0, "40": 23.2, "60": 36.2, "80": 33.9}, "total_bytes": {"1": 125, "2": 204, "3": 359883, "4": 359962, "5": 719595, "6": 1079274, "7": 1798507, "8": 2158140, "9": 2158219, "10": 2517898, "11": 2517977, "12": 2518056, "13": 2518135, "14": 3237368, "15": 3237447, "16": 3237526, "17": 3237605, "18": 3237684, "19": 3956871, "20": 3956950, "21": 4316583, "22": 4676216, "23": 5035895, "24": 5035974, "25": 5395607, "26": 5395686, "27": 6114873, "28": 6114952, "29": 6474585, "30": 7193772, "31": 7553405, "32": 7913038, "33": 7913117, "34": 8272750, "35": 8632383, "36": 9351570, "37": 10070757, "38": 10430390, "39": 11149577, "40": 11149656, "41": 11509335, "42": 11868968, "43": 11869047, "44": 12228680, "45": 12228759, "46": 12228838, "47": 12228917, "48": 12228996, "49": 12229075, "50": 12229154, "51": 12588787, "52": 12588866, "53": 13308053, "54": 13667686, "55": 14027319, "56": 14027398, "57": 14027477, "58": 14387110, "59": 14746789, "60": 15465976, "61": 15825609, "62": 16185242, "63": 16544875, "64": 16544954, "65": 16545033, "66": 16904666, "67": 16904745, "68": 17264378, "69": 17264457, "70": 17264536, "71": 17624169, "72": 17624248, "73": 17624327, "74": 17983960, "75": 17984039, "76": 18343672, "77": 18703305, "78": 18703384, "79": 18703463, "80": 19063096}, "total_meta": {"1": 125, "2": 204, "3": 385, "4": 464, "5": 599, "6": 780, "7": 1017, "8": 1152, "9": 1231, "10": 1412, "11": 1491, "12": 1570, "13": 1649, "14": 1886, "15": 1965, "16": 2044, "17": 2123, "18": 2202, "19": 2393, "20": 2472, "21": 2607, "22": 2742, "23": 2923, "24": 3002, "25": 3137, "26": 3216, "27": 3407, "28": 3486, "29": 3621, "30": 3812, "31": 3947, "32": 4082, "33": 4161, "34": 4296, "35": 4431, "36": 4622, "37": 4813, "38": 4948, "39": 5139, "40": 5218, "41": 5399, "42": 5534, "43": 5613, "44": 5748, "45": 5827, "46": 5906, "47": 5985, "48": 6064, "49": 6143, "50": 6222, "51": 6357, "52": 6436, "53": 6627, "54": 6762, "55": 6897, "56": 6976, "57": 7055, "58": 7190, "59": 7371, "60": 7562, "61": 7697, "62": 7832, "63": 7967, "64": 8046, "65": 8125, "66": 8260, "67": 8339, "68": 8474, "69": 8553, "70": 8632, "71": 8767, "72": 8846, "73": 8925, "74": 9060, "75": 9139, "76": 9274, "77": 9409, "78": 9488, "79": 9567, "80": 9702}, "total_data_per_n": {"1": 0, "2": 0, "3": 359498, "4": 359498, "5": 718996, "6": 1078494, "7": 1797490, "8": 2156988, "9": 2156988, "10": 2516486, "11": 2516486, "12": 2516486, "13": 2516486, "14": 3235482, "15": 3235482, "16": 3235482, "17": 3235482, "18": 3235482, "19": 3954478, "20": 3954478, "21": 4313976, "22": 4673474, "23": 5032972, "24": 5032972, "25": 5392470, "26": 5392470, "27": 6111466, "28": 6111466, "29": 6470964, "30": 7189960, "31": 7549458, "32": 7908956, "33": 7908956, "34": 8268454, "35": 8627952, "36": 9346948, "37": 10065944, "38": 10425442, "39": 11144438, "40": 11144438, "41": 11503936, "42": 11863434, "43": 11863434, "44": 12222932, "45": 12222932, "46": 12222932, "47": 12222932, "48": 12222932, "49": 12222932, "50": 12222932, "51": 12582430, "52": 12582430, "53": 13301426, "54": 13660924, "55": 14020422, "56": 14020422, "57": 14020422, "58": 14379920, "59": 14739418, "60": 15458414, "61": 15817912, "62": 16177410, "63": 16536908, "64": 16536908, "65": 16536908, "66": 16896406, "67": 16896406, "68": 17255904, "69": 17255904, "70": 17255904, "71": 17615402, "72": 17615402, "73": 17615402, "74": 17974900, "75": 17974900, "76": 18334398, "77": 18693896, "78": 18693896, "79": 18693896, "80": 19053394}}