{"train_loss": {"20": 2.0709444711491525, "40": 2.0456714454281832, "60": 1.9820054148348811, "80": 1.857252742138859}, "test_loss": {"20": 2.0691362222035727, "40": 2.0599052376217313, "60": 2.008593440055847, "80": 1.8672123087777033}, "test_acc": {"20": 23.91111111111111, "40": 21.833333333333332, "60": 29.27777777777778, "80": 34.31111111111111}, "validation_loss": {"20": 2.0714662075042725, "40": 2.0359840393066406, "60": 1.9609386920928955, "80": 1.8521019220352173}, "validation_acc": {"20": 23.3, "40": 21.3, "60": 32.0, "80": 34.5}, "total_bytes": {"1": 125, "2": 204, "3": 283, "4": 362, "5": 360041, "6": 360120, "7": 360199, "8": 719832, "9": 1798665, "10": 1798744, "11": 1798823, "12": 1798902, "13": 1798981, "14": 1799060, "15": 1799139, "16": 2158772, "17": 2518451, "18": 2518530, "19": 2878163, "20": 3237796, "21": 3597429, "22": 3597508, "23": 3957141, "24": 3957220, "25": 4316853, "26": 4676486, "27": 4676565, "28": 4676644, "29": 5395877, "30": 6115110, "31": 6474743, "32": 6834376, "33": 7194009, "34": 7913242, "35": 8272875, "36": 8632508, "37": 9351695, "38": 10070882, "39": 10790069, "40": 11149702, "41": 11149781, "42": 11509414, "43": 11509493, "44": 11509572, "45": 11509651, "46": 11869284, "47": 12228917, "48": 12228996, "49": 12588629, "50": 12948262, "51": 13307895, "52": 13667528, "53": 13667607, "54": 13667686, "55": 13667765, "56": 13667844, "57": 13667923, "58": 13668002, "59": 13668081, "60": 13668160, "61": 13668239, "62": 13668318, "63": 14027997, "64": 14387630, "65": 14747263, "66": 14747342, "67": 15106975, "68": 15107054, "69": 15466687, "70": 15826320, "71": 16185953, "72": 16545586, "73": 16905219, "74": 16905298, "75": 17264931, "76": 17984118, "77": 17984197, "78": 17984276, "79": 17984355, "80": 18343988}, "total_meta": {"1": 125, "2": 204, "3": 283, "4": 362, "5": 543, "6": 622, "7": 701, "8": 836, "9": 1175, "10": 1254, "11": 1333, "12": 1412, "13": 1491, "14": 1570, "15": 1649, "16": 1784, "17": 1965, "18": 2044, "19": 2179, "20": 2314, "21": 2449, "22": 2528, "23": 2663, "24": 2742, "25": 2877, "26": 3012, "27": 3091, "28": 3170, "29": 3407, "30": 3644, "31": 3779, "32": 3914, "33": 4049, "34": 4286, "35": 4421, "36": 4556, "37": 4747, "38": 4938, "39": 5129, "40": 5264, "41": 5343, "42": 5478, "43": 5557, "44": 5636, "45": 5715, "46": 5850, "47": 5985, "48": 6064, "49": 6199, "50": 6334, "51": 6469, "52": 6604, "53": 6683, "54": 6762, "55": 6841, "56": 6920, "57": 6999, "58": 7078, "59": 7157, "60": 7236, "61": 7315, "62": 7394, "63": 7575, "64": 7710, "65": 7845, "66": 7924, "67": 8059, "68": 8138, "69": 8273, "70": 8408, "71": 8543, "72": 8678, "73": 8813, "74": 8892, "75": 9027, "76": 9218, "77": 9297, "78": 9376, "79": 9455, "80": 9590}, "total_data_per_n": {"1": 0, "2": 0, "3": 0, "4": 0, "5": 359498, "6": 359498, "7": 359498, "8": 718996, "9": 1797490, "10": 1797490, "11": 1797490, "12": 1797490, "13": 1797490, "14": 1797490, "15": 1797490, "16": 2156988, "17": 2516486, "18": 2516486, "19": 2875984, "20": 3235482, "21": 3594980, "22": 3594980, "23": 3954478, "24": 3954478, "25": 4313976, "26": 4673474, "27": 4673474, "28": 4673474, "29": 5392470, "30": 6111466, "31": 6470964, "32": 6830462, "33": 7189960, "34": 7908956, "35": 8268454, "36": 8627952, "37": 9346948, "38": 10065944, "39": 10784940, "40": 11144438, "41": 11144438, "42": 11503936, "43": 11503936, "44": 11503936, "45": 11503936, "46": 11863434, "47": 12222932, "48": 12222932, "49": 12582430, "50": 12941928, "51": 13301426, "52": 13660924, "53": 13660924, "54": 13660924, "55": 13660924, "56": 13660924, "57": 13660924, "58": 13660924, "59": 13660924, "60": 13660924, "61": 13660924, "62": 13660924, "63": 14020422, "64": 14379920, "65": 14739418, "66": 14739418, "67": 15098916, "68": 15098916, "69": 15458414, "70": 15817912, "71": 16177410, "72": 16536908, "73": 16896406, "74": 16896406, "75": 17255904, "76": 17974900, "77": 17974900, "78": 17974900, "79": 17974900, "80": 18334398}}