{"train_loss": {"20": 2.114998509925066, "40": 2.1086547683616974, "60": 1.942044647092325, "80": 1.8402219916945912}, "test_loss": {"20": 2.125727891921997, "40": 2.1224548551771374, "60": 1.9508398241466947, "80": 1.8440254396862454}, "test_acc": {"20": 22.211111111111112, "40": 22.322222222222223, "60": 31.977777777777778, "80": 33.21111111111111}, "validation_loss": {"20": 2.1222729682922363, "40": 2.071754217147827, "60": 1.916847586631775, "80": 1.8262977600097656}, "validation_acc": {"20": 23.7, "40": 24.7, "60": 34.1, "80": 32.9}, "total_bytes": {"1": 125, "2": 204, "3": 359883, "4": 359962, "5": 719641, "6": 719720, "7": 1079353, "8": 1079432, "9": 1079511, "10": 1079590, "11": 1079669, "12": 1079748, "13": 1079827, "14": 1079906, "15": 1079985, "16": 1439664, "17": 1439743, "18": 1439822, "19": 1439901, "20": 1439980, "21": 1440059, "22": 1799692, "23": 1799771, "24": 1799850, "25": 1799929, "26": 1800008, "27": 2159687, "28": 2159766, "29": 2519399, "30": 2879032, "31": 3238711, "32": 3238790, "33": 3598423, "34": 3958056, "35": 4317689, "36": 4317768, "37": 4317847, "38": 4317926, "39": 4318005, "40": 4318084, "41": 4318163, "42": 4318242, "43": 4318321, "44": 4318400, "45": 4318479, "46": 4318558, "47": 4318637, "48": 4318716, "49": 4318795, "50": 4318874, "51": 4318953, "52": 4319032, "53": 4319111, "54": 4319190, "55": 4678823, "56": 5038456, "57": 5038535, "58": 5398168, "59": 5757801, "60": 5757880, "61": 5757959, "62": 6117638, "63": 6477317, "64": 6836950, "65": 7556137, "66": 8275324, "67": 8275403, "68": 8635036, "69": 8635115, "70": 8635194, "71": 8635273, "72": 8635352, "73": 8635431, "74": 8635510, "75": 8635589, "76": 8635668, "77": 8635747, "78": 9354934, "79": 9714567, "80": 9714646}, "total_meta": {"1": 125, "2": 204, "3": 385, "4": 464, "5": 645, "6": 724, "7": 859, "8": 938, "9": 1017, "10": 1096, "11": 1175, "12": 1254, "13": 1333, "14": 1412, "15": 1491, "16": 1672, "17": 1751, "18": 1830, "19": 1909, "20": 1988, "21": 2067, "22": 2202, "23": 2281, "24": 2360, "25": 2439, "26": 2518, "27": 2699, "28": 2778, "29": 2913, "30": 3048, "31": 3229, "32": 3308, "33": 3443, "34": 3578, "35": 3713, "36": 3792, "37": 3871, "38": 3950, "39": 4029, "40": 4108, "41": 4187, "42": 4266, "43": 4345, "44": 4424, "45": 4503, "46": 4582, "47": 4661, "48": 4740, "49": 4819, "50": 4898, "51": 4977, "52": 5056, "53": 5135, "54": 5214, "55": 5349, "56": 5484, "57": 5563, "58": 5698, "59": 5833, "60": 5912, "61": 5991, "62": 6172, "63": 6353, "64": 6488, "65": 6679, "66": 6870, "67": 6949, "68": 7084, "69": 7163, "70": 7242, "71": 7321, "72": 7400, "73": 7479, "74": 7558, "75": 7637, "76": 7716, "77": 7795, "78": 7986, "79": 8121, "80": 8200}, "total_data_per_n": {"1": 0, "2": 0, "3": 359498, "4": 359498, "5": 718996, "6": 718996, "7": 1078494, "8": 1078494, "9": 1078494, "10": 1078494, "11": 1078494, "12": 1078494, "13": 1078494, "14": 1078494, "15": 1078494, "16": 1437992, "17": 1437992, "18": 1437992, "19": 1437992, "20": 1437992, "21": 1437992, "22": 1797490, "23": 1797490, "24": 1797490, "25": 1797490, "26": 1797490, "27": 2156988, "28": 2156988, "29": 2516486, "30": 2875984, "31": 3235482, "32": 3235482, "33": 3594980, "34": 3954478, "35": 4313976, "36": 4313976, "37": 4313976, "38": 4313976, "39": 4313976, "40": 4313976, "41": 4313976, "42": 4313976, "43": 4313976, "44": 4313976, "45": 4313976, "46": 4313976, "47": 4313976, "48": 4313976, "49": 4313976, "50": 4313976, "51": 4313976, "52": 4313976, "53": 4313976, "54": 4313976, "55": 4673474, "56": 5032972, "57": 5032972, "58": 5392470, "59": 5751968, "60": 5751968, "61": 5751968, "62": 6111466, "63": 6470964, "64": 6830462, "65": 7549458, "66": 8268454, "67": 8268454, "68": 8627952, "69": 8627952, "70": 8627952, "71": 8627952, "72": 8627952, "73": 8627952, "74": 8627952, "75": 8627952, "76": 8627952, "77": 8627952, "78": 9346948, "79": 9706446, "80": 9706446}}