{"train_loss": {"20": 2.0838787509932857, "40": 2.225980042724829, "60": 2.0113079515848873, "80": 1.8677860205553314}, "test_loss": {"20": 2.0691362222035727, "40": 2.208343929714627, "60": 2.0296259588665433, "80": 1.8589845895767212}, "test_acc": {"20": 23.91111111111111, "40": 17.31111111111111, "60": 24.488888888888887, "80": 34.077777777777776}, "validation_loss": {"20": 2.0714662075042725, "40": 2.200965166091919, "60": 1.9628212451934814, "80": 1.7925952672958374}, "validation_acc": {"20": 23.3, "40": 19.4, "60": 26.4, "80": 36.1}, "total_bytes": {"1": 125, "2": 204, "3": 283, "4": 362, "5": 441, "6": 520, "7": 599, "8": 678, "9": 757, "10": 836, "11": 360515, "12": 360594, "13": 360673, "14": 360752, "15": 1080031, "16": 1439710, "17": 1799389, "18": 1799468, "19": 2159101, "20": 2518734, "21": 3237967, "22": 3957200, "23": 4316833, "24": 5036020, "25": 5755253, "26": 6114886, "27": 6834073, "28": 7193706, "29": 7912893, "30": 8272526, "31": 8991759, "32": 10070500, "33": 11508841, "34": 11868474, "35": 12228107, "36": 12587740, "37": 12947373, "38": 13307006, "39": 13666639, "40": 13666718, "41": 13666797, "42": 13666876, "43": 13666955, "44": 13667034, "45": 13667113, "46": 13667192, "47": 14386379, "48": 14746012, "49": 15105645, "50": 15465278, "51": 16184465, "52": 16544098, "53": 16903731, "54": 17263364, "55": 17263443, "56": 17263522, "57": 17263601, "58": 17263680, "59": 17263759, "60": 17263838, "61": 17263917, "62": 17263996, "63": 17264075, "64": 17623708, "65": 17623787, "66": 17623866, "67": 17623945, "68": 17624024, "69": 17624103, "70": 17624182, "71": 17624261, "72": 17624340, "73": 17983973, "74": 18343606, "75": 18703239, "76": 19062872, "77": 19422505, "78": 19422584, "79": 20141771, "80": 20501404}, "total_meta": {"1": 125, "2": 204, "3": 283, "4": 362, "5": 441, "6": 520, "7": 599, "8": 678, "9": 757, "10": 836, "11": 1017, "12": 1096, "13": 1175, "14": 1254, "15": 1537, "16": 1718, "17": 1899, "18": 1978, "19": 2113, "20": 2248, "21": 2485, "22": 2722, "23": 2857, "24": 3048, "25": 3285, "26": 3420, "27": 3611, "28": 3746, "29": 3937, "30": 4072, "31": 4309, "32": 4556, "33": 4905, "34": 5040, "35": 5175, "36": 5310, "37": 5445, "38": 5580, "39": 5715, "40": 5794, "41": 5873, "42": 5952, "43": 6031, "44": 6110, "45": 6189, "46": 6268, "47": 6459, "48": 6594, "49": 6729, "50": 6864, "51": 7055, "52": 7190, "53": 7325, "54": 7460, "55": 7539, "56": 7618, "57": 7697, "58": 7776, "59": 7855, "60": 7934, "61": 8013, "62": 8092, "63": 8171, "64": 8306, "65": 8385, "66": 8464, "67": 8543, "68": 8622, "69": 8701, "70": 8780, "71": 8859, "72": 8938, "73": 9073, "74": 9208, "75": 9343, "76": 9478, "77": 9613, "78": 9692, "79": 9883, "80": 10018}, "total_data_per_n": {"1": 0, "2": 0, "3": 0, "4": 0, "5": 0, "6": 0, "7": 0, "8": 0, "9": 0, "10": 0, "11": 359498, "12": 359498, "13": 359498, "14": 359498, "15": 1078494, "16": 1437992, "17": 1797490, "18": 1797490, "19": 2156988, "20": 2516486, "21": 3235482, "22": 3954478, "23": 4313976, "24": 5032972, "25": 5751968, "26": 6111466, "27": 6830462, "28": 7189960, "29": 7908956, "30": 8268454, "31": 8987450, "32": 10065944, "33": 11503936, "34": 11863434, "35": 12222932, "36": 12582430, "37": 12941928, "38": 13301426, "39": 13660924, "40": 13660924, "41": 13660924, "42": 13660924, "43": 13660924, "44": 13660924, "45": 13660924, "46": 13660924, "47": 14379920, "48": 14739418, "49": 15098916, "50": 15458414, "51": 16177410, "52": 16536908, "53": 16896406, "54": 17255904, "55": 17255904, "56": 17255904, "57": 17255904, "58": 17255904, "59": 17255904, "60": 17255904, "61": 17255904, "62": 17255904, "63": 17255904, "64": 17615402, "65": 17615402, "66": 17615402, "67": 17615402, "68": 17615402, "69": 17615402, "70": 17615402, "71": 17615402, "72": 17615402, "73": 17974900, "74": 18334398, "75": 18693896, "76": 19053394, "77": 19412892, "78": 19412892, "79": 20131888, "80": 20491386}}