{"train_loss": {"20": 2.1967629498575105, "40": 1.9807115736025995, "60": 2.1405322473932364, "80": 1.7791844647585087}, "test_loss": {"20": 2.203719880845812, "40": 1.9859649870130751, "60": 2.146973212560018, "80": 1.7878009743160672}, "test_acc": {"20": 18.988888888888887, "40": 28.42222222222222, "60": 21.77777777777778, "80": 36.355555555555554}, "validation_loss": {"20": 2.197739601135254, "40": 1.943934679031372, "60": 2.094165563583374, "80": 1.7345287799835205}, "validation_acc": {"20": 19.2, "40": 30.9, "60": 23.0, "80": 39.4}, "total_bytes": {"1": 359725, "2": 719358, "3": 1078991, "4": 1438624, "5": 1798257, "6": 2157890, "7": 2517523, "8": 2877156, "9": 3236789, "10": 3596422, "11": 3956055, "12": 4315688, "13": 4675321, "14": 5034954, "15": 5394587, "16": 5754220, "17": 6113853, "18": 6473486, "19": 6833119, "20": 6833198, "21": 7192831, "22": 7912064, "23": 8631251, "24": 8631330, "25": 8990963, "26": 9350596, "27": 10069829, "28": 10429462, "29": 10429541, "30": 10429620, "31": 10429699, "32": 10429778, "33": 10789457, "34": 10789536, "35": 10789615, "36": 10789694, "37": 10789773, "38": 11149452, "39": 11509085, "40": 11868718, "41": 11868797, "42": 11868876, "43": 11868955, "44": 12228588, "45": 12228667, "46": 12588300, "47": 13307533, "48": 14026720, "49": 14386353, "50": 14386432, "51": 14746065, "52": 14746144, "53": 14746223, "54": 14746302, "55": 14746381, "56": 14746460, "57": 14746539, "58": 14746618, "59": 14746697, "60": 14746776, "61": 14746855, "62": 14746934, "63": 14747013, "64": 15106646, "65": 15106725, "66": 15106804, "67": 15106883, "68": 15106962, "69": 15466595, "70": 15466674, "71": 15466753, "72": 15826386, "73": 16545573, "74": 16905206, "75": 16905285, "76": 16905364, "77": 16905443, "78": 16905522, "79": 17265155, "80": 17984342}, "total_meta": {"1": 227, "2": 362, "3": 497, "4": 632, "5": 767, "6": 902, "7": 1037, "8": 1172, "9": 1307, "10": 1442, "11": 1577, "12": 1712, "13": 1847, "14": 1982, "15": 2117, "16": 2252, "17": 2387, "18": 2522, "19": 2657, "20": 2736, "21": 2871, "22": 3108, "23": 3299, "24": 3378, "25": 3513, "26": 3648, "27": 3885, "28": 4020, "29": 4099, "30": 4178, "31": 4257, "32": 4336, "33": 4517, "34": 4596, "35": 4675, "36": 4754, "37": 4833, "38": 5014, "39": 5149, "40": 5284, "41": 5363, "42": 5442, "43": 5521, "44": 5656, "45": 5735, "46": 5870, "47": 6107, "48": 6298, "49": 6433, "50": 6512, "51": 6647, "52": 6726, "53": 6805, "54": 6884, "55": 6963, "56": 7042, "57": 7121, "58": 7200, "59": 7279, "60": 7358, "61": 7437, "62": 7516, "63": 7595, "64": 7730, "65": 7809, "66": 7888, "67": 7967, "68": 8046, "69": 8181, "70": 8260, "71": 8339, "72": 8474, "73": 8665, "74": 8800, "75": 8879, "76": 8958, "77": 9037, "78": 9116, "79": 9251, "80": 9442}, "total_data_per_n": {"1": 359498, "2": 718996, "3": 1078494, "4": 1437992, "5": 1797490, "6": 2156988, "7": 2516486, "8": 2875984, "9": 3235482, "10": 3594980, "11": 3954478, "12": 4313976, "13": 4673474, "14": 5032972, "15": 5392470, "16": 5751968, "17": 6111466, "18": 6470964, "19": 6830462, "20": 6830462, "21": 7189960, "22": 7908956, "23": 8627952, "24": 8627952, "25": 8987450, "26": 9346948, "27": 10065944, "28": 10425442, "29": 10425442, "30": 10425442, "31": 10425442, "32": 10425442, "33": 10784940, "34": 10784940, "35": 10784940, "36": 10784940, "37": 10784940, "38": 11144438, "39": 11503936, "40": 11863434, "41": 11863434, "42": 11863434, "43": 11863434, "44": 12222932, "45": 12222932, "46": 12582430, "47": 13301426, "48": 14020422, "49": 14379920, "50": 14379920, "51": 14739418, "52": 14739418, "53": 14739418, "54": 14739418, "55": 14739418, "56": 14739418, "57": 14739418, "58": 14739418, "59": 14739418, "60": 14739418, "61": 14739418, "62": 14739418, "63": 14739418, "64": 15098916, "65": 15098916, "66": 15098916, "67": 15098916, "68": 15098916, "69": 15458414, "70": 15458414, "71": 15458414, "72": 15817912, "73": 16536908, "74": 16896406, "75": 16896406, "76": 16896406, "77": 16896406, "78": 16896406, "79": 17255904, "80": 17974900}}