{"train_loss": {"20": 2.335519330515285, "40": 2.0853493550002233, "60": 1.9280185051934504, "80": 1.923060592213885}, "test_loss": {"20": 2.3722858958774142, "40": 2.107498698764377, "60": 1.941463139322069, "80": 1.933829492992825}, "test_acc": {"20": 18.3, "40": 27.444444444444443, "60": 29.744444444444444, "80": 25.155555555555555}, "validation_loss": {"20": 2.3152730464935303, "40": 2.0801918506622314, "60": 1.8814879655838013, "80": 1.879711627960205}, "validation_acc": {"20": 20.4, "40": 28.8, "60": 32.3, "80": 26.9}, "total_bytes": {"1": 125, "2": 204, "3": 283, "4": 362, "5": 360041, "6": 360120, "7": 719753, "8": 719832, "9": 719911, "10": 719990, "11": 720069, "12": 720148, "13": 720227, "14": 1079906, "15": 1439585, "16": 1439664, "17": 1439743, "18": 1439822, "19": 1439901, "20": 1439980, "21": 1440059, "22": 1799692, "23": 1799771, "24": 1799850, "25": 1799929, "26": 1800008, "27": 2878841, "28": 3957628, "29": 5036415, "30": 5755602, "31": 6115235, "32": 6834468, "33": 7553655, "34": 7913288, "35": 8272921, "36": 8273000, "37": 8273079, "38": 8273158, "39": 8273237, "40": 8273316, "41": 8273395, "42": 8273474, "43": 8273553, "44": 8273632, "45": 8273711, "46": 8633344, "47": 9352531, "48": 9712164, "49": 9712243, "50": 9712322, "51": 10431555, "52": 10791188, "53": 11150821, "54": 11510454, "55": 11510533, "56": 11510612, "57": 11510691, "58": 11870324, "59": 12229957, "60": 12230036, "61": 12589715, "62": 12589794, "63": 12949427, "64": 12949506, "65": 12949585, "66": 13309218, "67": 13309297, "68": 13668930, "69": 13669009, "70": 14028642, "71": 14028721, "72": 14388354, "73": 14747987, "74": 15107620, "75": 15107699, "76": 15107778, "77": 15827011, "78": 16546198, "79": 17265385, "80": 17265464}, "total_meta": {"1": 125, "2": 204, "3": 283, "4": 362, "5": 543, "6": 622, "7": 757, "8": 836, "9": 915, "10": 994, "11": 1073, "12": 1152, "13": 1231, "14": 1412, "15": 1593, "16": 1672, "17": 1751, "18": 1830, "19": 1909, "20": 1988, "21": 2067, "22": 2202, "23": 2281, "24": 2360, "25": 2439, "26": 2518, "27": 2857, "28": 3150, "29": 3443, "30": 3634, "31": 3769, "32": 4006, "33": 4197, "34": 4332, "35": 4467, "36": 4546, "37": 4625, "38": 4704, "39": 4783, "40": 4862, "41": 4941, "42": 5020, "43": 5099, "44": 5178, "45": 5257, "46": 5392, "47": 5583, "48": 5718, "49": 5797, "50": 5876, "51": 6113, "52": 6248, "53": 6383, "54": 6518, "55": 6597, "56": 6676, "57": 6755, "58": 6890, "59": 7025, "60": 7104, "61": 7285, "62": 7364, "63": 7499, "64": 7578, "65": 7657, "66": 7792, "67": 7871, "68": 8006, "69": 8085, "70": 8220, "71": 8299, "72": 8434, "73": 8569, "74": 8704, "75": 8783, "76": 8862, "77": 9099, "78": 9290, "79": 9481, "80": 9560}, "total_data_per_n": {"1": 0, "2": 0, "3": 0, "4": 0, "5": 359498, "6": 359498, "7": 718996, "8": 718996, "9": 718996, "10": 718996, "11": 718996, "12": 718996, "13": 718996, "14": 1078494, "15": 1437992, "16": 1437992, "17": 1437992, "18": 1437992, "19": 1437992, "20": 1437992, "21": 1437992, "22": 1797490, "23": 1797490, "24": 1797490, "25": 1797490, "26": 1797490, "27": 2875984, "28": 3954478, "29": 5032972, "30": 5751968, "31": 6111466, "32": 6830462, "33": 7549458, "34": 7908956, "35": 8268454, "36": 8268454, "37": 8268454, "38": 8268454, "39": 8268454, "40": 8268454, "41": 8268454, "42": 8268454, "43": 8268454, "44": 8268454, "45": 8268454, "46": 8627952, "47": 9346948, "48": 9706446, "49": 9706446, "50": 9706446, "51": 10425442, "52": 10784940, "53": 11144438, "54": 11503936, "55": 11503936, "56": 11503936, "57": 11503936, "58": 11863434, "59": 12222932, "60": 12222932, "61": 12582430, "62": 12582430, "63": 12941928, "64": 12941928, "65": 12941928, "66": 13301426, "67": 13301426, "68": 13660924, "69": 13660924, "70": 14020422, "71": 14020422, "72": 14379920, "73": 14739418, "74": 15098916, "75": 15098916, "76": 15098916, "77": 15817912, "78": 16536908, "79": 17255904, "80": 17255904}}