{"train_loss": {"20": 2.043513409693273, "40": 2.032365636496077, "60": 1.8719365834732202, "80": 1.9153805353362363}, "test_loss": {"20": 2.042515675226847, "40": 2.0249554183748035, "60": 1.8713346587287054, "80": 1.9253673950831096}, "test_acc": {"20": 24.42222222222222, "40": 25.933333333333334, "60": 31.61111111111111, "80": 29.122222222222224}, "validation_loss": {"20": 2.039982557296753, "40": 1.9793529510498047, "60": 1.8636821508407593, "80": 1.9188066720962524}, "validation_acc": {"20": 23.1, "40": 27.5, "60": 30.9, "80": 28.7}, "total_bytes": {"1": 359725, "2": 1078958, "3": 1438591, "4": 2157778, "5": 2517411, "6": 3596198, "7": 4674985, "8": 5034618, "9": 5394251, "10": 5753884, "11": 6113517, "12": 6473150, "13": 6832783, "14": 7551970, "15": 7911603, "16": 8630790, "17": 8990423, "18": 9709610, "19": 10069243, "20": 10788476, "21": 11148109, "22": 12226850, "23": 12586483, "24": 12586562, "25": 13305841, "26": 14025028, "27": 15103815, "28": 16182556, "29": 16901743, "30": 17261376, "31": 17261455, "32": 17621088, "33": 17621167, "34": 17980800, "35": 18340433, "36": 18700066, "37": 19059699, "38": 19778886, "39": 20138519, "40": 20498152, "41": 21217339, "42": 21217418, "43": 21577051, "44": 22655792, "45": 23015425, "46": 23375058, "47": 23734691, "48": 24094324, "49": 24453957, "50": 24813590, "51": 25173223, "52": 25173302, "53": 25173381, "54": 25533014, "55": 25892693, "56": 26611880, "57": 26611959, "58": 27331146, "59": 28050333, "60": 28050412, "61": 28410045, "62": 28769678, "63": 28769757, "64": 28769836, "65": 28769915, "66": 28769994, "67": 28770073, "68": 29129706, "69": 29129785, "70": 29129864, "71": 29129943, "72": 29489576, "73": 29489655, "74": 29489734, "75": 29489813, "76": 29489892, "77": 29849525, "78": 29849604, "79": 29849683, "80": 29849762}, "total_meta": {"1": 227, "2": 464, "3": 599, "4": 790, "5": 925, "6": 1218, "7": 1511, "8": 1646, "9": 1781, "10": 1916, "11": 2051, "12": 2186, "13": 2321, "14": 2512, "15": 2647, "16": 2838, "17": 2973, "18": 3164, "19": 3299, "20": 3536, "21": 3671, "22": 3918, "23": 4053, "24": 4132, "25": 4415, "26": 4606, "27": 4899, "28": 5146, "29": 5337, "30": 5472, "31": 5551, "32": 5686, "33": 5765, "34": 5900, "35": 6035, "36": 6170, "37": 6305, "38": 6496, "39": 6631, "40": 6766, "41": 6957, "42": 7036, "43": 7171, "44": 7418, "45": 7553, "46": 7688, "47": 7823, "48": 7958, "49": 8093, "50": 8228, "51": 8363, "52": 8442, "53": 8521, "54": 8656, "55": 8837, "56": 9028, "57": 9107, "58": 9298, "59": 9489, "60": 9568, "61": 9703, "62": 9838, "63": 9917, "64": 9996, "65": 10075, "66": 10154, "67": 10233, "68": 10368, "69": 10447, "70": 10526, "71": 10605, "72": 10740, "73": 10819, "74": 10898, "75": 10977, "76": 11056, "77": 11191, "78": 11270, "79": 11349, "80": 11428}, "total_data_per_n": {"1": 359498, "2": 1078494, "3": 1437992, "4": 2156988, "5": 2516486, "6": 3594980, "7": 4673474, "8": 5032972, "9": 5392470, "10": 5751968, "11": 6111466, "12": 6470964, "13": 6830462, "14": 7549458, "15": 7908956, "16": 8627952, "17": 8987450, "18": 9706446, "19": 10065944, "20": 10784940, "21": 11144438, "22": 12222932, "23": 12582430, "24": 12582430, "25": 13301426, "26": 14020422, "27": 15098916, "28": 16177410, "29": 16896406, "30": 17255904, "31": 17255904, "32": 17615402, "33": 17615402, "34": 17974900, "35": 18334398, "36": 18693896, "37": 19053394, "38": 19772390, "39": 20131888, "40": 20491386, "41": 21210382, "42": 21210382, "43": 21569880, "44": 22648374, "45": 23007872, "46": 23367370, "47": 23726868, "48": 24086366, "49": 24445864, "50": 24805362, "51": 25164860, "52": 25164860, "53": 25164860, "54": 25524358, "55": 25883856, "56": 26602852, "57": 26602852, "58": 27321848, "59": 28040844, "60": 28040844, "61": 28400342, "62": 28759840, "63": 28759840, "64": 28759840, "65": 28759840, "66": 28759840, "67": 28759840, "68": 29119338, "69": 29119338, "70": 29119338, "71": 29119338, "72": 29478836, "73": 29478836, "74": 29478836, "75": 29478836, "76": 29478836, "77": 29838334, "78": 29838334, "79": 29838334, "80": 29838334}}