{"train_loss": {"20": 2.1166044686440086, "40": 1.9251072512020764, "60": 1.8612977248006957, "80": 1.7590936374298214}, "test_loss": {"20": 2.1332867675357394, "40": 1.9397337701585557, "60": 1.8834146923489041, "80": 1.7861648003260295}, "test_acc": {"20": 19.733333333333334, "40": 30.788888888888888, "60": 33.75555555555555, "80": 35.666666666666664}, "validation_loss": {"20": 2.129100799560547, "40": 1.9150029420852661, "60": 1.8343651294708252, "80": 1.7604466676712036}, "validation_acc": {"20": 20.4, "40": 30.8, "60": 36.3, "80": 37.9}, "total_bytes": {"1": 359725, "2": 719404, "3": 1079037, "4": 1438716, "5": 2157995, "6": 2877274, "7": 3236907, "8": 3236986, "9": 3596619, "10": 4675452, "11": 5035085, "12": 5035164, "13": 6113951, "14": 7192692, "15": 7552325, "16": 7911958, "17": 7912037, "18": 8271670, "19": 8271749, "20": 8631382, "21": 8991015, "22": 8991094, "23": 8991173, "24": 8991252, "25": 9350885, "26": 9350964, "27": 9710597, "28": 9710676, "29": 10070309, "30": 10070388, "31": 10070467, "32": 10430100, "33": 10430179, "34": 10430258, "35": 10430337, "36": 10430416, "37": 11149603, "38": 11149682, "39": 11509315, "40": 11868948, "41": 11869027, "42": 12228706, "43": 12947893, "44": 13667080, "45": 14386267, "46": 14386346, "47": 14386425, "48": 14746058, "49": 14746137, "50": 15105770, "51": 15465403, "52": 15825036, "53": 15825115, "54": 15825194, "55": 16184827, "56": 16184906, "57": 16184985, "58": 16185064, "59": 16185143, "60": 16544776, "61": 17263963, "62": 17623596, "63": 17983229, "64": 18702416, "65": 19062049, "66": 19421682, "67": 20140869, "68": 21219610, "69": 21219689, "70": 21219768, "71": 22298509, "72": 22298588, "73": 23377329, "74": 24456070, "75": 25534811, "76": 25894444, "77": 26254077, "78": 26254156, "79": 26254235, "80": 26973422}, "total_meta": {"1": 227, "2": 408, "3": 543, "4": 724, "5": 1007, "6": 1290, "7": 1425, "8": 1504, "9": 1639, "10": 1978, "11": 2113, "12": 2192, "13": 2485, "14": 2732, "15": 2867, "16": 3002, "17": 3081, "18": 3216, "19": 3295, "20": 3430, "21": 3565, "22": 3644, "23": 3723, "24": 3802, "25": 3937, "26": 4016, "27": 4151, "28": 4230, "29": 4365, "30": 4444, "31": 4523, "32": 4658, "33": 4737, "34": 4816, "35": 4895, "36": 4974, "37": 5165, "38": 5244, "39": 5379, "40": 5514, "41": 5593, "42": 5774, "43": 5965, "44": 6156, "45": 6347, "46": 6426, "47": 6505, "48": 6640, "49": 6719, "50": 6854, "51": 6989, "52": 7124, "53": 7203, "54": 7282, "55": 7417, "56": 7496, "57": 7575, "58": 7654, "59": 7733, "60": 7868, "61": 8059, "62": 8194, "63": 8329, "64": 8520, "65": 8655, "66": 8790, "67": 8981, "68": 9228, "69": 9307, "70": 9386, "71": 9633, "72": 9712, "73": 9959, "74": 10206, "75": 10453, "76": 10588, "77": 10723, "78": 10802, "79": 10881, "80": 11072}, "total_data_per_n": {"1": 359498, "2": 718996, "3": 1078494, "4": 1437992, "5": 2156988, "6": 2875984, "7": 3235482, "8": 3235482, "9": 3594980, "10": 4673474, "11": 5032972, "12": 5032972, "13": 6111466, "14": 7189960, "15": 7549458, "16": 7908956, "17": 7908956, "18": 8268454, "19": 8268454, "20": 8627952, "21": 8987450, "22": 8987450, "23": 8987450, "24": 8987450, "25": 9346948, "26": 9346948, "27": 9706446, "28": 9706446, "29": 10065944, "30": 10065944, "31": 10065944, "32": 10425442, "33": 10425442, "34": 10425442, "35": 10425442, "36": 10425442, "37": 11144438, "38": 11144438, "39": 11503936, "40": 11863434, "41": 11863434, "42": 12222932, "43": 12941928, "44": 13660924, "45": 14379920, "46": 14379920, "47": 14379920, "48": 14739418, "49": 14739418, "50": 15098916, "51": 15458414, "52": 15817912, "53": 15817912, "54": 15817912, "55": 16177410, "56": 16177410, "57": 16177410, "58": 16177410, "59": 16177410, "60": 16536908, "61": 17255904, "62": 17615402, "63": 17974900, "64": 18693896, "65": 19053394, "66": 19412892, "67": 20131888, "68": 21210382, "69": 21210382, "70": 21210382, "71": 22288876, "72": 22288876, "73": 23367370, "74": 24445864, "75": 25524358, "76": 25883856, "77": 26243354, "78": 26243354, "79": 26243354, "80": 26962350}}