{"train_loss": {"20": 2.260388543779366, "40": 2.0112002083168177, "60": 1.9692893841257497, "80": 1.7990701888256146}, "test_loss": {"20": 2.266931321885851, "40": 2.022721621725294, "60": 1.9904519981808133, "80": 1.8032281796137493}, "test_acc": {"20": 18.144444444444446, "40": 23.033333333333335, "60": 29.27777777777778, "80": 35.044444444444444}, "validation_loss": {"20": 2.2755820751190186, "40": 2.000382661819458, "60": 1.9436951875686646, "80": 1.7959260940551758}, "validation_acc": {"20": 18.4, "40": 24.9, "60": 30.9, "80": 34.0}, "total_bytes": {"1": 125, "2": 359804, "3": 359883, "4": 1438762, "5": 1438841, "6": 2517674, "7": 2877307, "8": 3596494, "9": 3956127, "10": 4315760, "11": 4675393, "12": 4675472, "13": 5035105, "14": 5394738, "15": 5394817, "16": 5754450, "17": 5754529, "18": 5754608, "19": 5754687, "20": 5754766, "21": 6114399, "22": 6114478, "23": 6474111, "24": 7193298, "25": 7193377, "26": 7193456, "27": 7193535, "28": 7912722, "29": 8272355, "30": 8272434, "31": 8272513, "32": 8632146, "33": 8632225, "34": 8632304, "35": 8632383, "36": 8632462, "37": 8632541, "38": 9351774, "39": 9711407, "40": 10071040, "41": 10430673, "42": 10790306, "43": 10790385, "44": 10790464, "45": 10790543, "46": 10790622, "47": 10790701, "48": 10790780, "49": 10790859, "50": 10790938, "51": 10791017, "52": 10791096, "53": 11150729, "54": 11510362, "55": 11510441, "56": 11510520, "57": 12229753, "58": 12229832, "59": 12229911, "60": 12229990, "61": 12589623, "62": 12949256, "63": 13668443, "64": 13668522, "65": 13668601, "66": 14028234, "67": 15107021, "68": 15826208, "69": 16185841, "70": 16185920, "71": 16185999, "72": 16545632, "73": 17264865, "74": 17624498, "75": 18343685, "76": 19062872, "77": 20141613, "78": 20860800, "79": 22299095, "80": 23018282}, "total_meta": {"1": 125, "2": 306, "3": 385, "4": 770, "5": 849, "6": 1188, "7": 1323, "8": 1514, "9": 1649, "10": 1784, "11": 1919, "12": 1998, "13": 2133, "14": 2268, "15": 2347, "16": 2482, "17": 2561, "18": 2640, "19": 2719, "20": 2798, "21": 2933, "22": 3012, "23": 3147, "24": 3338, "25": 3417, "26": 3496, "27": 3575, "28": 3766, "29": 3901, "30": 3980, "31": 4059, "32": 4194, "33": 4273, "34": 4352, "35": 4431, "36": 4510, "37": 4589, "38": 4826, "39": 4961, "40": 5096, "41": 5231, "42": 5366, "43": 5445, "44": 5524, "45": 5603, "46": 5682, "47": 5761, "48": 5840, "49": 5919, "50": 5998, "51": 6077, "52": 6156, "53": 6291, "54": 6426, "55": 6505, "56": 6584, "57": 6821, "58": 6900, "59": 6979, "60": 7058, "61": 7193, "62": 7328, "63": 7519, "64": 7598, "65": 7677, "66": 7812, "67": 8105, "68": 8296, "69": 8431, "70": 8510, "71": 8589, "72": 8724, "73": 8961, "74": 9096, "75": 9287, "76": 9478, "77": 9725, "78": 9916, "79": 10219, "80": 10410}, "total_data_per_n": {"1": 0, "2": 359498, "3": 359498, "4": 1437992, "5": 1437992, "6": 2516486, "7": 2875984, "8": 3594980, "9": 3954478, "10": 4313976, "11": 4673474, "12": 4673474, "13": 5032972, "14": 5392470, "15": 5392470, "16": 5751968, "17": 5751968, "18": 5751968, "19": 5751968, "20": 5751968, "21": 6111466, "22": 6111466, "23": 6470964, "24": 7189960, "25": 7189960, "26": 7189960, "27": 7189960, "28": 7908956, "29": 8268454, "30": 8268454, "31": 8268454, "32": 8627952, "33": 8627952, "34": 8627952, "35": 8627952, "36": 8627952, "37": 8627952, "38": 9346948, "39": 9706446, "40": 10065944, "41": 10425442, "42": 10784940, "43": 10784940, "44": 10784940, "45": 10784940, "46": 10784940, "47": 10784940, "48": 10784940, "49": 10784940, "50": 10784940, "51": 10784940, "52": 10784940, "53": 11144438, "54": 11503936, "55": 11503936, "56": 11503936, "57": 12222932, "58": 12222932, "59": 12222932, "60": 12222932, "61": 12582430, "62": 12941928, "63": 13660924, "64": 13660924, "65": 13660924, "66": 14020422, "67": 15098916, "68": 15817912, "69": 16177410, "70": 16177410, "71": 16177410, "72": 16536908, "73": 17255904, "74": 17615402, "75": 18334398, "76": 19053394, "77": 20131888, "78": 20850884, "79": 22288876, "80": 23007872}}