{"train_loss": {"20": 2.132561154649262, "40": 1.9345739427775202, "60": 1.8810576301161022, "80": 1.7712390818659953}, "test_loss": {"20": 2.1332867675357394, "40": 1.9339232312308416, "60": 1.8831778234905667, "80": 1.7760325007968478}, "test_acc": {"20": 19.733333333333334, "40": 30.988888888888887, "60": 32.05555555555556, "80": 34.94444444444444}, "validation_loss": {"20": 2.129100799560547, "40": 1.8951095342636108, "60": 1.8316534757614136, "80": 1.7731853723526}, "validation_acc": {"20": 20.4, "40": 33.4, "60": 35.3, "80": 34.6}, "total_bytes": {"1": 125, "2": 359804, "3": 359883, "4": 359962, "5": 1079241, "6": 1079320, "7": 1438953, "8": 1798632, "9": 2517819, "10": 2517898, "11": 2517977, "12": 2518056, "13": 2518135, "14": 2877814, "15": 2877893, "16": 2877972, "17": 3237651, "18": 3597284, "19": 3597363, "20": 3956996, "21": 3957075, "22": 4316708, "23": 4316787, "24": 4676420, "25": 5036053, "26": 5755240, "27": 5755319, "28": 5755398, "29": 5755477, "30": 6115110, "31": 6474743, "32": 6834376, "33": 6834455, "34": 7194088, "35": 7194167, "36": 7553800, "37": 7553879, "38": 7913512, "39": 7913591, "40": 8273224, "41": 8273303, "42": 8273382, "43": 8992615, "44": 8992694, "45": 9352327, "46": 9711960, "47": 9712039, "48": 10071672, "49": 10071751, "50": 10431384, "51": 10431463, "52": 10791142, "53": 11150775, "54": 11510408, "55": 11870041, "56": 12229674, "57": 12589307, "58": 12948940, "59": 13308573, "60": 14027760, "61": 14387393, "62": 14747026, "63": 15106659, "64": 15825846, "65": 16904587, "66": 17983328, "67": 19062115, "68": 19421748, "69": 19781381, "70": 20141014, "71": 20141093, "72": 20141172, "73": 20141251, "74": 20141330, "75": 20500963, "76": 20860596, "77": 21939337, "78": 22298970, "79": 23018157, "80": 23737344}, "total_meta": {"1": 125, "2": 306, "3": 385, "4": 464, "5": 747, "6": 826, "7": 961, "8": 1142, "9": 1333, "10": 1412, "11": 1491, "12": 1570, "13": 1649, "14": 1830, "15": 1909, "16": 1988, "17": 2169, "18": 2304, "19": 2383, "20": 2518, "21": 2597, "22": 2732, "23": 2811, "24": 2946, "25": 3081, "26": 3272, "27": 3351, "28": 3430, "29": 3509, "30": 3644, "31": 3779, "32": 3914, "33": 3993, "34": 4128, "35": 4207, "36": 4342, "37": 4421, "38": 4556, "39": 4635, "40": 4770, "41": 4849, "42": 4928, "43": 5165, "44": 5244, "45": 5379, "46": 5514, "47": 5593, "48": 5728, "49": 5807, "50": 5942, "51": 6021, "52": 6202, "53": 6337, "54": 6472, "55": 6607, "56": 6742, "57": 6877, "58": 7012, "59": 7147, "60": 7338, "61": 7473, "62": 7608, "63": 7743, "64": 7934, "65": 8181, "66": 8428, "67": 8721, "68": 8856, "69": 8991, "70": 9126, "71": 9205, "72": 9284, "73": 9363, "74": 9442, "75": 9577, "76": 9712, "77": 9959, "78": 10094, "79": 10285, "80": 10476}, "total_data_per_n": {"1": 0, "2": 359498, "3": 359498, "4": 359498, "5": 1078494, "6": 1078494, "7": 1437992, "8": 1797490, "9": 2516486, "10": 2516486, "11": 2516486, "12": 2516486, "13": 2516486, "14": 2875984, "15": 2875984, "16": 2875984, "17": 3235482, "18": 3594980, "19": 3594980, "20": 3954478, "21": 3954478, "22": 4313976, "23": 4313976, "24": 4673474, "25": 5032972, "26": 5751968, "27": 5751968, "28": 5751968, "29": 5751968, "30": 6111466, "31": 6470964, "32": 6830462, "33": 6830462, "34": 7189960, "35": 7189960, "36": 7549458, "37": 7549458, "38": 7908956, "39": 7908956, "40": 8268454, "41": 8268454, "42": 8268454, "43": 8987450, "44": 8987450, "45": 9346948, "46": 9706446, "47": 9706446, "48": 10065944, "49": 10065944, "50": 10425442, "51": 10425442, "52": 10784940, "53": 11144438, "54": 11503936, "55": 11863434, "56": 12222932, "57": 12582430, "58": 12941928, "59": 13301426, "60": 14020422, "61": 14379920, "62": 14739418, "63": 15098916, "64": 15817912, "65": 16896406, "66": 17974900, "67": 19053394, "68": 19412892, "69": 19772390, "70": 20131888, "71": 20131888, "72": 20131888, "73": 20131888, "74": 20131888, "75": 20491386, "76": 20850884, "77": 21929378, "78": 22288876, "79": 23007872, "80": 23726868}}