{"train_loss": {"20": 2.220886710966846, "40": 2.020307072751124, "60": 1.8675796038358545, "80": 1.829370536639457}, "test_loss": {"20": 2.2319075796339245, "40": 2.022721621725294, "60": 1.8675747712453206, "80": 1.8287829955418904}, "test_acc": {"20": 19.155555555555555, "40": 23.033333333333335, "60": 33.06666666666667, "80": 33.166666666666664}, "validation_loss": {"20": 2.2335903644561768, "40": 2.000382661819458, "60": 1.8143929243087769, "80": 1.7664636373519897}, "validation_acc": {"20": 20.3, "40": 24.9, "60": 37.4, "80": 36.0}, "total_bytes": {"1": 125, "2": 204, "3": 283, "4": 362, "5": 441, "6": 520, "7": 599, "8": 678, "9": 757, "10": 836, "11": 360515, "12": 720148, "13": 1079781, "14": 1079860, "15": 1439493, "16": 1799126, "17": 2158759, "18": 2158838, "19": 2158917, "20": 2158996, "21": 2518675, "22": 2518754, "23": 2518833, "24": 2518912, "25": 2518991, "26": 2519070, "27": 2519149, "28": 2519228, "29": 2878861, "30": 2878940, "31": 2879019, "32": 2879098, "33": 3238731, "34": 3598410, "35": 3598489, "36": 3958122, "37": 4317755, "38": 5036988, "39": 5756175, "40": 6115808, "41": 6475441, "42": 6835120, "43": 7194753, "44": 7554386, "45": 7914019, "46": 7914098, "47": 7914177, "48": 7914256, "49": 7914335, "50": 7914414, "51": 8274047, "52": 8993280, "53": 9352913, "54": 9712546, "55": 10072179, "56": 10431812, "57": 10791445, "58": 11151078, "59": 11510711, "60": 12589498, "61": 12949131, "62": 13308764, "63": 13668397, "64": 14387584, "65": 15106771, "66": 16185512, "67": 16545145, "68": 16904778, "69": 17623965, "70": 17983598, "71": 17983677, "72": 17983756, "73": 17983835, "74": 17983914, "75": 17983993, "76": 18343626, "77": 18703259, "78": 18703338, "79": 19062971, "80": 19063050}, "total_meta": {"1": 125, "2": 204, "3": 283, "4": 362, "5": 441, "6": 520, "7": 599, "8": 678, "9": 757, "10": 836, "11": 1017, "12": 1152, "13": 1287, "14": 1366, "15": 1501, "16": 1636, "17": 1771, "18": 1850, "19": 1929, "20": 2008, "21": 2189, "22": 2268, "23": 2347, "24": 2426, "25": 2505, "26": 2584, "27": 2663, "28": 2742, "29": 2877, "30": 2956, "31": 3035, "32": 3114, "33": 3249, "34": 3430, "35": 3509, "36": 3644, "37": 3779, "38": 4016, "39": 4207, "40": 4342, "41": 4477, "42": 4658, "43": 4793, "44": 4928, "45": 5063, "46": 5142, "47": 5221, "48": 5300, "49": 5379, "50": 5458, "51": 5593, "52": 5830, "53": 5965, "54": 6100, "55": 6235, "56": 6370, "57": 6505, "58": 6640, "59": 6775, "60": 7068, "61": 7203, "62": 7338, "63": 7473, "64": 7664, "65": 7855, "66": 8102, "67": 8237, "68": 8372, "69": 8563, "70": 8698, "71": 8777, "72": 8856, "73": 8935, "74": 9014, "75": 9093, "76": 9228, "77": 9363, "78": 9442, "79": 9577, "80": 9656}, "total_data_per_n": {"1": 0, "2": 0, "3": 0, "4": 0, "5": 0, "6": 0, "7": 0, "8": 0, "9": 0, "10": 0, "11": 359498, "12": 718996, "13": 1078494, "14": 1078494, "15": 1437992, "16": 1797490, "17": 2156988, "18": 2156988, "19": 2156988, "20": 2156988, "21": 2516486, "22": 2516486, "23": 2516486, "24": 2516486, "25": 2516486, "26": 2516486, "27": 2516486, "28": 2516486, "29": 2875984, "30": 2875984, "31": 2875984, "32": 2875984, "33": 3235482, "34": 3594980, "35": 3594980, "36": 3954478, "37": 4313976, "38": 5032972, "39": 5751968, "40": 6111466, "41": 6470964, "42": 6830462, "43": 7189960, "44": 7549458, "45": 7908956, "46": 7908956, "47": 7908956, "48": 7908956, "49": 7908956, "50": 7908956, "51": 8268454, "52": 8987450, "53": 9346948, "54": 9706446, "55": 10065944, "56": 10425442, "57": 10784940, "58": 11144438, "59": 11503936, "60": 12582430, "61": 12941928, "62": 13301426, "63": 13660924, "64": 14379920, "65": 15098916, "66": 16177410, "67": 16536908, "68": 16896406, "69": 17615402, "70": 17974900, "71": 17974900, "72": 17974900, "73": 17974900, "74": 17974900, "75": 17974900, "76": 18334398, "77": 18693896, "78": 18693896, "79": 19053394, "80": 19053394}}