{"train_loss": {"20": 2.3303393628913014, "40": 1.9366036868598777, "60": 1.9318252012505412, "80": 1.914223923564186}, "test_loss": {"20": 2.3674446741739907, "40": 1.9397337701585557, "60": 1.9440982739130657, "80": 1.9273015525605943}, "test_acc": {"20": 18.833333333333332, "40": 30.788888888888888, "60": 27.41111111111111, "80": 24.488888888888887}, "validation_loss": {"20": 2.3066647052764893, "40": 1.9150029420852661, "60": 1.890683889389038, "80": 1.8587181568145752}, "validation_acc": {"20": 21.2, "40": 30.8, "60": 28.5, "80": 27.7}, "total_bytes": {"1": 125, "2": 359804, "3": 359883, "4": 359962, "5": 360041, "6": 360120, "7": 360199, "8": 360278, "9": 360357, "10": 1079590, "11": 1079669, "12": 1439348, "13": 1439427, "14": 1799060, "15": 2158693, "16": 2158772, "17": 2158851, "18": 2158930, "19": 2159009, "20": 2159088, "21": 2159167, "22": 2159246, "23": 2159325, "24": 2519004, "25": 2878637, "26": 3597824, "27": 3957457, "28": 4676644, "29": 5036277, "30": 5036356, "31": 5395989, "32": 5396068, "33": 5396147, "34": 5396226, "35": 5755905, "36": 6475138, "37": 6834771, "38": 7194404, "39": 7194483, "40": 7554116, "41": 7554195, "42": 7554274, "43": 7554353, "44": 7554432, "45": 7554511, "46": 7554590, "47": 7554669, "48": 7554748, "49": 7554827, "50": 7554906, "51": 7554985, "52": 7914618, "53": 8274297, "54": 8274376, "55": 8634009, "56": 8993642, "57": 9712875, "58": 10072508, "59": 10072587, "60": 10072666, "61": 10432299, "62": 10432378, "63": 11151565, "64": 11151644, "65": 11151723, "66": 11511356, "67": 11870989, "68": 12590176, "69": 12949809, "70": 13309442, "71": 14388183, "72": 14747816, "73": 15826557, "74": 16186190, "75": 16186269, "76": 16186348, "77": 16545981, "78": 16546060, "79": 16546139, "80": 16546218}, "total_meta": {"1": 125, "2": 306, "3": 385, "4": 464, "5": 543, "6": 622, "7": 701, "8": 780, "9": 859, "10": 1096, "11": 1175, "12": 1356, "13": 1435, "14": 1570, "15": 1705, "16": 1784, "17": 1863, "18": 1942, "19": 2021, "20": 2100, "21": 2179, "22": 2258, "23": 2337, "24": 2518, "25": 2653, "26": 2844, "27": 2979, "28": 3170, "29": 3305, "30": 3384, "31": 3519, "32": 3598, "33": 3677, "34": 3756, "35": 3937, "36": 4174, "37": 4309, "38": 4444, "39": 4523, "40": 4658, "41": 4737, "42": 4816, "43": 4895, "44": 4974, "45": 5053, "46": 5132, "47": 5211, "48": 5290, "49": 5369, "50": 5448, "51": 5527, "52": 5662, "53": 5843, "54": 5922, "55": 6057, "56": 6192, "57": 6429, "58": 6564, "59": 6643, "60": 6722, "61": 6857, "62": 6936, "63": 7127, "64": 7206, "65": 7285, "66": 7420, "67": 7555, "68": 7746, "69": 7881, "70": 8016, "71": 8263, "72": 8398, "73": 8645, "74": 8780, "75": 8859, "76": 8938, "77": 9073, "78": 9152, "79": 9231, "80": 9310}, "total_data_per_n": {"1": 0, "2": 359498, "3": 359498, "4": 359498, "5": 359498, "6": 359498, "7": 359498, "8": 359498, "9": 359498, "10": 1078494, "11": 1078494, "12": 1437992, "13": 1437992, "14": 1797490, "15": 2156988, "16": 2156988, "17": 2156988, "18": 2156988, "19": 2156988, "20": 2156988, "21": 2156988, "22": 2156988, "23": 2156988, "24": 2516486, "25": 2875984, "26": 3594980, "27": 3954478, "28": 4673474, "29": 5032972, "30": 5032972, "31": 5392470, "32": 5392470, "33": 5392470, "34": 5392470, "35": 5751968, "36": 6470964, "37": 6830462, "38": 7189960, "39": 7189960, "40": 7549458, "41": 7549458, "42": 7549458, "43": 7549458, "44": 7549458, "45": 7549458, "46": 7549458, "47": 7549458, "48": 7549458, "49": 7549458, "50": 7549458, "51": 7549458, "52": 7908956, "53": 8268454, "54": 8268454, "55": 8627952, "56": 8987450, "57": 9706446, "58": 10065944, "59": 10065944, "60": 10065944, "61": 10425442, "62": 10425442, "63": 11144438, "64": 11144438, "65": 11144438, "66": 11503936, "67": 11863434, "68": 12582430, "69": 12941928, "70": 13301426, "71": 14379920, "72": 14739418, "73": 15817912, "74": 16177410, "75": 16177410, "76": 16177410, "77": 16536908, "78": 16536908, "79": 16536908, "80": 16536908}}