{"train_loss": {"20": 2.216867861958246, "40": 2.164607668563638, "60": 1.9007603298450844, "80": 1.7721969843368384}, "test_loss": {"20": 2.225143406126234, "40": 2.146693309148153, "60": 1.9043101734585233, "80": 1.7737432188457913}, "test_acc": {"20": 17.166666666666668, "40": 22.81111111111111, "60": 29.522222222222222, "80": 36.3}, "validation_loss": {"20": 2.215207576751709, "40": 2.0878701210021973, "60": 1.8935956954956055, "80": 1.7526792287826538}, "validation_acc": {"20": 17.2, "40": 24.0, "60": 28.8, "80": 37.8}, "total_bytes": {"1": 125, "2": 204, "3": 283, "4": 362, "5": 441, "6": 520, "7": 599, "8": 678, "9": 757, "10": 836, "11": 360515, "12": 360594, "13": 720273, "14": 1079952, "15": 1080031, "16": 1439710, "17": 1439789, "18": 1439868, "19": 1799501, "20": 1799580, "21": 1799659, "22": 1799738, "23": 1799817, "24": 2159496, "25": 2519129, "26": 3238316, "27": 3597949, "28": 4317136, "29": 4317215, "30": 4676894, "31": 5036527, "32": 5036606, "33": 5036685, "34": 5036764, "35": 5036843, "36": 5036922, "37": 5037001, "38": 5396680, "39": 5396759, "40": 5396838, "41": 5396917, "42": 5756550, "43": 5756629, "44": 5756708, "45": 6116341, "46": 6475974, "47": 6835607, "48": 7195240, "49": 7195319, "50": 7554952, "51": 7555031, "52": 7555110, "53": 7555189, "54": 7555268, "55": 7914901, "56": 7914980, "57": 7915059, "58": 7915138, "59": 8274817, "60": 8274896, "61": 8274975, "62": 8634608, "63": 8634687, "64": 8634766, "65": 8634845, "66": 8994478, "67": 9713665, "68": 10073298, "69": 10073377, "70": 10433010, "71": 11511751, "72": 11871384, "73": 12231063, "74": 12590696, "75": 12950329, "76": 13669516, "77": 14388703, "78": 14388782, "79": 15107969, "80": 16186710}, "total_meta": {"1": 125, "2": 204, "3": 283, "4": 362, "5": 441, "6": 520, "7": 599, "8": 678, "9": 757, "10": 836, "11": 1017, "12": 1096, "13": 1277, "14": 1458, "15": 1537, "16": 1718, "17": 1797, "18": 1876, "19": 2011, "20": 2090, "21": 2169, "22": 2248, "23": 2327, "24": 2508, "25": 2643, "26": 2834, "27": 2969, "28": 3160, "29": 3239, "30": 3420, "31": 3555, "32": 3634, "33": 3713, "34": 3792, "35": 3871, "36": 3950, "37": 4029, "38": 4210, "39": 4289, "40": 4368, "41": 4447, "42": 4582, "43": 4661, "44": 4740, "45": 4875, "46": 5010, "47": 5145, "48": 5280, "49": 5359, "50": 5494, "51": 5573, "52": 5652, "53": 5731, "54": 5810, "55": 5945, "56": 6024, "57": 6103, "58": 6182, "59": 6363, "60": 6442, "61": 6521, "62": 6656, "63": 6735, "64": 6814, "65": 6893, "66": 7028, "67": 7219, "68": 7354, "69": 7433, "70": 7568, "71": 7815, "72": 7950, "73": 8131, "74": 8266, "75": 8401, "76": 8592, "77": 8783, "78": 8862, "79": 9053, "80": 9300}, "total_data_per_n": {"1": 0, "2": 0, "3": 0, "4": 0, "5": 0, "6": 0, "7": 0, "8": 0, "9": 0, "10": 0, "11": 359498, "12": 359498, "13": 718996, "14": 1078494, "15": 1078494, "16": 1437992, "17": 1437992, "18": 1437992, "19": 1797490, "20": 1797490, "21": 1797490, "22": 1797490, "23": 1797490, "24": 2156988, "25": 2516486, "26": 3235482, "27": 3594980, "28": 4313976, "29": 4313976, "30": 4673474, "31": 5032972, "32": 5032972, "33": 5032972, "34": 5032972, "35": 5032972, "36": 5032972, "37": 5032972, "38": 5392470, "39": 5392470, "40": 5392470, "41": 5392470, "42": 5751968, "43": 5751968, "44": 5751968, "45": 6111466, "46": 6470964, "47": 6830462, "48": 7189960, "49": 7189960, "50": 7549458, "51": 7549458, "52": 7549458, "53": 7549458, "54": 7549458, "55": 7908956, "56": 7908956, "57": 7908956, "58": 7908956, "59": 8268454, "60": 8268454, "61": 8268454, "62": 8627952, "63": 8627952, "64": 8627952, "65": 8627952, "66": 8987450, "67": 9706446, "68": 10065944, "69": 10065944, "70": 10425442, "71": 11503936, "72": 11863434, "73": 12222932, "74": 12582430, "75": 12941928, "76": 13660924, "77": 14379920, "78": 14379920, "79": 15098916, "80": 16177410}}