{"train_loss": {"10": 2.16063764960203, "20": 2.037946625542961, "30": 1.9919655380230719}, "test_loss": {"10": 2.1736674308776855, "20": 2.0444590515560574, "30": 2.0044651163948908}, "test_acc": {"10": 19.3, "20": 26.81111111111111, "30": 27.0}, "validation_loss": {"10": 2.16300368309021, "20": 2.0224034786224365, "30": 1.9932215213775635}, "validation_acc": {"10": 22.0, "20": 26.7, "30": 27.6}, "total_bytes": {"1": 125, "2": 204, "3": 359883, "4": 359962, "5": 719641, "6": 1079320, "7": 1079399, "8": 1079478, "9": 1079557, "10": 1439236, "11": 1439315, "12": 2158594, "13": 2518273, "14": 3237506, "15": 3956693, "16": 4675926, "17": 5395159, "18": 5754792, "19": 6473979, "20": 7193166, "21": 7552799, "22": 7912432, "23": 7912511, "24": 7912590, "25": 8272223, "26": 8991410, "27": 9710597, "28": 10070230, "29": 10789417, "30": 11508604}, "total_meta": {"1": 125, "2": 204, "3": 385, "4": 464, "5": 645, "6": 826, "7": 905, "8": 984, "9": 1063, "10": 1244, "11": 1323, "12": 1606, "13": 1787, "14": 2024, "15": 2215, "16": 2452, "17": 2689, "18": 2824, "19": 3015, "20": 3206, "21": 3341, "22": 3476, "23": 3555, "24": 3634, "25": 3769, "26": 3960, "27": 4151, "28": 4286, "29": 4477, "30": 4668}, "total_data_per_n": {"1": 0, "2": 0, "3": 359498, "4": 359498, "5": 718996, "6": 1078494, "7": 1078494, "8": 1078494, "9": 1078494, "10": 1437992, "11": 1437992, "12": 2156988, "13": 2516486, "14": 3235482, "15": 3954478, "16": 4673474, "17": 5392470, "18": 5751968, "19": 6470964, "20": 7189960, "21": 7549458, "22": 7908956, "23": 7908956, "24": 7908956, "25": 8268454, "26": 8987450, "27": 9706446, "28": 10065944, "29": 10784940, "30": 11503936}}