{"train_loss": {"10": 2.6519412344568294, "20": 2.09145503218023, "30": 1.9639692134912092}, "test_loss": {"10": 2.671410428153144, "20": 2.109116872151693, "30": 1.9743652078840468}, "test_acc": {"10": 12.222222222222221, "20": 21.9, "30": 29.155555555555555}, "validation_loss": {"10": 2.644347906112671, "20": 2.104766845703125, "30": 1.95895516872406}, "validation_acc": {"10": 12.9, "20": 21.4, "30": 29.2}, "total_bytes": {"1": 125, "2": 204, "3": 283, "4": 362, "5": 441, "6": 719720, "7": 719799, "8": 719878, "9": 719957, "10": 720036, "11": 1079715, "12": 1079794, "13": 1079873, "14": 1079952, "15": 1080031, "16": 1080110, "17": 1080189, "18": 1439868, "19": 1799501, "20": 1799580, "21": 1799659, "22": 1799738, "23": 1799817, "24": 1799896, "25": 2519129, "26": 2519208, "27": 2519287, "28": 2519366, "29": 2519445, "30": 3238678, "31": 3238757}, "total_meta": {"1": 125, "2": 204, "3": 283, "4": 362, "5": 441, "6": 724, "7": 803, "8": 882, "9": 961, "10": 1040, "11": 1221, "12": 1300, "13": 1379, "14": 1458, "15": 1537, "16": 1616, "17": 1695, "18": 1876, "19": 2011, "20": 2090, "21": 2169, "22": 2248, "23": 2327, "24": 2406, "25": 2643, "26": 2722, "27": 2801, "28": 2880, "29": 2959, "30": 3196, "31": 3275}, "total_data_per_n": {"1": 0, "2": 0, "3": 0, "4": 0, "5": 0, "6": 718996, "7": 718996, "8": 718996, "9": 718996, "10": 718996, "11": 1078494, "12": 1078494, "13": 1078494, "14": 1078494, "15": 1078494, "16": 1078494, "17": 1078494, "18": 1437992, "19": 1797490, "20": 1797490, "21": 1797490, "22": 1797490, "23": 1797490, "24": 1797490, "25": 2516486, "26": 2516486, "27": 2516486, "28": 2516486, "29": 2516486, "30": 3235482, "31": 3235482}}