{"train_loss": {"10": 2.2141928510647624, "20": 2.139124945890858, "30": 1.991654478270432}, "test_loss": {"10": 2.208961751725939, "20": 2.1423296663496227, "30": 1.9975253343582153}, "test_acc": {"10": 18.77777777777778, "20": 25.233333333333334, "30": 26.444444444444443}, "validation_loss": {"10": 2.2145936489105225, "20": 2.1309969425201416, "30": 1.9618602991104126}, "validation_acc": {"10": 17.7, "20": 26.7, "30": 28.5}, "total_bytes": {"1": 359725, "2": 1078958, "3": 1079037, "4": 1438670, "5": 2157903, "6": 3236736, "7": 3236815, "8": 3236894, "9": 3236973, "10": 3596652, "11": 3596731, "12": 3596810, "13": 3956443, "14": 3956522, "15": 3956601, "16": 4675834, "17": 4675913, "18": 4675992, "19": 5035625, "20": 5035704, "21": 5035783, "22": 5035862, "23": 5035941, "24": 5036020, "25": 5036099, "26": 5036178, "27": 5036257, "28": 5036336, "29": 5036415, "30": 5396094}, "total_meta": {"1": 227, "2": 464, "3": 543, "4": 678, "5": 915, "6": 1254, "7": 1333, "8": 1412, "9": 1491, "10": 1672, "11": 1751, "12": 1830, "13": 1965, "14": 2044, "15": 2123, "16": 2360, "17": 2439, "18": 2518, "19": 2653, "20": 2732, "21": 2811, "22": 2890, "23": 2969, "24": 3048, "25": 3127, "26": 3206, "27": 3285, "28": 3364, "29": 3443, "30": 3624}, "total_data_per_n": {"1": 359498, "2": 1078494, "3": 1078494, "4": 1437992, "5": 2156988, "6": 3235482, "7": 3235482, "8": 3235482, "9": 3235482, "10": 3594980, "11": 3594980, "12": 3594980, "13": 3954478, "14": 3954478, "15": 3954478, "16": 4673474, "17": 4673474, "18": 4673474, "19": 5032972, "20": 5032972, "21": 5032972, "22": 5032972, "23": 5032972, "24": 5032972, "25": 5032972, "26": 5032972, "27": 5032972, "28": 5032972, "29": 5032972, "30": 5392470}}