{"train_loss": {"10": 2.273506508450133, "20": 2.1939119885384235, "30": 2.002527999328789}, "test_loss": {"10": 2.277254581451416, "20": 2.1881815592447915, "30": 1.9975253343582153}, "test_acc": {"10": 12.766666666666667, "20": 19.544444444444444, "30": 26.444444444444443}, "validation_loss": {"10": 2.229541301727295, "20": 2.1383543014526367, "30": 1.9618602991104126}, "validation_acc": {"10": 12.2, "20": 21.2, "30": 28.5}, "total_bytes": {"1": 359725, "2": 719404, "3": 1079083, "4": 1438716, "5": 1438795, "6": 1438874, "7": 1438953, "8": 1439032, "9": 1798711, "10": 2158390, "11": 2518023, "12": 2518102, "13": 2877735, "14": 3596922, "15": 4316109, "16": 4316188, "17": 4316267, "18": 5035546, "19": 5395179, "20": 5395258, "21": 5395337, "22": 5395416, "23": 5395495, "24": 5395574, "25": 6114761, "26": 6474394, "27": 6474473, "28": 6474552, "29": 6834231, "30": 7193910, "31": 7193989, "32": 7194068, "33": 7194147, "34": 7194226}, "total_meta": {"1": 227, "2": 408, "3": 589, "4": 724, "5": 803, "6": 882, "7": 961, "8": 1040, "9": 1221, "10": 1402, "11": 1537, "12": 1616, "13": 1751, "14": 1942, "15": 2133, "16": 2212, "17": 2291, "18": 2574, "19": 2709, "20": 2788, "21": 2867, "22": 2946, "23": 3025, "24": 3104, "25": 3295, "26": 3430, "27": 3509, "28": 3588, "29": 3769, "30": 3950, "31": 4029, "32": 4108, "33": 4187, "34": 4266}, "total_data_per_n": {"1": 359498, "2": 718996, "3": 1078494, "4": 1437992, "5": 1437992, "6": 1437992, "7": 1437992, "8": 1437992, "9": 1797490, "10": 2156988, "11": 2516486, "12": 2516486, "13": 2875984, "14": 3594980, "15": 4313976, "16": 4313976, "17": 4313976, "18": 5032972, "19": 5392470, "20": 5392470, "21": 5392470, "22": 5392470, "23": 5392470, "24": 5392470, "25": 6111466, "26": 6470964, "27": 6470964, "28": 6470964, "29": 6830462, "30": 7189960, "31": 7189960, "32": 7189960, "33": 7189960, "34": 7189960}}