{"train_loss": {"10": 2.2776283217940816, "20": 2.1201187774910806, "30": 2.0668181201546756}, "test_loss": {"10": 2.291731278101603, "20": 2.1065128909216986, "30": 2.043002486228943}, "test_acc": {"10": 11.744444444444444, "20": 20.07777777777778, "30": 23.466666666666665}, "validation_loss": {"10": 2.265108585357666, "20": 2.093651533126831, "30": 2.0244603157043457}, "validation_acc": {"10": 11.6, "20": 19.9, "30": 23.7}, "total_bytes": {"1": 359725, "2": 359804, "3": 719483, "4": 719562, "5": 1798395, "6": 2158074, "7": 2877261, "8": 3236894, "9": 3596527, "10": 3956160, "11": 3956239, "12": 3956318, "13": 4315997, "14": 4316076, "15": 4316155, "16": 5035342, "17": 5394975, "18": 5754608, "19": 6473795, "20": 6833474, "21": 7552707, "22": 7912340, "23": 7912419, "24": 8631606, "25": 8991239, "26": 9350872, "27": 10429659, "28": 10429738, "29": 11148925, "30": 11508558}, "total_meta": {"1": 227, "2": 306, "3": 487, "4": 566, "5": 905, "6": 1086, "7": 1277, "8": 1412, "9": 1547, "10": 1682, "11": 1761, "12": 1840, "13": 2021, "14": 2100, "15": 2179, "16": 2370, "17": 2505, "18": 2640, "19": 2831, "20": 3012, "21": 3249, "22": 3384, "23": 3463, "24": 3654, "25": 3789, "26": 3924, "27": 4217, "28": 4296, "29": 4487, "30": 4622}, "total_data_per_n": {"1": 359498, "2": 359498, "3": 718996, "4": 718996, "5": 1797490, "6": 2156988, "7": 2875984, "8": 3235482, "9": 3594980, "10": 3954478, "11": 3954478, "12": 3954478, "13": 4313976, "14": 4313976, "15": 4313976, "16": 5032972, "17": 5392470, "18": 5751968, "19": 6470964, "20": 6830462, "21": 7549458, "22": 7908956, "23": 7908956, "24": 8627952, "25": 8987450, "26": 9346948, "27": 10425442, "28": 10425442, "29": 11144438, "30": 11503936}}