{"train_loss": {"10": 2.409526553126535, "20": 2.1002315994416456}, "test_loss": {"10": 2.4041561285654702, "20": 2.1065128909216986}, "test_acc": {"10": 15.744444444444444, "20": 20.07777777777778}, "validation_loss": {"10": 2.3709185123443604, "20": 2.093651533126831}, "validation_acc": {"10": 18.4, "20": 19.9}, "total_bytes": {"1": 125, "2": 204, "3": 283, "4": 359962, "5": 719595, "6": 1079274, "7": 1438907, "8": 1438986, "9": 1798619, "10": 1798698, "11": 1798777, "12": 1798856, "13": 1798935, "14": 1799014, "15": 1799093, "16": 1799172, "17": 1799251, "18": 1799330, "19": 1799409, "20": 2159088, "21": 2159167, "22": 2159246, "23": 2159325, "24": 2159404, "25": 2159483, "26": 2159562, "27": 2159641, "28": 2159720, "29": 2519399}, "total_meta": {"1": 125, "2": 204, "3": 283, "4": 464, "5": 599, "6": 780, "7": 915, "8": 994, "9": 1129, "10": 1208, "11": 1287, "12": 1366, "13": 1445, "14": 1524, "15": 1603, "16": 1682, "17": 1761, "18": 1840, "19": 1919, "20": 2100, "21": 2179, "22": 2258, "23": 2337, "24": 2416, "25": 2495, "26": 2574, "27": 2653, "28": 2732, "29": 2913}, "total_data_per_n": {"1": 0, "2": 0, "3": 0, "4": 359498, "5": 718996, "6": 1078494, "7": 1437992, "8": 1437992, "9": 1797490, "10": 1797490, "11": 1797490, "12": 1797490, "13": 1797490, "14": 1797490, "15": 1797490, "16": 1797490, "17": 1797490, "18": 1797490, "19": 1797490, "20": 2156988, "21": 2156988, "22": 2156988, "23": 2156988, "24": 2156988, "25": 2156988, "26": 2156988, "27": 2156988, "28": 2156988, "29": 2516486}}