{"train_loss": {"10": 2.2965435450914495, "20": 2.432266012263161, "30": 1.9641446794978488}, "test_loss": {"10": 2.290828969743517, "20": 2.4389307498931885, "30": 1.9743651549021404}, "test_acc": {"10": 17.066666666666666, "20": 15.733333333333333, "30": 29.155555555555555}, "validation_loss": {"10": 2.2750370502471924, "20": 2.404487133026123, "30": 1.95895516872406}, "validation_acc": {"10": 18.4, "20": 17.3, "30": 29.2}, "total_bytes": {"1": 125, "2": 359804, "3": 359883, "4": 719516, "5": 1798349, "6": 2517582, "7": 3236815, "8": 3596448, "9": 3956081, "10": 3956160, "11": 3956239, "12": 3956318, "13": 4315997, "14": 5035230, "15": 5394863, "16": 5394942, "17": 5395021, "18": 5754700, "19": 5754779, "20": 5754858, "21": 5754937, "22": 5755016, "23": 5755095, "24": 6114774, "25": 6114853, "26": 6474486, "27": 6834119, "28": 7193752, "29": 7912939, "30": 8632126}, "total_meta": {"1": 125, "2": 306, "3": 385, "4": 520, "5": 859, "6": 1096, "7": 1333, "8": 1468, "9": 1603, "10": 1682, "11": 1761, "12": 1840, "13": 2021, "14": 2258, "15": 2393, "16": 2472, "17": 2551, "18": 2732, "19": 2811, "20": 2890, "21": 2969, "22": 3048, "23": 3127, "24": 3308, "25": 3387, "26": 3522, "27": 3657, "28": 3792, "29": 3983, "30": 4174}, "total_data_per_n": {"1": 0, "2": 359498, "3": 359498, "4": 718996, "5": 1797490, "6": 2516486, "7": 3235482, "8": 3594980, "9": 3954478, "10": 3954478, "11": 3954478, "12": 3954478, "13": 4313976, "14": 5032972, "15": 5392470, "16": 5392470, "17": 5392470, "18": 5751968, "19": 5751968, "20": 5751968, "21": 5751968, "22": 5751968, "23": 5751968, "24": 6111466, "25": 6111466, "26": 6470964, "27": 6830462, "28": 7189960, "29": 7908956, "30": 8627952}}