{"train_loss": {"10": 2.1681075604085502, "20": 2.0875722034879014, "30": 2.209138009918857}, "test_loss": {"10": 2.158486763636271, "20": 2.0937932332356772, "30": 2.209549162122938}, "test_acc": {"10": 22.822222222222223, "20": 22.38888888888889, "30": 20.211111111111112}, "validation_loss": {"10": 2.1554758548736572, "20": 2.0626063346862793, "30": 2.1849288940429688}, "validation_acc": {"10": 24.5, "20": 24.0, "30": 22.9}, "total_bytes": {"1": 125, "2": 359804, "3": 359883, "4": 719516, "5": 719595, "6": 719674, "7": 719753, "8": 719832, "9": 719911, "10": 1439190, "11": 1439269, "12": 1439348, "13": 1798981, "14": 2518260, "15": 2518339, "16": 2877972, "17": 2878051, "18": 2878130, "19": 3237763, "20": 3237842, "21": 3957075, "22": 3957154, "23": 3957233, "24": 4676420, "25": 5395653, "26": 5395732, "27": 5395811, "28": 5395890, "29": 5395969, "30": 5396048, "31": 5396127}, "total_meta": {"1": 125, "2": 306, "3": 385, "4": 520, "5": 599, "6": 678, "7": 757, "8": 836, "9": 915, "10": 1198, "11": 1277, "12": 1356, "13": 1491, "14": 1774, "15": 1853, "16": 1988, "17": 2067, "18": 2146, "19": 2281, "20": 2360, "21": 2597, "22": 2676, "23": 2755, "24": 2946, "25": 3183, "26": 3262, "27": 3341, "28": 3420, "29": 3499, "30": 3578, "31": 3657}, "total_data_per_n": {"1": 0, "2": 359498, "3": 359498, "4": 718996, "5": 718996, "6": 718996, "7": 718996, "8": 718996, "9": 718996, "10": 1437992, "11": 1437992, "12": 1437992, "13": 1797490, "14": 2516486, "15": 2516486, "16": 2875984, "17": 2875984, "18": 2875984, "19": 3235482, "20": 3235482, "21": 3954478, "22": 3954478, "23": 3954478, "24": 4673474, "25": 5392470, "26": 5392470, "27": 5392470, "28": 5392470, "29": 5392470, "30": 5392470, "31": 5392470}}