{"train_loss": {"10": 2.298346960613229, "20": 2.113979427004501}, "test_loss": {"10": 2.291731278101603, "20": 2.130253553390503}, "test_acc": {"10": 11.744444444444444, "20": 21.933333333333334}, "validation_loss": {"10": 2.265108585357666, "20": 2.072730779647827}, "validation_acc": {"10": 11.6, "20": 25.6}, "total_bytes": {"1": 719325, "2": 1078958, "3": 1079037, "4": 1079116, "5": 1079195, "6": 1438874, "7": 1438953, "8": 1798586, "9": 1798665, "10": 2158298, "11": 2158377, "12": 2158456, "13": 2518135, "14": 3237368, "15": 3597001, "16": 3956634, "17": 4316313, "18": 4316392, "19": 4316471, "20": 4316550, "21": 4676183, "22": 5035816, "23": 5035895, "24": 5755082, "25": 5755161, "26": 5755240, "27": 5755319, "28": 5755398, "29": 5755477}, "total_meta": {"1": 329, "2": 464, "3": 543, "4": 622, "5": 701, "6": 882, "7": 961, "8": 1096, "9": 1175, "10": 1310, "11": 1389, "12": 1468, "13": 1649, "14": 1886, "15": 2021, "16": 2156, "17": 2337, "18": 2416, "19": 2495, "20": 2574, "21": 2709, "22": 2844, "23": 2923, "24": 3114, "25": 3193, "26": 3272, "27": 3351, "28": 3430, "29": 3509}, "total_data_per_n": {"1": 718996, "2": 1078494, "3": 1078494, "4": 1078494, "5": 1078494, "6": 1437992, "7": 1437992, "8": 1797490, "9": 1797490, "10": 2156988, "11": 2156988, "12": 2156988, "13": 2516486, "14": 3235482, "15": 3594980, "16": 3954478, "17": 4313976, "18": 4313976, "19": 4313976, "20": 4313976, "21": 4673474, "22": 5032972, "23": 5032972, "24": 5751968, "25": 5751968, "26": 5751968, "27": 5751968, "28": 5751968, "29": 5751968}}