{"train_loss": {"10": 2.438182755532512, "20": 2.0498689456544317, "30": 2.0052087883574035}, "test_loss": {"10": 2.4603338506486683, "20": 2.0444590780470104, "30": 2.004465103149414}, "test_acc": {"10": 16.033333333333335, "20": 26.81111111111111, "30": 27.0}, "validation_loss": {"10": 2.455646276473999, "20": 2.0224034786224365, "30": 1.9932215213775635}, "validation_acc": {"10": 17.3, "20": 26.7, "30": 27.6}, "total_bytes": {"1": 359725, "2": 359804, "3": 359883, "4": 719562, "5": 1079195, "6": 1079274, "7": 1438907, "8": 1438986, "9": 1798619, "10": 1798698, "11": 2158377, "12": 2877656, "13": 2877735, "14": 3237368, "15": 3237447, "16": 3597080, "17": 3597159, "18": 3597238, "19": 3597317, "20": 4316504, "21": 4676137, "22": 4676216, "23": 5035895, "24": 5035974, "25": 5395607, "26": 5395686, "27": 5755365, "28": 6474552, "29": 6834185, "30": 7553372}, "total_meta": {"1": 227, "2": 306, "3": 385, "4": 566, "5": 701, "6": 780, "7": 915, "8": 994, "9": 1129, "10": 1208, "11": 1389, "12": 1672, "13": 1751, "14": 1886, "15": 1965, "16": 2100, "17": 2179, "18": 2258, "19": 2337, "20": 2528, "21": 2663, "22": 2742, "23": 2923, "24": 3002, "25": 3137, "26": 3216, "27": 3397, "28": 3588, "29": 3723, "30": 3914}, "total_data_per_n": {"1": 359498, "2": 359498, "3": 359498, "4": 718996, "5": 1078494, "6": 1078494, "7": 1437992, "8": 1437992, "9": 1797490, "10": 1797490, "11": 2156988, "12": 2875984, "13": 2875984, "14": 3235482, "15": 3235482, "16": 3594980, "17": 3594980, "18": 3594980, "19": 3594980, "20": 4313976, "21": 4673474, "22": 4673474, "23": 5032972, "24": 5032972, "25": 5392470, "26": 5392470, "27": 5751968, "28": 6470964, "29": 6830462, "30": 7549458}}