{"train_loss": {"10": 2.187325191131709, "20": 2.0481593611144286}, "test_loss": {"10": 2.1875025696224637, "20": 2.044459025065104}, "test_acc": {"10": 17.288888888888888, "20": 26.81111111111111}, "validation_loss": {"10": 2.158397674560547, "20": 2.0224034786224365}, "validation_acc": {"10": 18.6, "20": 26.7}, "total_bytes": {"1": 125, "2": 204, "3": 283, "4": 362, "5": 441, "6": 520, "7": 599, "8": 678, "9": 360357, "10": 360436, "11": 720069, "12": 1439348, "13": 1798981, "14": 2158614, "15": 2877801, "16": 3237434, "17": 3237513, "18": 3237592, "19": 3237671, "20": 3956858, "21": 3956937, "22": 3957016, "23": 3957095, "24": 4316774, "25": 4316853, "26": 4676486, "27": 5036119, "28": 5755306, "29": 6474493}, "total_meta": {"1": 125, "2": 204, "3": 283, "4": 362, "5": 441, "6": 520, "7": 599, "8": 678, "9": 859, "10": 938, "11": 1073, "12": 1356, "13": 1491, "14": 1626, "15": 1817, "16": 1952, "17": 2031, "18": 2110, "19": 2189, "20": 2380, "21": 2459, "22": 2538, "23": 2617, "24": 2798, "25": 2877, "26": 3012, "27": 3147, "28": 3338, "29": 3529}, "total_data_per_n": {"1": 0, "2": 0, "3": 0, "4": 0, "5": 0, "6": 0, "7": 0, "8": 0, "9": 359498, "10": 359498, "11": 718996, "12": 1437992, "13": 1797490, "14": 2156988, "15": 2875984, "16": 3235482, "17": 3235482, "18": 3235482, "19": 3235482, "20": 3954478, "21": 3954478, "22": 3954478, "23": 3954478, "24": 4313976, "25": 4313976, "26": 4673474, "27": 5032972, "28": 5751968, "29": 6470964}}