{"train_loss": {"10": 2.276929678935236, "20": 2.1600647025282234}, "test_loss": {"10": 2.277254581451416, "20": 2.1611647605895996}, "test_acc": {"10": 12.766666666666667, "20": 18.8}, "validation_loss": {"10": 2.229541301727295, "20": 2.1407763957977295}, "validation_acc": {"10": 12.2, "20": 20.2}, "total_bytes": {"1": 125, "2": 204, "3": 359883, "4": 359962, "5": 719595, "6": 1079274, "7": 1798507, "8": 2158140, "9": 2158219, "10": 2517898, "11": 2517977, "12": 2518056, "13": 2518135, "14": 3237368, "15": 3237447, "16": 3237526, "17": 3237605, "18": 3237684, "19": 3956871, "20": 3956950, "21": 4316583, "22": 4676216, "23": 5035895, "24": 5035974, "25": 5395607, "26": 5395686, "27": 6114873, "28": 6114952, "29": 6474585}, "total_meta": {"1": 125, "2": 204, "3": 385, "4": 464, "5": 599, "6": 780, "7": 1017, "8": 1152, "9": 1231, "10": 1412, "11": 1491, "12": 1570, "13": 1649, "14": 1886, "15": 1965, "16": 2044, "17": 2123, "18": 2202, "19": 2393, "20": 2472, "21": 2607, "22": 2742, "23": 2923, "24": 3002, "25": 3137, "26": 3216, "27": 3407, "28": 3486, "29": 3621}, "total_data_per_n": {"1": 0, "2": 0, "3": 359498, "4": 359498, "5": 718996, "6": 1078494, "7": 1797490, "8": 2156988, "9": 2156988, "10": 2516486, "11": 2516486, "12": 2516486, "13": 2516486, "14": 3235482, "15": 3235482, "16": 3235482, "17": 3235482, "18": 3235482, "19": 3954478, "20": 3954478, "21": 4313976, "22": 4673474, "23": 5032972, "24": 5032972, "25": 5392470, "26": 5392470, "27": 6111466, "28": 6111466, "29": 6470964}}