{"train_loss": {"20": 2.2674621905403574, "40": 1.955351403389854, "60": 2.0043776439524246, "80": 1.9307864840460007}, "test_loss": {"20": 2.272908714082506, "40": 1.9611417452494304, "60": 2.035194502936469, "80": 1.9556028445561726}, "test_acc": {"20": 18.7, "40": 27.433333333333334, "60": 28.08888888888889, "80": 28.822222222222223}, "validation_loss": {"20": 2.286970853805542, "40": 1.9507646560668945, "60": 1.988890528678894, "80": 1.9404925107955933}, "validation_acc": {"20": 17.3, "40": 27.8, "60": 30.7, "80": 29.1}, "total_bytes": {"1": 359725, "2": 719358, "3": 1078991, "4": 1438624, "5": 1798257, "6": 2157890, "7": 2157969, "8": 2158048, "9": 2517681, "10": 2877314, "11": 3236947, "12": 3596580, "13": 3956213, "14": 4315846, "15": 4675479, "16": 5035112, "17": 5394745, "18": 5394824, "19": 5394903, "20": 5394982, "21": 5395061, "22": 5754694, "23": 6114327, "24": 6473960, "25": 6833593, "26": 7193226, "27": 7552859, "28": 7912492, "29": 8272125, "30": 8991358, "31": 9350991, "32": 10070224, "33": 10789411, "34": 11868152, "35": 12587339, "36": 13306526, "37": 14025713, "38": 14744900, "39": 15464087, "40": 16183274, "41": 16902461, "42": 17262094, "43": 17621727, "44": 17621806, "45": 17621885, "46": 17621964, "47": 17622043, "48": 17622122, "49": 17622201, "50": 17622280, "51": 17622359, "52": 17622438, "53": 17622517, "54": 17622596, "55": 17622675, "56": 17622754, "57": 17622833, "58": 17622912, "59": 17622991, "60": 17623070, "61": 17623149, "62": 17623228, "63": 17623307, "64": 17623386, "65": 17623465, "66": 17623544, "67": 17623623, "68": 17623702, "69": 17623781, "70": 17623860, "71": 17623939, "72": 17624018, "73": 17624097, "74": 17624176, "75": 17624255, "76": 17624334, "77": 17624413, "78": 17624492, "79": 17624571, "80": 17624650}, "total_meta": {"1": 227, "2": 362, "3": 497, "4": 632, "5": 767, "6": 902, "7": 981, "8": 1060, "9": 1195, "10": 1330, "11": 1465, "12": 1600, "13": 1735, "14": 1870, "15": 2005, "16": 2140, "17": 2275, "18": 2354, "19": 2433, "20": 2512, "21": 2591, "22": 2726, "23": 2861, "24": 2996, "25": 3131, "26": 3266, "27": 3401, "28": 3536, "29": 3671, "30": 3908, "31": 4043, "32": 4280, "33": 4471, "34": 4718, "35": 4909, "36": 5100, "37": 5291, "38": 5482, "39": 5673, "40": 5864, "41": 6055, "42": 6190, "43": 6325, "44": 6404, "45": 6483, "46": 6562, "47": 6641, "48": 6720, "49": 6799, "50": 6878, "51": 6957, "52": 7036, "53": 7115, "54": 7194, "55": 7273, "56": 7352, "57": 7431, "58": 7510, "59": 7589, "60": 7668, "61": 7747, "62": 7826, "63": 7905, "64": 7984, "65": 8063, "66": 8142, "67": 8221, "68": 8300, "69": 8379, "70": 8458, "71": 8537, "72": 8616, "73": 8695, "74": 8774, "75": 8853, "76": 8932, "77": 9011, "78": 9090, "79": 9169, "80": 9248}, "total_data_per_n": {"1": 359498, "2": 718996, "3": 1078494, "4": 1437992, "5": 1797490, "6": 2156988, "7": 2156988, "8": 2156988, "9": 2516486, "10": 2875984, "11": 3235482, "12": 3594980, "13": 3954478, "14": 4313976, "15": 4673474, "16": 5032972, "17": 5392470, "18": 5392470, "19": 5392470, "20": 5392470, "21": 5392470, "22": 5751968, "23": 6111466, "24": 6470964, "25": 6830462, "26": 7189960, "27": 7549458, "28": 7908956, "29": 8268454, "30": 8987450, "31": 9346948, "32": 10065944, "33": 10784940, "34": 11863434, "35": 12582430, "36": 13301426, "37": 14020422, "38": 14739418, "39": 15458414, "40": 16177410, "41": 16896406, "42": 17255904, "43": 17615402, "44": 17615402, "45": 17615402, "46": 17615402, "47": 17615402, "48": 17615402, "49": 17615402, "50": 17615402, "51": 17615402, "52": 17615402, "53": 17615402, "54": 17615402, "55": 17615402, "56": 17615402, "57": 17615402, "58": 17615402, "59": 17615402, "60": 17615402, "61": 17615402, "62": 17615402, "63": 17615402, "64": 17615402, "65": 17615402, "66": 17615402, "67": 17615402, "68": 17615402, "69": 17615402, "70": 17615402, "71": 17615402, "72": 17615402, "73": 17615402, "74": 17615402, "75": 17615402, "76": 17615402, "77": 17615402, "78": 17615402, "79": 17615402, "80": 17615402}}