{"train_loss": {"20": 2.0712438295532785, "40": 2.0436908587841978, "60": 1.9336857466230923, "80": 1.8409464306657466}, "test_loss": {"20": 2.0804966025882297, "40": 2.0724021328820124, "60": 1.9553566376368205, "80": 1.8468302620781794}, "test_acc": {"20": 24.1, "40": 23.6, "60": 28.444444444444443, "80": 32.666666666666664}, "validation_loss": {"20": 2.068436622619629, "40": 2.046005964279175, "60": 1.8995863199234009, "80": 1.8263983726501465}, "validation_acc": {"20": 23.6, "40": 24.1, "60": 30.9, "80": 34.2}, "total_bytes": {"1": 1078925, "2": 2157666, "3": 3236407, "4": 4315148, "5": 5393889, "6": 6113076, "7": 6832263, "8": 7551450, "9": 8270637, "10": 8989824, "11": 9709011, "12": 10428198, "13": 11147385, "14": 11866572, "15": 12585759, "16": 12945392, "17": 13305025, "18": 13664658, "19": 14024291, "20": 14383924, "21": 14743557, "22": 15103190, "23": 15462823, "24": 15462902, "25": 15462981, "26": 15463060, "27": 15463139, "28": 15463218, "29": 15822851, "30": 16182484, "31": 16542117, "32": 16901750, "33": 16901829, "34": 16901908, "35": 16901987, "36": 16902066, "37": 16902145, "38": 16902224, "39": 16902303, "40": 16902382, "41": 16902461, "42": 16902540, "43": 16902619, "44": 16902698, "45": 16902777, "46": 16902856, "47": 16902935, "48": 16903014, "49": 16903093, "50": 16903172, "51": 16903251, "52": 16903330, "53": 16903409, "54": 16903488, "55": 16903567, "56": 16903646, "57": 16903725, "58": 16903804, "59": 16903883, "60": 16903962, "61": 16904041, "62": 16904120, "63": 16904199, "64": 16904278, "65": 16904357, "66": 16904436, "67": 16904515, "68": 16904594, "69": 16904673, "70": 16904752, "71": 16904831, "72": 16904910, "73": 16904989, "74": 16905068, "75": 16905147, "76": 16905226, "77": 16905305, "78": 16905384, "79": 16905463, "80": 16905542}, "total_meta": {"1": 431, "2": 678, "3": 925, "4": 1172, "5": 1419, "6": 1610, "7": 1801, "8": 1992, "9": 2183, "10": 2374, "11": 2565, "12": 2756, "13": 2947, "14": 3138, "15": 3329, "16": 3464, "17": 3599, "18": 3734, "19": 3869, "20": 4004, "21": 4139, "22": 4274, "23": 4409, "24": 4488, "25": 4567, "26": 4646, "27": 4725, "28": 4804, "29": 4939, "30": 5074, "31": 5209, "32": 5344, "33": 5423, "34": 5502, "35": 5581, "36": 5660, "37": 5739, "38": 5818, "39": 5897, "40": 5976, "41": 6055, "42": 6134, "43": 6213, "44": 6292, "45": 6371, "46": 6450, "47": 6529, "48": 6608, "49": 6687, "50": 6766, "51": 6845, "52": 6924, "53": 7003, "54": 7082, "55": 7161, "56": 7240, "57": 7319, "58": 7398, "59": 7477, "60": 7556, "61": 7635, "62": 7714, "63": 7793, "64": 7872, "65": 7951, "66": 8030, "67": 8109, "68": 8188, "69": 8267, "70": 8346, "71": 8425, "72": 8504, "73": 8583, "74": 8662, "75": 8741, "76": 8820, "77": 8899, "78": 8978, "79": 9057, "80": 9136}, "total_data_per_n": {"1": 1078494, "2": 2156988, "3": 3235482, "4": 4313976, "5": 5392470, "6": 6111466, "7": 6830462, "8": 7549458, "9": 8268454, "10": 8987450, "11": 9706446, "12": 10425442, "13": 11144438, "14": 11863434, "15": 12582430, "16": 12941928, "17": 13301426, "18": 13660924, "19": 14020422, "20": 14379920, "21": 14739418, "22": 15098916, "23": 15458414, "24": 15458414, "25": 15458414, "26": 15458414, "27": 15458414, "28": 15458414, "29": 15817912, "30": 16177410, "31": 16536908, "32": 16896406, "33": 16896406, "34": 16896406, "35": 16896406, "36": 16896406, "37": 16896406, "38": 16896406, "39": 16896406, "40": 16896406, "41": 16896406, "42": 16896406, "43": 16896406, "44": 16896406, "45": 16896406, "46": 16896406, "47": 16896406, "48": 16896406, "49": 16896406, "50": 16896406, "51": 16896406, "52": 16896406, "53": 16896406, "54": 16896406, "55": 16896406, "56": 16896406, "57": 16896406, "58": 16896406, "59": 16896406, "60": 16896406, "61": 16896406, "62": 16896406, "63": 16896406, "64": 16896406, "65": 16896406, "66": 16896406, "67": 16896406, "68": 16896406, "69": 16896406, "70": 16896406, "71": 16896406, "72": 16896406, "73": 16896406, "74": 16896406, "75": 16896406, "76": 16896406, "77": 16896406, "78": 16896406, "79": 16896406, "80": 16896406}}