{"train_loss": {"20": 2.035828145817923, "40": 1.9430385894372688, "60": 1.8887094764929129, "80": 1.835715644876696}, "test_loss": {"20": 2.042515648735894, "40": 1.9563894271850586, "60": 1.90347511238522, "80": 1.8672123087777033}, "test_acc": {"20": 24.42222222222222, "40": 29.055555555555557, "60": 32.422222222222224, "80": 34.31111111111111}, "validation_loss": {"20": 2.039982557296753, "40": 1.9020761251449585, "60": 1.8359754085540771, "80": 1.8521019220352173}, "validation_acc": {"20": 23.1, "40": 32.6, "60": 36.6, "80": 34.5}, "total_bytes": {"1": 359725, "2": 719404, "3": 1079083, "4": 1438716, "5": 1438795, "6": 2877228, "7": 2877307, "8": 2877386, "9": 2877465, "10": 2877544, "11": 2877623, "12": 3596810, "13": 3596889, "14": 3956522, "15": 3956601, "16": 4316234, "17": 4316313, "18": 4675946, "19": 4676025, "20": 5395212, "21": 5395291, "22": 5754924, "23": 5755003, "24": 5755082, "25": 5755161, "26": 6474394, "27": 6474473, "28": 6834106, "29": 6834185, "30": 7193818, "31": 7193897, "32": 7193976, "33": 7194055, "34": 7913288, "35": 7913367, "36": 8273000, "37": 8273079, "38": 9711374, "39": 9711453, "40": 10071086, "41": 10071165, "42": 10430798, "43": 10430877, "44": 11509618, "45": 11869251, "46": 12228884, "47": 12588517, "48": 12588596, "49": 12588675, "50": 12588754, "51": 12588833, "52": 12948466, "53": 12948545, "54": 12948624, "55": 12948703, "56": 12948782, "57": 13308415, "58": 14027602, "59": 14387235, "60": 14387314, "61": 14746993, "62": 15466180, "63": 15825813, "64": 15825892, "65": 15825971, "66": 16185604, "67": 16185683, "68": 16545316, "69": 16545395, "70": 17264582, "71": 17264661, "72": 17624294, "73": 17624373, "74": 17624452, "75": 17984085, "76": 18703272, "77": 18703351, "78": 19062984, "79": 19063063, "80": 19422696}, "total_meta": {"1": 227, "2": 408, "3": 589, "4": 724, "5": 803, "6": 1244, "7": 1323, "8": 1402, "9": 1481, "10": 1560, "11": 1639, "12": 1830, "13": 1909, "14": 2044, "15": 2123, "16": 2258, "17": 2337, "18": 2472, "19": 2551, "20": 2742, "21": 2821, "22": 2956, "23": 3035, "24": 3114, "25": 3193, "26": 3430, "27": 3509, "28": 3644, "29": 3723, "30": 3858, "31": 3937, "32": 4016, "33": 4095, "34": 4332, "35": 4411, "36": 4546, "37": 4625, "38": 4928, "39": 5007, "40": 5142, "41": 5221, "42": 5356, "43": 5435, "44": 5682, "45": 5817, "46": 5952, "47": 6087, "48": 6166, "49": 6245, "50": 6324, "51": 6403, "52": 6538, "53": 6617, "54": 6696, "55": 6775, "56": 6854, "57": 6989, "58": 7180, "59": 7315, "60": 7394, "61": 7575, "62": 7766, "63": 7901, "64": 7980, "65": 8059, "66": 8194, "67": 8273, "68": 8408, "69": 8487, "70": 8678, "71": 8757, "72": 8892, "73": 8971, "74": 9050, "75": 9185, "76": 9376, "77": 9455, "78": 9590, "79": 9669, "80": 9804}, "total_data_per_n": {"1": 359498, "2": 718996, "3": 1078494, "4": 1437992, "5": 1437992, "6": 2875984, "7": 2875984, "8": 2875984, "9": 2875984, "10": 2875984, "11": 2875984, "12": 3594980, "13": 3594980, "14": 3954478, "15": 3954478, "16": 4313976, "17": 4313976, "18": 4673474, "19": 4673474, "20": 5392470, "21": 5392470, "22": 5751968, "23": 5751968, "24": 5751968, "25": 5751968, "26": 6470964, "27": 6470964, "28": 6830462, "29": 6830462, "30": 7189960, "31": 7189960, "32": 7189960, "33": 7189960, "34": 7908956, "35": 7908956, "36": 8268454, "37": 8268454, "38": 9706446, "39": 9706446, "40": 10065944, "41": 10065944, "42": 10425442, "43": 10425442, "44": 11503936, "45": 11863434, "46": 12222932, "47": 12582430, "48": 12582430, "49": 12582430, "50": 12582430, "51": 12582430, "52": 12941928, "53": 12941928, "54": 12941928, "55": 12941928, "56": 12941928, "57": 13301426, "58": 14020422, "59": 14379920, "60": 14379920, "61": 14739418, "62": 15458414, "63": 15817912, "64": 15817912, "65": 15817912, "66": 16177410, "67": 16177410, "68": 16536908, "69": 16536908, "70": 17255904, "71": 17255904, "72": 17615402, "73": 17615402, "74": 17615402, "75": 17974900, "76": 18693896, "77": 18693896, "78": 19053394, "79": 19053394, "80": 19412892}}