{"train_loss": {"20": 2.2214932508065925, "40": 1.9864288399178327, "60": 1.8587314954417222, "80": 1.8117383160197575}, "test_loss": {"20": 2.230730719036526, "40": 1.9859649870130751, "60": 1.8676337401072185, "80": 1.8181225326326158}, "test_acc": {"20": 18.233333333333334, "40": 28.42222222222222, "60": 31.72222222222222, "80": 33.65555555555556}, "validation_loss": {"20": 2.2120869159698486, "40": 1.943934679031372, "60": 1.8329339027404785, "80": 1.7781728506088257}, "validation_acc": {"20": 19.0, "40": 30.9, "60": 33.0, "80": 37.6}, "total_bytes": {"1": 125, "2": 359804, "3": 359883, "4": 359962, "5": 360041, "6": 1079320, "7": 1798553, "8": 2517786, "9": 3596573, "10": 3956206, "11": 4315839, "12": 4675472, "13": 5035105, "14": 5394784, "15": 5754417, "16": 6114050, "17": 6114129, "18": 6473762, "19": 6473841, "20": 6473920, "21": 6473999, "22": 7193232, "23": 7912419, "24": 8991160, "25": 9350793, "26": 9710426, "27": 10070105, "28": 10429738, "29": 10789371, "30": 11149004, "31": 11149083, "32": 11868316, "33": 12587503, "34": 12947136, "35": 13306769, "36": 13666402, "37": 13666481, "38": 14026160, "39": 14385793, "40": 14745426, "41": 15464613, "42": 15464692, "43": 15464771, "44": 15464850, "45": 15464929, "46": 15824562, "47": 16543749, "48": 16903382, "49": 17263015, "50": 17263094, "51": 17622727, "52": 17622806, "53": 17622885, "54": 17982518, "55": 18342151, "56": 19061338, "57": 19061417, "58": 19421050, "59": 19780683, "60": 19780762, "61": 19780841, "62": 19780920, "63": 20140553, "64": 20500186, "65": 21219373, "66": 21579006, "67": 21579085, "68": 21938718, "69": 21938797, "70": 22298430, "71": 22298509, "72": 22298588, "73": 22298667, "74": 22658300, "75": 23377487, "76": 23737120, "77": 24096753, "78": 24096832, "79": 24456465, "80": 24816098}, "total_meta": {"1": 125, "2": 306, "3": 385, "4": 464, "5": 543, "6": 826, "7": 1063, "8": 1300, "9": 1593, "10": 1728, "11": 1863, "12": 1998, "13": 2133, "14": 2314, "15": 2449, "16": 2584, "17": 2663, "18": 2798, "19": 2877, "20": 2956, "21": 3035, "22": 3272, "23": 3463, "24": 3710, "25": 3845, "26": 3980, "27": 4161, "28": 4296, "29": 4431, "30": 4566, "31": 4645, "32": 4882, "33": 5073, "34": 5208, "35": 5343, "36": 5478, "37": 5557, "38": 5738, "39": 5873, "40": 6008, "41": 6199, "42": 6278, "43": 6357, "44": 6436, "45": 6515, "46": 6650, "47": 6841, "48": 6976, "49": 7111, "50": 7190, "51": 7325, "52": 7404, "53": 7483, "54": 7618, "55": 7753, "56": 7944, "57": 8023, "58": 8158, "59": 8293, "60": 8372, "61": 8451, "62": 8530, "63": 8665, "64": 8800, "65": 8991, "66": 9126, "67": 9205, "68": 9340, "69": 9419, "70": 9554, "71": 9633, "72": 9712, "73": 9791, "74": 9926, "75": 10117, "76": 10252, "77": 10387, "78": 10466, "79": 10601, "80": 10736}, "total_data_per_n": {"1": 0, "2": 359498, "3": 359498, "4": 359498, "5": 359498, "6": 1078494, "7": 1797490, "8": 2516486, "9": 3594980, "10": 3954478, "11": 4313976, "12": 4673474, "13": 5032972, "14": 5392470, "15": 5751968, "16": 6111466, "17": 6111466, "18": 6470964, "19": 6470964, "20": 6470964, "21": 6470964, "22": 7189960, "23": 7908956, "24": 8987450, "25": 9346948, "26": 9706446, "27": 10065944, "28": 10425442, "29": 10784940, "30": 11144438, "31": 11144438, "32": 11863434, "33": 12582430, "34": 12941928, "35": 13301426, "36": 13660924, "37": 13660924, "38": 14020422, "39": 14379920, "40": 14739418, "41": 15458414, "42": 15458414, "43": 15458414, "44": 15458414, "45": 15458414, "46": 15817912, "47": 16536908, "48": 16896406, "49": 17255904, "50": 17255904, "51": 17615402, "52": 17615402, "53": 17615402, "54": 17974900, "55": 18334398, "56": 19053394, "57": 19053394, "58": 19412892, "59": 19772390, "60": 19772390, "61": 19772390, "62": 19772390, "63": 20131888, "64": 20491386, "65": 21210382, "66": 21569880, "67": 21569880, "68": 21929378, "69": 21929378, "70": 22288876, "71": 22288876, "72": 22288876, "73": 22288876, "74": 22648374, "75": 23367370, "76": 23726868, "77": 24086366, "78": 24086366, "79": 24445864, "80": 24805362}}