{"train_loss": {"20": 2.2175853996038892, "40": 1.9538121859537663, "60": 1.8476134728561664, "80": 1.9214481124493532}, "test_loss": {"20": 2.223085641860962, "40": 1.9563894271850586, "60": 1.850932902759976, "80": 1.9357238213221233}, "test_acc": {"20": 16.433333333333334, "40": 29.055555555555557, "60": 33.144444444444446, "80": 29.57777777777778}, "validation_loss": {"20": 2.2138516902923584, "40": 1.9020761251449585, "60": 1.814905047416687, "80": 1.9325169324874878}, "validation_acc": {"20": 16.9, "40": 32.6, "60": 35.5, "80": 29.5}, "total_bytes": {"1": 125, "2": 204, "3": 283, "4": 362, "5": 441, "6": 360120, "7": 1079399, "8": 1439032, "9": 2158265, "10": 2158344, "11": 2158423, "12": 2877656, "13": 3237289, "14": 3596968, "15": 3597047, "16": 3956680, "17": 3956759, "18": 4675992, "19": 5035625, "20": 5035704, "21": 5035783, "22": 5755016, "23": 6114649, "24": 6114728, "25": 6474361, "26": 6833994, "27": 7553181, "28": 8631922, "29": 8991601, "30": 9351234, "31": 9710913, "32": 10070546, "33": 10430179, "34": 10789812, "35": 11149445, "36": 11509078, "37": 11868711, "38": 12228344, "39": 12587977, "40": 12947610, "41": 12947689, "42": 13307322, "43": 13307401, "44": 13667034, "45": 13667113, "46": 14026746, "47": 14386379, "48": 14386458, "49": 14386537, "50": 14386616, "51": 14386695, "52": 14746328, "53": 15105961, "54": 15106040, "55": 15106119, "56": 15106198, "57": 15465831, "58": 16185018, "59": 16904205, "60": 17263838, "61": 17623471, "62": 17983104, "63": 18702337, "64": 19061970, "65": 19421603, "66": 19421682, "67": 19421761, "68": 19421840, "69": 19781473, "70": 20141106, "71": 20141185, "72": 20141264, "73": 20141343, "74": 20500976, "75": 20501055, "76": 20501134, "77": 20501213, "78": 20501292, "79": 20501371, "80": 20501450}, "total_meta": {"1": 125, "2": 204, "3": 283, "4": 362, "5": 441, "6": 622, "7": 905, "8": 1040, "9": 1277, "10": 1356, "11": 1435, "12": 1672, "13": 1807, "14": 1988, "15": 2067, "16": 2202, "17": 2281, "18": 2518, "19": 2653, "20": 2732, "21": 2811, "22": 3048, "23": 3183, "24": 3262, "25": 3397, "26": 3532, "27": 3723, "28": 3970, "29": 4151, "30": 4286, "31": 4467, "32": 4602, "33": 4737, "34": 4872, "35": 5007, "36": 5142, "37": 5277, "38": 5412, "39": 5547, "40": 5682, "41": 5761, "42": 5896, "43": 5975, "44": 6110, "45": 6189, "46": 6324, "47": 6459, "48": 6538, "49": 6617, "50": 6696, "51": 6775, "52": 6910, "53": 7045, "54": 7124, "55": 7203, "56": 7282, "57": 7417, "58": 7608, "59": 7799, "60": 7934, "61": 8069, "62": 8204, "63": 8441, "64": 8576, "65": 8711, "66": 8790, "67": 8869, "68": 8948, "69": 9083, "70": 9218, "71": 9297, "72": 9376, "73": 9455, "74": 9590, "75": 9669, "76": 9748, "77": 9827, "78": 9906, "79": 9985, "80": 10064}, "total_data_per_n": {"1": 0, "2": 0, "3": 0, "4": 0, "5": 0, "6": 359498, "7": 1078494, "8": 1437992, "9": 2156988, "10": 2156988, "11": 2156988, "12": 2875984, "13": 3235482, "14": 3594980, "15": 3594980, "16": 3954478, "17": 3954478, "18": 4673474, "19": 5032972, "20": 5032972, "21": 5032972, "22": 5751968, "23": 6111466, "24": 6111466, "25": 6470964, "26": 6830462, "27": 7549458, "28": 8627952, "29": 8987450, "30": 9346948, "31": 9706446, "32": 10065944, "33": 10425442, "34": 10784940, "35": 11144438, "36": 11503936, "37": 11863434, "38": 12222932, "39": 12582430, "40": 12941928, "41": 12941928, "42": 13301426, "43": 13301426, "44": 13660924, "45": 13660924, "46": 14020422, "47": 14379920, "48": 14379920, "49": 14379920, "50": 14379920, "51": 14379920, "52": 14739418, "53": 15098916, "54": 15098916, "55": 15098916, "56": 15098916, "57": 15458414, "58": 16177410, "59": 16896406, "60": 17255904, "61": 17615402, "62": 17974900, "63": 18693896, "64": 19053394, "65": 19412892, "66": 19412892, "67": 19412892, "68": 19412892, "69": 19772390, "70": 20131888, "71": 20131888, "72": 20131888, "73": 20131888, "74": 20491386, "75": 20491386, "76": 20491386, "77": 20491386, "78": 20491386, "79": 20491386, "80": 20491386}}