{"train_loss": {"20": 2.1445311452056535, "40": 2.0696130661497647, "60": 1.844852040916853, "80": 1.8798808914228502}, "test_loss": {"20": 2.1595352755652533, "40": 2.0953712463378906, "60": 1.850932902759976, "80": 1.897121164533827}, "test_acc": {"20": 19.7, "40": 25.533333333333335, "60": 33.144444444444446, "80": 29.255555555555556}, "validation_loss": {"20": 2.1727848052978516, "40": 2.1172902584075928, "60": 1.814905047416687, "80": 1.8641756772994995}, "validation_acc": {"20": 17.9, "40": 23.1, "60": 35.5, "80": 31.3}, "total_bytes": {"1": 359725, "2": 719404, "3": 719483, "4": 719562, "5": 719641, "6": 719720, "7": 719799, "8": 719878, "9": 719957, "10": 1079636, "11": 1439269, "12": 2518056, "13": 2518135, "14": 2518214, "15": 2877893, "16": 3237526, "17": 3237605, "18": 3237684, "19": 3237763, "20": 3237842, "21": 3237921, "22": 3238000, "23": 3238079, "24": 3597712, "25": 3597791, "26": 3597870, "27": 3597949, "28": 3957582, "29": 3957661, "30": 4317294, "31": 4317373, "32": 4317452, "33": 4317531, "34": 4317610, "35": 4317689, "36": 4317768, "37": 4317847, "38": 4317926, "39": 4318005, "40": 4318084, "41": 4318163, "42": 4318242, "43": 4318321, "44": 4318400, "45": 4678033, "46": 4678112, "47": 5037745, "48": 5037824, "49": 5037903, "50": 5037982, "51": 5397615, "52": 5757248, "53": 6116881, "54": 6476514, "55": 7555301, "56": 8274488, "57": 8274567, "58": 8993754, "59": 9712941, "60": 10072574, "61": 10072653, "62": 10432332, "63": 11151565, "64": 11870752, "65": 12589939, "66": 12949572, "67": 13309205, "68": 13309284, "69": 13668917, "70": 13668996, "71": 14028629, "72": 14388262, "73": 14747895, "74": 15107528, "75": 15467161, "76": 16186348, "77": 16546027, "78": 17265214, "79": 17624847, "80": 17624926}, "total_meta": {"1": 227, "2": 408, "3": 487, "4": 566, "5": 645, "6": 724, "7": 803, "8": 882, "9": 961, "10": 1142, "11": 1277, "12": 1570, "13": 1649, "14": 1728, "15": 1909, "16": 2044, "17": 2123, "18": 2202, "19": 2281, "20": 2360, "21": 2439, "22": 2518, "23": 2597, "24": 2732, "25": 2811, "26": 2890, "27": 2969, "28": 3104, "29": 3183, "30": 3318, "31": 3397, "32": 3476, "33": 3555, "34": 3634, "35": 3713, "36": 3792, "37": 3871, "38": 3950, "39": 4029, "40": 4108, "41": 4187, "42": 4266, "43": 4345, "44": 4424, "45": 4559, "46": 4638, "47": 4773, "48": 4852, "49": 4931, "50": 5010, "51": 5145, "52": 5280, "53": 5415, "54": 5550, "55": 5843, "56": 6034, "57": 6113, "58": 6304, "59": 6495, "60": 6630, "61": 6709, "62": 6890, "63": 7127, "64": 7318, "65": 7509, "66": 7644, "67": 7779, "68": 7858, "69": 7993, "70": 8072, "71": 8207, "72": 8342, "73": 8477, "74": 8612, "75": 8747, "76": 8938, "77": 9119, "78": 9310, "79": 9445, "80": 9524}, "total_data_per_n": {"1": 359498, "2": 718996, "3": 718996, "4": 718996, "5": 718996, "6": 718996, "7": 718996, "8": 718996, "9": 718996, "10": 1078494, "11": 1437992, "12": 2516486, "13": 2516486, "14": 2516486, "15": 2875984, "16": 3235482, "17": 3235482, "18": 3235482, "19": 3235482, "20": 3235482, "21": 3235482, "22": 3235482, "23": 3235482, "24": 3594980, "25": 3594980, "26": 3594980, "27": 3594980, "28": 3954478, "29": 3954478, "30": 4313976, "31": 4313976, "32": 4313976, "33": 4313976, "34": 4313976, "35": 4313976, "36": 4313976, "37": 4313976, "38": 4313976, "39": 4313976, "40": 4313976, "41": 4313976, "42": 4313976, "43": 4313976, "44": 4313976, "45": 4673474, "46": 4673474, "47": 5032972, "48": 5032972, "49": 5032972, "50": 5032972, "51": 5392470, "52": 5751968, "53": 6111466, "54": 6470964, "55": 7549458, "56": 8268454, "57": 8268454, "58": 8987450, "59": 9706446, "60": 10065944, "61": 10065944, "62": 10425442, "63": 11144438, "64": 11863434, "65": 12582430, "66": 12941928, "67": 13301426, "68": 13301426, "69": 13660924, "70": 13660924, "71": 14020422, "72": 14379920, "73": 14739418, "74": 15098916, "75": 15458414, "76": 16177410, "77": 16536908, "78": 17255904, "79": 17615402, "80": 17615402}}