{"train_loss": {"20": 2.0542988806905766, "40": 2.0191163936640617, "60": 1.9689350961037195, "80": 1.844123010900794}, "test_loss": {"20": 2.042515648735894, "40": 2.0370385117001004, "60": 1.971204982863532, "80": 1.8698600663079157}, "test_acc": {"20": 24.42222222222222, "40": 22.72222222222222, "60": 23.31111111111111, "80": 31.72222222222222}, "validation_loss": {"20": 2.039982318878174, "40": 2.029221773147583, "60": 1.9244649410247803, "80": 1.8547981977462769}, "validation_acc": {"20": 23.1, "40": 21.6, "60": 27.3, "80": 31.9}, "total_bytes": {"1": 125, "2": 204, "3": 283, "4": 362, "5": 360041, "6": 719720, "7": 719799, "8": 1439032, "9": 2158219, "10": 2517852, "11": 3237085, "12": 3596718, "13": 3596797, "14": 3596876, "15": 3596955, "16": 3597034, "17": 3597113, "18": 3956792, "19": 4316425, "20": 5035658, "21": 5035737, "22": 5035816, "23": 5035895, "24": 5035974, "25": 5036053, "26": 5036132, "27": 5036211, "28": 5395844, "29": 5395923, "30": 5396002, "31": 5755681, "32": 5755760, "33": 6115393, "34": 6475026, "35": 6834659, "36": 6834738, "37": 7194371, "38": 8273158, "39": 8632791, "40": 8632870, "41": 8632949, "42": 8992582, "43": 9352215, "44": 10430956, "45": 10431035, "46": 10431114, "47": 11150347, "48": 11509980, "49": 11510059, "50": 11510138, "51": 11869817, "52": 12229450, "53": 12589083, "54": 12589162, "55": 12948795, "56": 13308428, "57": 13308507, "58": 13308586, "59": 13308665, "60": 13308744, "61": 13308823, "62": 13308902, "63": 13668535, "64": 13668614, "65": 13668693, "66": 13668772, "67": 13668851, "68": 13668930, "69": 13669009, "70": 14028642, "71": 14388275, "72": 14747908, "73": 15107541, "74": 15467174, "75": 15467253, "76": 15467332, "77": 15467411, "78": 15467490, "79": 15467569, "80": 15467648}, "total_meta": {"1": 125, "2": 204, "3": 283, "4": 362, "5": 543, "6": 724, "7": 803, "8": 1040, "9": 1231, "10": 1366, "11": 1603, "12": 1738, "13": 1817, "14": 1896, "15": 1975, "16": 2054, "17": 2133, "18": 2314, "19": 2449, "20": 2686, "21": 2765, "22": 2844, "23": 2923, "24": 3002, "25": 3081, "26": 3160, "27": 3239, "28": 3374, "29": 3453, "30": 3532, "31": 3713, "32": 3792, "33": 3927, "34": 4062, "35": 4197, "36": 4276, "37": 4411, "38": 4704, "39": 4839, "40": 4918, "41": 4997, "42": 5132, "43": 5267, "44": 5514, "45": 5593, "46": 5672, "47": 5909, "48": 6044, "49": 6123, "50": 6202, "51": 6383, "52": 6518, "53": 6653, "54": 6732, "55": 6867, "56": 7002, "57": 7081, "58": 7160, "59": 7239, "60": 7318, "61": 7397, "62": 7476, "63": 7611, "64": 7690, "65": 7769, "66": 7848, "67": 7927, "68": 8006, "69": 8085, "70": 8220, "71": 8355, "72": 8490, "73": 8625, "74": 8760, "75": 8839, "76": 8918, "77": 8997, "78": 9076, "79": 9155, "80": 9234}, "total_data_per_n": {"1": 0, "2": 0, "3": 0, "4": 0, "5": 359498, "6": 718996, "7": 718996, "8": 1437992, "9": 2156988, "10": 2516486, "11": 3235482, "12": 3594980, "13": 3594980, "14": 3594980, "15": 3594980, "16": 3594980, "17": 3594980, "18": 3954478, "19": 4313976, "20": 5032972, "21": 5032972, "22": 5032972, "23": 5032972, "24": 5032972, "25": 5032972, "26": 5032972, "27": 5032972, "28": 5392470, "29": 5392470, "30": 5392470, "31": 5751968, "32": 5751968, "33": 6111466, "34": 6470964, "35": 6830462, "36": 6830462, "37": 7189960, "38": 8268454, "39": 8627952, "40": 8627952, "41": 8627952, "42": 8987450, "43": 9346948, "44": 10425442, "45": 10425442, "46": 10425442, "47": 11144438, "48": 11503936, "49": 11503936, "50": 11503936, "51": 11863434, "52": 12222932, "53": 12582430, "54": 12582430, "55": 12941928, "56": 13301426, "57": 13301426, "58": 13301426, "59": 13301426, "60": 13301426, "61": 13301426, "62": 13301426, "63": 13660924, "64": 13660924, "65": 13660924, "66": 13660924, "67": 13660924, "68": 13660924, "69": 13660924, "70": 14020422, "71": 14379920, "72": 14739418, "73": 15098916, "74": 15458414, "75": 15458414, "76": 15458414, "77": 15458414, "78": 15458414, "79": 15458414, "80": 15458414}}