{"train_loss": {"20": 2.1655449748268056, "40": 1.9984477980351951, "60": 1.9018260780543146, "80": 1.8334408417315493}, "test_loss": {"20": 2.1769734488593206, "40": 2.0153123802608914, "60": 1.90832167201572, "80": 1.827742060025533}, "test_acc": {"20": 19.866666666666667, "40": 24.011111111111113, "60": 30.444444444444443, "80": 33.13333333333333}, "validation_loss": {"20": 2.170398712158203, "40": 1.9799787998199463, "60": 1.8732062578201294, "80": 1.822296142578125}, "validation_acc": {"20": 20.2, "40": 25.0, "60": 32.6, "80": 34.4}, "total_bytes": {"1": 125, "2": 204, "3": 283, "4": 362, "5": 441, "6": 520, "7": 599, "8": 678, "9": 757, "10": 360436, "11": 720069, "12": 1079702, "13": 1079781, "14": 1439460, "15": 1799093, "16": 1799172, "17": 1799251, "18": 1799330, "19": 1799409, "20": 1799488, "21": 2159167, "22": 2878354, "23": 3597541, "24": 4316728, "25": 5035961, "26": 6114748, "27": 6833935, "28": 7912722, "29": 9351063, "30": 10429850, "31": 10789483, "32": 11508670, "33": 11868303, "34": 12947044, "35": 13666231, "36": 14385418, "37": 15104605, "38": 16183392, "39": 16902579, "40": 17621766, "41": 18340953, "42": 18341032, "43": 19060219, "44": 20138960, "45": 20498593, "46": 20858226, "47": 21217859, "48": 21577492, "49": 21937125, "50": 22296758, "51": 23015945, "52": 23375578, "53": 23735211, "54": 24094844, "55": 24454477, "56": 24454556, "57": 24454635, "58": 24814268, "59": 24814347, "60": 24814426, "61": 24814505, "62": 24814584, "63": 24814663, "64": 24814742, "65": 24814821, "66": 24814900, "67": 24814979, "68": 25174612, "69": 25174691, "70": 25534324, "71": 25893957, "72": 26253590, "73": 26613223, "74": 26972856, "75": 26972935, "76": 26973014, "77": 26973093, "78": 27332726, "79": 27332805, "80": 27332884}, "total_meta": {"1": 125, "2": 204, "3": 283, "4": 362, "5": 441, "6": 520, "7": 599, "8": 678, "9": 757, "10": 938, "11": 1073, "12": 1208, "13": 1287, "14": 1468, "15": 1603, "16": 1682, "17": 1761, "18": 1840, "19": 1919, "20": 1998, "21": 2179, "22": 2370, "23": 2561, "24": 2752, "25": 2989, "26": 3282, "27": 3473, "28": 3766, "29": 4115, "30": 4408, "31": 4543, "32": 4734, "33": 4869, "34": 5116, "35": 5307, "36": 5498, "37": 5689, "38": 5982, "39": 6173, "40": 6364, "41": 6555, "42": 6634, "43": 6825, "44": 7072, "45": 7207, "46": 7342, "47": 7477, "48": 7612, "49": 7747, "50": 7882, "51": 8073, "52": 8208, "53": 8343, "54": 8478, "55": 8613, "56": 8692, "57": 8771, "58": 8906, "59": 8985, "60": 9064, "61": 9143, "62": 9222, "63": 9301, "64": 9380, "65": 9459, "66": 9538, "67": 9617, "68": 9752, "69": 9831, "70": 9966, "71": 10101, "72": 10236, "73": 10371, "74": 10506, "75": 10585, "76": 10664, "77": 10743, "78": 10878, "79": 10957, "80": 11036}, "total_data_per_n": {"1": 0, "2": 0, "3": 0, "4": 0, "5": 0, "6": 0, "7": 0, "8": 0, "9": 0, "10": 359498, "11": 718996, "12": 1078494, "13": 1078494, "14": 1437992, "15": 1797490, "16": 1797490, "17": 1797490, "18": 1797490, "19": 1797490, "20": 1797490, "21": 2156988, "22": 2875984, "23": 3594980, "24": 4313976, "25": 5032972, "26": 6111466, "27": 6830462, "28": 7908956, "29": 9346948, "30": 10425442, "31": 10784940, "32": 11503936, "33": 11863434, "34": 12941928, "35": 13660924, "36": 14379920, "37": 15098916, "38": 16177410, "39": 16896406, "40": 17615402, "41": 18334398, "42": 18334398, "43": 19053394, "44": 20131888, "45": 20491386, "46": 20850884, "47": 21210382, "48": 21569880, "49": 21929378, "50": 22288876, "51": 23007872, "52": 23367370, "53": 23726868, "54": 24086366, "55": 24445864, "56": 24445864, "57": 24445864, "58": 24805362, "59": 24805362, "60": 24805362, "61": 24805362, "62": 24805362, "63": 24805362, "64": 24805362, "65": 24805362, "66": 24805362, "67": 24805362, "68": 25164860, "69": 25164860, "70": 25524358, "71": 25883856, "72": 26243354, "73": 26602852, "74": 26962350, "75": 26962350, "76": 26962350, "77": 26962350, "78": 27321848, "79": 27321848, "80": 27321848}}