{
  "0.05": {
    "non_mobility_aware_niid_True": {
      "mean": 4.812584362139919,
      "std": 2.3084120589919306,
      "max": 9.656748971193416,
      "min": 0.3653909465020604,
      "low_final": 62.31259259259258,
      "high_final": 64.67777777777778
    },
    "mobility_aware_niid_True_0.1": {
      "mean": 4.655772839506173,
      "std": 2.6095457005104556,
      "max": 9.546913580246915,
      "min": -2.0890534979423876,
      "low_final": 63.02279835390946,
      "high_final": 68.14999999999999
    },
    "mobility_aware_niid_True_0.2": {
      "mean": 3.348949245541838,
      "std": 2.3700952125516106,
      "max": 11.337901234567887,
      "min": -6.824567901234566,
      "low_final": 61.8438683127572,
      "high_final": 66.0037037037037
    },
    "mobility_aware_niid_True_0.3": {
      "mean": 4.261378875171468,
      "std": 2.3832842986665628,
      "max": 10.195967078189291,
      "min": -4.593374485596712,
      "low_final": 60.85786008230453,
      "high_final": 64.92407407407407
    },
    "mobility_aware_niid_True_0.4": {
      "mean": 3.164470781893004,
      "std": 2.950365214033222,
      "max": 9.361522633744855,
      "min": -4.129958847736617,
      "low_final": 60.795555555555545,
      "high_final": 64.26111111111112
    },
    "mobility_aware_niid_True_1.0": {
      "mean": 3.758379149519889,
      "std": 3.447097521258647,
      "max": 9.405349794238681,
      "min": -5.4493004115226285,
      "low_final": 57.82288065843621,
      "high_final": 65.8648148148148
    },
    "non_mobility_aware_niid_False": {
      "mean": 1.571708093278464,
      "std": 1.085924385763758,
      "max": 3.9370781893004008,
      "min": -2.5769135802469094,
      "low_final": 70.81514403292181,
      "high_final": 72.37222222222222
    },
    "mobility_aware_niid_False_0.1": {
      "mean": 1.4860790123456795,
      "std": 1.0042286763038282,
      "max": 3.2685596707818902,
      "min": -3.0743209876543176,
      "low_final": 71.20452674897119,
      "high_final": 72.81851851851853
    },
    "mobility_aware_niid_False_0.2": {
      "mean": 1.5087561042524016,
      "std": 0.9659651306226399,
      "max": 2.8895061728395177,
      "min": -1.9506172839506135,
      "low_final": 71.05366255144033,
      "high_final": 72.41666666666667
    },
    "mobility_aware_niid_False_0.3": {
      "mean": 1.602944307270234,
      "std": 0.856500369044439,
      "max": 3.6370370370370324,
      "min": -0.762757201646096,
      "low_final": 70.73119341563786,
      "high_final": 73.16296296296296
    },
    "mobility_aware_niid_False_0.4": {
      "mean": 1.4359347050754458,
      "std": 0.8628774575057327,
      "max": 3.5121810699588565,
      "min": -1.386666666666656,
      "low_final": 70.91934156378602,
      "high_final": 73.01851851851852
    },
    "mobility_aware_niid_False_1.0": {
      "mean": 1.381100685871056,
      "std": 1.4077769080907374,
      "max": 3.442839506172838,
      "min": -5.096995884773662,
      "low_final": 68.50255144032921,
      "high_final": 70.82962962962964
    }
  },
  "0.2": {
    "non_mobility_aware_niid_True": {
      "mean": 4.128261786152624,
      "std": 1.4085874257692443,
      "max": 8.262616417587182,
      "min": 0.8124648039852644,
      "low_final": 63.64005847953215,
      "high_final": 67.6962962962963
    },
    "mobility_aware_niid_True_0.1": {
      "mean": 3.7895883329723477,
      "std": 1.318597243460411,
      "max": 6.367457223305173,
      "min": 0.03944119558153858,
      "low_final": 61.68538011695907,
      "high_final": 67.30246913580247
    },
    "mobility_aware_niid_True_0.2": {
      "mean": 3.7039939354559253,
      "std": 1.2946817069449603,
      "max": 6.866601689408704,
      "min": 1.0241498808750293,
      "low_final": 63.96627680311891,
      "high_final": 67.1769547325103
    },
    "mobility_aware_niid_True_0.3": {
      "mean": 3.921962024402571,
      "std": 1.1302371753502998,
      "max": 6.083452458306233,
      "min": 0.6029348061511683,
      "low_final": 63.570955165692006,
      "high_final": 67.94732510288065
    },
    "mobility_aware_niid_True_0.4": {
      "mean": 3.166611508194353,
      "std": 1.217096161704745,
      "max": 6.320467836257308,
      "min": 0.8346761966644962,
      "low_final": 63.36413255360623,
      "high_final": 66.13086419753087
    },
    "mobility_aware_niid_True_1.0": {
      "mean": 3.4471814309436133,
      "std": 1.5643146436104258,
      "max": 6.977983539094652,
      "min": 0.3162334849469346,
      "low_final": 58.024658869395715,
      "high_final": 63.85637860082304
    },
    "non_mobility_aware_niid_False": {
      "mean": 1.2124447332322574,
      "std": 0.4405968806680992,
      "max": 1.9327810266406686,
      "min": -0.1275936755468905,
      "low_final": 71.86442495126707,
      "high_final": 72.30699588477366
    },
    "mobility_aware_niid_False_0.1": {
      "mean": 1.303430799220271,
      "std": 0.43249391593173353,
      "max": 2.397942386831275,
      "min": 0.2493827160493538,
      "low_final": 71.2421052631579,
      "high_final": 72.33539094650207
    },
    "mobility_aware_niid_False_0.2": {
      "mean": 1.201671503862537,
      "std": 0.5343290049294985,
      "max": 2.5784925276153245,
      "min": -0.06369937188652841,
      "low_final": 71.36491228070177,
      "high_final": 72.16954732510287
    },
    "mobility_aware_niid_False_0.3": {
      "mean": 1.3071630929174787,
      "std": 0.5229558740468607,
      "max": 2.5233809833225003,
      "min": -0.19170457006714514,
      "low_final": 70.58079922027288,
      "high_final": 72.21069958847737
    },
    "mobility_aware_niid_False_0.4": {
      "mean": 1.3078043462565887,
      "std": 0.4838128884902389,
      "max": 2.927582846003901,
      "min": 0.3175113710201458,
      "low_final": 70.79590643274854,
      "high_final": 71.44362139917695
    },
    "mobility_aware_niid_False_1.0": {
      "mean": 1.66347512814959,
      "std": 0.730189298325531,
      "max": 3.089874377301271,
      "min": -0.03475200346545648,
      "low_final": 67.11988304093568,
      "high_final": 69.36995884773664
    }
  },
  "0.4": {
    "non_mobility_aware_niid_True": {
      "mean": 2.525483802097837,
      "std": 1.0175774710577647,
      "max": 5.116040100250636,
      "min": 0.4527708159287158,
      "low_final": 65.5079365079365,
      "high_final": 67.34678362573099
    },
    "mobility_aware_niid_True_0.1": {
      "mean": 2.838189269469971,
      "std": 1.144787674628113,
      "max": 5.121526037315519,
      "min": -0.7314118629908037,
      "low_final": 65.86455026455026,
      "high_final": 68.48538011695906
    },
    "mobility_aware_niid_True_0.2": {
      "mean": 3.002868653114266,
      "std": 0.9520452734304901,
      "max": 6.194910888331947,
      "min": 0.4598579782790395,
      "low_final": 65.13201058201058,
      "high_final": 67.77212475633529
    },
    "mobility_aware_niid_True_0.3": {
      "mean": 2.8085757913301754,
      "std": 1.141759281709491,
      "max": 5.226608187134502,
      "min": 0.1459064327485322,
      "low_final": 64.35013227513228,
      "high_final": 67.29668615984404
    },
    "mobility_aware_niid_True_0.4": {
      "mean": 2.6364690429778146,
      "std": 1.037295141280406,
      "max": 5.0193678641047015,
      "min": 0.4712336396546988,
      "low_final": 64.42724867724867,
      "high_final": 66.39239766081872
    },
    "mobility_aware_niid_True_1.0": {
      "mean": 3.467014944769332,
      "std": 1.2788995102918173,
      "max": 6.947883597883596,
      "min": 0.7193121693121718,
      "low_final": 60.65436507936508,
      "high_final": 63.49571150097466
    },
    "non_mobility_aware_niid_False": {
      "mean": 0.9391608651257758,
      "std": 0.4514882136825611,
      "max": 2.19520328599274,
      "min": -0.16480089111668406,
      "low_final": 71.56190476190477,
      "high_final": 72.41910331384015
    },
    "mobility_aware_niid_False_0.1": {
      "mean": 1.071375568551007,
      "std": 0.48190777354169156,