{"0.05": {"non_mobility_aware": {"mean": 1.5751456790123461, "std": 1.5471500592907983, "max": 5.1555555555555515, "min": -4.221481481481479}, "mobility_aware": {"mean": 3.344469135802467, "std": 3.6434433094135357, "max": 8.447037037037049, "min": -4.405679012345686}}}