{"0.2": {"mobility_aware": {"mean": 1.2839688109161786, "std": 0.9803613037235674, "max": 3.880116959064324, "min": -1.3090318388564057}, "non_mobility_aware": {"mean": 1.681750054147714, "std": 0.952162972555409, "max": 3.9357374918778376, "min": -0.26591942820012804}}, "0.05": {"mobility_aware": {"mean": 1.0062600823045265, "std": 1.828553632142474, "max": 4.163456790123462, "min": -3.468148148148149}, "non_mobility_aware": {"mean": 2.2807983539094647, "std": 1.4434290913199659, "max": 5.1175308641975334, "min": -3.7288888888888962}}, "0.4": {"mobility_aware": {"mean": 1.7585446950710089, "std": 0.9235018610039144, "max": 4.397326649958224, "min": -0.05142021720971002}, "non_mobility_aware": {"mean": 1.6538607630186588, "std": 0.8728199797255044, "max": 3.716854636591485, "min": -0.41144527986633506}}, "0.6": {"mobility_aware": {"mean": 1.617201893622947, "std": 0.9629802408939253, "max": 3.724269005847944, "min": -0.8804093567251421}, "non_mobility_aware": {"mean": 1.0611943748259538, "std": 0.9452464343359883, "max": 3.763345864661666, "min": -1.3152464494569713}}, "0.8": {"mobility_aware": {"mean": 1.796414121724062, "std": 1.158400637095081, "max": 5.054418453541253, "min": -0.9670565302144212}, "non_mobility_aware": {"mean": 0.597644790989821, "std": 1.0011239809836796, "max": 3.948927875243676, "min": -1.319818063677701}}}