{"0.05": {"non_mobility_aware": {"mean": 1.5751456790123461, "std": 1.5471500592907983, "max": 5.1555555555555515, "min": -4.221481481481479}, "mobility_aware": {"mean": 3.0113950617283956, "std": 4.385151578203027, "max": 7.907901234567923, "min": -6.5883950617283915}}}