{"0.05": {"non_mobility_aware": {"mean": 1.5751456790123461, "std": 1.5471500592907983, "max": 5.1555555555555515, "min": -4.221481481481479}, "mobility_aware": {"mean": 4.883022222222224, "std": 4.594222289296964, "max": 12.828641975308635, "min": -7.425925925925917}}}