{
  "0.05": {
    "non_mobility_aware": {
      "mean": 1.7238386831275723,
      "std": 1.3256099742611012,
      "max": 5.565802469135804,
      "min": -2.8924691358024717
    },
    "mobility_aware": {
      "mean": 1.2164609053497961,
      "std": 1.8808407985712197,
      "max": 4.209012345679021,
      "min": -6.654444444444451
    }
  },
  "0.8": {
    "non_mobility_aware": {
      "mean": 0.6271448992852521,
      "std": 0.8926191884780155,
      "max": 3.9163092917478863,
      "min": -1.3179337231968944
    },
    "mobility_aware": {
      "mean": 1.387033571583282,
      "std": 1.0531963717758346,
      "max": 4.300292397660812,
      "min": -0.8640350877192731
    }
  },
  "0.2": {
    "non_mobility_aware": {
      "mean": 0.946849469352394,
      "std": 0.8592948651805722,
      "max": 2.882033788174141,
      "min": -0.7365497076023431
    },
    "mobility_aware": {
      "mean": 1.5864630712583938,
      "std": 1.2096992060472125,
      "max": 3.680636777128015,
      "min": -1.333073424301503
    }
  }
}
