{"0.05": {"non_mobility_aware": {"mean": 1.5751456790123461, "std": 1.5471500592907983, "max": 5.1555555555555515, "min": -4.221481481481479}, "mobility_aware": {"mean": 4.883022222222224, "std": 4.594222289296964, "max": 12.828641975308635, "min": -7.425925925925917}, "non_mobility_aware_niid_True": {"mean": 4.927188477366256, "std": 3.787638117508081, "max": 10.88148148148148, "min": -13.565185185185193}, "mobility_aware_niid_True": {"mean": 4.883022222222224, "std": 4.594222289296964, "max": 12.828641975308635, "min": -7.425925925925917}}, "0.8": {"non_mobility_aware_niid_True": {"mean": 1.1079250595624879, "std": 2.0694221006679623, "max": 8.393014944769334, "min": -2.763222871994799}, "mobility_aware_niid_True": {"mean": 2.306431448992854, "std": 2.3124118317108184, "max": 7.821215074723845, "min": -2.5162443144899314}}}