{
  "0.0": {
    "mobility_aware_niid_True_0.1": {
      "mean": NaN,
      "std": NaN,
      "max": NaN,
      "min": NaN,
      "low_final": 60.09282407407407,
      "high_final": NaN
    },
    "mobility_aware_niid_True_0.2": {
      "mean": NaN,
      "std": NaN,
      "max": NaN,
      "min": NaN,
      "low_final": 60.4505787037037,
      "high_final": NaN
    },
    "mobility_aware_niid_True_0.3": {
      "mean": NaN,
      "std": NaN,
      "max": NaN,
      "min": NaN,
      "low_final": 61.23935185185185,
      "high_final": NaN
    },
    "mobility_aware_niid_True_0.4": {
      "mean": NaN,
      "std": NaN,
      "max": NaN,
      "min": NaN,
      "low_final": 61.43171296296296,
      "high_final": NaN
    },
    "mobility_aware_niid_True_1.0": {
      "mean": NaN,
      "std": NaN,
      "max": NaN,
      "min": NaN,
      "low_final": 55.21516203703704,
      "high_final": NaN
    },
    "non_mobility_aware_niid_True": {
      "mean": NaN,
      "std": NaN,
      "max": NaN,
      "min": NaN,
      "low_final": 59.50578703703704,
      "high_final": NaN
    }
  },
  "0.05": {
    "mobility_aware_niid_True_0.1": {
      "mean": 4.20626913580247,
      "std": 2.9658049881411235,
      "max": 10.287530864197535,
      "min": -3.28722222222223,
      "low_final": 62.46358024691358,
      "high_final": 67.45555555555555
    },
    "mobility_aware_niid_True_0.2": {
      "mean": 3.4655786008230454,
      "std": 3.080721186769835,
      "max": 12.565493827160488,
      "min": -7.731172839506172,
      "low_final": 61.41654320987655,
      "high_final": 64.85833333333333
    },
    "mobility_aware_niid_True_0.3": {
      "mean": 4.0192312757201645,
      "std": 3.331187755920198,
      "max": 10.11574074074074,
      "min": -10.300123456790129,
      "low_final": 62.28320987654321,
      "high_final": 64.85277777777777
    },
    "mobility_aware_niid_True_0.4": {
      "mean": 3.091816460905351,
      "std": 3.5288010640109437,
      "max": 9.698024691358029,
      "min": -7.37271604938271,
      "low_final": 60.77222222222221,
      "high_final": 61.38611111111112
    },
    "mobility_aware_niid_True_1.0": {
      "mean": 4.017293004115226,
      "std": 3.8273199858801012,
      "max": 9.925864197530863,
      "min": -7.404320987654316,
      "low_final": 57.15765432098765,
      "high_final": 64.97777777777777
    },
    "non_mobility_aware_niid_True": {
      "mean": 5.106828806584363,
      "std": 2.628727689807722,
      "max": 10.35679012345679,
      "min": -2.526049382716046,
      "low_final": 62.54469135802468,
      "high_final": 63.44444444444444
    }
  },
  "0.2": {
    "mobility_aware_niid_True_0.1": {
      "mean": 3.4759410872861176,
      "std": 1.5509626346734533,
      "max": 6.407456140350867,
      "min": -0.7012833008447075,
      "low_final": 62.382894736842104,
      "high_final": 67.3716049382716
    },
    "mobility_aware_niid_True_0.2": {
      "mean": 3.6370023824994604,
      "std": 1.6242368800485538,
      "max": 7.132098765432097,
      "min": 0.018193632228722834,
      "low_final": 63.79576023391813,
      "high_final": 65.93395061728395
    },
    "mobility_aware_niid_True_0.3": {
      "mean": 3.862521550790556,
      "std": 1.4059440559975795,
      "max": 6.782602339181288,
      "min": 0.07794022092267028,
      "low_final": 63.01374269005848,
      "high_final": 68.05185185185185
    },
    "mobility_aware_niid_True_0.4": {
      "mean": 3.213201212908814,
      "std": 1.5046202775377258,
      "max": 7.144720597790766,
      "min": -0.9278265107212462,
      "low_final": 63.64824561403508,
      "high_final": 66.49876543209876
    },
    "mobility_aware_niid_True_1.0": {
      "mean": 3.510616634178037,
      "std": 1.7035826325709162,
      "max": 7.774398960363875,
      "min": 0.04814814814814383,
      "low_final": 57.77280701754386,
      "high_final": 63.71049382716049
    },
    "non_mobility_aware_niid_True": {
      "mean": 4.228453974442278,
      "std": 1.6591426406327303,
      "max": 8.762231968810916,
      "min": 0.511793372319687,
      "low_final": 63.67339181286549,
      "high_final": 67.67222222222222
    }
  },
  "0.4": {
    "mobility_aware_niid_True_0.1": {
      "mean": 2.8922994987468664,
      "std": 1.3844004317834808,
      "max": 6.610463659147868,
      "min": -0.8385756056808731,
      "low_final": 65.53412698412698,
      "high_final": 68.3514619883041
    },
    "mobility_aware_niid_True_0.2": {
      "mean": 2.973054998607629,
      "std": 1.3533428410873867,
      "max": 6.0902777777777715,
      "min": -0.04320175438596863,
      "low_final": 64.46547619047618,
      "high_final": 67.71608187134503
    },
    "mobility_aware_niid_True_0.3": {
      "mean": 2.8249118629908083,
      "std": 1.4001618091690597,
      "max": 5.594945697577266,
      "min": -0.18241436925647747,
      "low_final": 63.920833333333334,
      "high_final": 67.19239766081871
    },
    "mobility_aware_niid_True_0.4": {
      "mean": 2.567281815650237,
      "std": 1.2722961547741454,
      "max": 5.360662071846285,
      "min": -0.3879803675856195,
      "low_final": 64.76031746031745,
      "high_final": 65.9342105263158
    },
    "mobility_aware_niid_True_1.0": {
      "mean": 3.5129646338067406,
      "std": 1.4563964719051674,
      "max": 7.730294486215541,
      "min": 0.356756474519635,
      "low_final": 61.60317460317461,
      "high_final": 63.55994152046783
    },
    "non_mobility_aware_niid_True": {
      "mean": 2.6642071846282365,
      "std": 1.3665166720036397,
      "max": 6.059962406015025,
      "min": -0.4228070175438603,
      "low_final": 65.61329365079365,
      "high_final": 67.10701754385966
    }
  },
  "0.6": {
    "mobility_aware_niid_True_0.1": {
      "mean": 1.9735272904483425,
      "std": 1.2042811400135573,
      "max": 5.412353801169587,
      "min": -0.7714912280701753,
      "low_final": 67.01286549707602,
      "high_final": 68.00892857142858
    },
    "mobility_aware_niid_True_0.2": {
      "mean": 2.4245258980785307,
      "std": 1.2077774580920493,
      "max": 5.399530075187968,
      "min": -0.9385442773600658,
      "low_final": 66.55233918128656,
      "high_final": 67.73035714285714
    },
    "mobility_aware_niid_True_0.3": {
      "mean": 2.0784612921191856,
      "std": 1.4531023870880824,
      "max": 5.972431077694239,
      "min": -0.859356725146192,
      "low_final": 64.81198830409356,
      "high_final": 68.47182539682541
    },
    "mobility_aware_niid_True_0.4": {
      "mean": 2.501597883597884,
      "std": 1.202240807041629,
      "max": 5.013899331662486,
      "min": 0.015037593984985165,
      "low_final": 65.85906432748538,
      "high_final": 67.04980158730157
    },
    "mobility_aware_niid_True_1.0": {
      "mean": 3.265824561403509,
      "std": 1.3606558180220154,
      "max": 6.912291144527984,
      "min": 0.5381683375104416,
      "low_final": 63.682748538011694,
      "high_final": 65.80932539682539
    },
    "non_mobility_aware_niid_True": {
      "mean": 2.27072918407129,
      "std": 1.0742052205125734,
      "max": 4.881359649122814,
      "min": -0.3854427736006727,
      "low_final": 66.19298245614036,
      "high_final": 67.64642857142857
    }
  },
  "0.8": {
    "mobility_aware_niid_True_0.1": {
      "mean": 1.3342642408490373,
      "std": 1.5625713407977884,
      "max": 6.50391487979207,
      "min": -2.686468486029895,
      "low_final": 67.90123456790123,
      "high_final": 68.18347953216374
    },
    "mobility_aware_niid_True_0.2": {
      "mean": 1.0782155079055675,
      "std": 1.4933107424817302,
      "max": 4.323976608187131,
      "min": -2.401624431449008,
      "low_final": 66.27962962962962,
      "high_final": 68.15277777777779
    },
    "mobility_aware_niid_True_0.3": {
      "mean": 1.3059428200129939,
      "std": 1.5736752024260396,
      "max": 6.272985705003258,
      "min": -1.747660818713456,
      "low_final": 65.82222222222222,
      "high_final": 68.60467836257311
    },