{"0.05": {"non_mobility_aware": {"mean": 1.5751456790123461, "std": 1.5471500592907983, "max": 5.1555555555555515, "min": -4.221481481481479}, "mobility_aware": {"mean": 1.335945679012345, "std": 1.9113214415197397, "max": 4.679135802469126, "min": -5.612716049382733}}}