{
  "0.0": {
    "mobility_aware_niid_True_0.1": {
      "mean": NaN,
      "std": NaN,
      "max": NaN,
      "min": NaN,
      "low_final": 60.22685185185185,
      "high_final": NaN
    },
    "mobility_aware_niid_True_0.2": {
      "mean": NaN,
      "std": NaN,
      "max": NaN,
      "min": NaN,
      "low_final": 60.20092592592593,
      "high_final": NaN
    },
    "mobility_aware_niid_True_0.3": {
      "mean": NaN,
      "std": NaN,
      "max": NaN,
      "min": NaN,
      "low_final": 60.2875,
      "high_final": NaN
    },
    "mobility_aware_niid_True_0.4": {
      "mean": NaN,
      "std": NaN,
      "max": NaN,
      "min": NaN,
      "low_final": 59.68402777777778,
      "high_final": NaN
    },
    "mobility_aware_niid_True_1.0": {
      "mean": NaN,
      "std": NaN,
      "max": NaN,
      "min": NaN,
      "low_final": 56.1087962962963,
      "high_final": NaN
    },
    "non_mobility_aware_niid_True": {
      "mean": NaN,
      "std": NaN,
      "max": NaN,
      "min": NaN,
      "low_final": 60.94375,
      "high_final": NaN
    }
  },
  "0.05": {
    "mobility_aware_niid_True_0.1": {
      "mean": 4.3072740740740745,
      "std": 3.8709201867141076,
      "max": 10.39049382716049,
      "min": -4.255432098765432,
      "low_final": 61.906913580246915,
      "high_final": 69.59444444444445
    },
    "mobility_aware_niid_True_0.2": {
      "mean": 3.8003687242798354,
      "std": 4.5281374766189275,
      "max": 14.707901234567892,
      "min": -10.47283950617284,
      "low_final": 60.8404938271605,
      "high_final": 66.78888888888889
    },
    "mobility_aware_niid_True_0.3": {
      "mean": 4.425595061728395,
      "std": 4.452013095969045,
      "max": 11.879506172839505,
      "min": -11.060370370370372,
      "low_final": 61.390617283950625,
      "high_final": 60.82222222222222
    },
    "mobility_aware_niid_True_0.4": {
      "mean": 3.5587917695473257,
      "std": 4.196616000000836,
      "max": 12.308641975308632,
      "min": -9.293703703703706,
      "low_final": 59.79283950617284,
      "high_final": 68.08333333333334
    },
    "mobility_aware_niid_True_1.0": {
      "mean": 4.883022222222224,
      "std": 4.594222289296964,
      "max": 12.828641975308635,
      "min": -7.425925925925917,
      "low_final": 56.53234567901235,
      "high_final": 65.63333333333333
    },
    "non_mobility_aware_niid_True": {
      "mean": 4.927188477366256,
      "std": 3.787638117508081,
      "max": 10.88148148148148,
      "min": -13.565185185185193,
      "low_final": 61.46839506172839,
      "high_final": 67.11111111111111
    }
  },
  "0.2": {
    "mobility_aware_niid_True_0.1": {
      "mean": 3.5258873727528695,
      "std": 2.0946463605568955,
      "max": 7.684827810266398,
      "min": -3.550844704353473,
      "low_final": 62.68684210526315,
      "high_final": 67.77407407407408
    },
    "mobility_aware_niid_True_0.2": {
      "mean": 3.4717474550573986,
      "std": 2.3396790583888336,
      "max": 9.16465237166991,
      "min": -1.6422352176738215,
      "low_final": 64.43801169590644,
      "high_final": 63.6037037037037
    },
    "mobility_aware_niid_True_0.3": {
      "mean": 4.145649122807016,
      "std": 2.142253009635166,
      "max": 9.861663417803761,
      "min": -2.6089343729694647,
      "low_final": 63.51929824561404,
      "high_final": 69.03333333333333
    },
    "mobility_aware_niid_True_0.4": {
      "mean": 3.299780376868097,
      "std": 2.0150407059286883,
      "max": 8.277615334632891,
      "min": -1.3251137102014354,
      "low_final": 63.5438596491228,
      "high_final": 65.41111111111111
    },
    "mobility_aware_niid_True_1.0": {
      "mean": 3.7397643491444654,
      "std": 2.6168777086313466,
      "max": 9.038661468486048,
      "min": -3.054710851202074,
      "low_final": 56.34035087719298,
      "high_final": 65.21481481481482
    },
    "non_mobility_aware_niid_True": {
      "mean": 4.354813948451374,
      "std": 2.179198453371589,
      "max": 8.878979857050034,
      "min": -1.0063027940220906,
      "low_final": 63.16871345029239,
      "high_final": 66.81358024691356
    }
  },
  "0.4": {
    "mobility_aware_niid_True_0.1": {
      "mean": 2.8508173210804784,
      "std": 1.8084599794402887,
      "max": 7.57756892230578,
      "min": -1.5168964076858629,
      "low_final": 66.19444444444444,
      "high_final": 68.67953216374269
    },
    "mobility_aware_niid_True_0.2": {
      "mean": 3.1705438596491207,
      "std": 1.8135131605883186,
      "max": 7.644569757727638,
      "min": -0.9901837928153938,
      "low_final": 64.66746031746031,
      "high_final": 67.65614035087718
    },
    "mobility_aware_niid_True_0.3": {
      "mean": 2.8372417153996086,
      "std": 1.8043291341883636,
      "max": 7.855513784461159,
      "min": -2.694966583124483,
      "low_final": 63.27539682539683,
      "high_final": 66.66198830409357
    },
    "mobility_aware_niid_True_0.4": {
      "mean": 2.4586783625731012,
      "std": 1.7310264255253394,
      "max": 7.291624895572259,
      "min": -2.2088554720133544,
      "low_final": 64.13253968253967,
      "high_final": 66.07368421052632
    },
    "mobility_aware_niid_True_1.0": {
      "mean": 4.033834029518241,
      "std": 2.072029567326695,
      "max": 9.6031537176274,
      "min": -0.4752506265664067,
      "low_final": 60.87063492063492,
      "high_final": 63.53040935672514
    },
    "non_mobility_aware_niid_True": {
      "mean": 2.5247978279030887,
      "std": 1.8147494318577275,
      "max": 5.646157059314945,
      "min": -2.6055764411027553,
      "low_final": 65.8607142857143,
      "high_final": 66.96842105263157
    }
  },
  "0.6": {
    "mobility_aware_niid_True_0.1": {
      "mean": 1.959193817878029,
      "std": 1.5603416714144063,
      "max": 5.674436090225562,
      "min": -2.1293859649122666,
      "low_final": 65.81228070175439,
      "high_final": 67.9234126984127
    },
    "mobility_aware_niid_True_0.2": {
      "mean": 1.6656040100250629,
      "std": 1.5922090580781236,
      "max": 5.5462406015037615,
      "min": -2.6898913951545538,
      "low_final": 67.24619883040937,
      "high_final": 67.78055555555555
    },
    "mobility_aware_niid_True_0.3": {
      "mean": 1.8203881927039796,
      "std": 1.8612362082882281,
      "max": 6.8566207184628,
      "min": -2.6548663324979103,
      "low_final": 64.43333333333332,
      "high_final": 68.3686507936508
    },
    "mobility_aware_niid_True_0.4": {
      "mean": 2.3818922305764425,
      "std": 1.7170442056204016,
      "max": 7.462322472848776,
      "min": -1.2911027568922293,
      "low_final": 66.78830409356726,
      "high_final": 67.05833333333332
    },
    "mobility_aware_niid_True_1.0": {
      "mean": 3.395329156223894,
      "std": 1.9707502336780283,
      "max": 8.773788638262324,
      "min": -0.5847535505430201,
      "low_final": 60.89356725146198,
      "high_final": 66.01349206349205
    },
    "non_mobility_aware_niid_True": {
      "mean": 2.212615148983571,
      "std": 1.6156076983144902,
      "max": 7.33930659983292,
      "min": -0.9060568086883833,
      "low_final": 65.57076023391812,
      "high_final": 67.35833333333333
    }
  },
  "0.8": {
    "mobility_aware_niid_True_0.1": {
      "mean": 1.1812337015377974,
      "std": 1.94552166749962,
      "max": 5.847823261858352,
      "min": -3.5334307992202625,
      "low_final": 66.69259259259259,
      "high_final": 67.45350877192982
    },
    "mobility_aware_niid_True_0.2": {
      "mean": 1.3079085986571375,
      "std": 2.5041652634882934,
      "max": 7.624074074074066,
      "min": -3.8782975958414525,
      "low_final": 64.8358024691358,
      "high_final": 67.96023391812867
    },
    "mobility_aware_niid_True_0.3": {
      "mean": 1.5122178904050234,
      "std": 2.058685681822855,
      "max": 5.904288499025338,
      "min": -2.0121182586094903,
      "low_final": 66.1827160493827,
      "high_final": 69.25994152046785
    },