{
  "0.0": {
    "mobility_aware_niid_True_0.1": {
      "mean": NaN,
      "std": NaN,
      "max": NaN,
      "min": NaN
    },
    "mobility_aware_niid_True_0.2": {
      "mean": NaN,
      "std": NaN,
      "max": NaN,
      "min": NaN
    },
    "mobility_aware_niid_True_0.3": {
      "mean": NaN,
      "std": NaN,
      "max": NaN,
      "min": NaN
    },
    "mobility_aware_niid_True_0.4": {
      "mean": NaN,
      "std": NaN,
      "max": NaN,
      "min": NaN
    },
    "mobility_aware_niid_True_1.0": {
      "mean": NaN,
      "std": NaN,
      "max": NaN,
      "min": NaN
    },
    "non_mobility_aware_niid_True": {
      "mean": NaN,
      "std": NaN,
      "max": NaN,
      "min": NaN
    }
  },
  "0.05": {
    "mobility_aware_niid_True_0.1": {
      "mean": 4.3072740740740745,
      "std": 3.8709201867141076,
      "max": 10.39049382716049,
      "min": -4.255432098765432
    },
    "mobility_aware_niid_True_0.2": {
      "mean": 3.8003687242798354,
      "std": 4.5281374766189275,
      "max": 14.707901234567892,
      "min": -10.47283950617284
    },
    "mobility_aware_niid_True_0.3": {
      "mean": 4.425595061728395,
      "std": 4.452013095969045,
      "max": 11.879506172839505,
      "min": -11.060370370370372
    },
    "mobility_aware_niid_True_0.4": {
      "mean": 3.5587917695473257,
      "std": 4.196616000000836,
      "max": 12.308641975308632,
      "min": -9.293703703703706
    },
    "mobility_aware_niid_True_1.0": {
      "mean": 4.883022222222224,
      "std": 4.594222289296964,
      "max": 12.828641975308635,
      "min": -7.425925925925917
    },
    "non_mobility_aware_niid_True": {
      "mean": 4.927188477366256,
      "std": 3.787638117508081,
      "max": 10.88148148148148,
      "min": -13.565185185185193
    }
  },
  "0.2": {
    "mobility_aware_niid_True_0.1": {
      "mean": 3.5258873727528695,
      "std": 2.0946463605568955,
      "max": 7.684827810266398,
      "min": -3.550844704353473
    },
    "mobility_aware_niid_True_0.2": {
      "mean": 3.4717474550573986,
      "std": 2.3396790583888336,
      "max": 9.16465237166991,
      "min": -1.6422352176738215
    },
    "mobility_aware_niid_True_0.3": {
      "mean": 4.145649122807016,
      "std": 2.142253009635166,
      "max": 9.861663417803761,
      "min": -2.6089343729694647
    },
    "mobility_aware_niid_True_0.4": {
      "mean": 3.299780376868097,
      "std": 2.0150407059286883,
      "max": 8.277615334632891,
      "min": -1.3251137102014354
    },
    "mobility_aware_niid_True_1.0": {
      "mean": 3.7397643491444654,
      "std": 2.6168777086313466,
      "max": 9.038661468486048,
      "min": -3.054710851202074
    },
    "non_mobility_aware_niid_True": {
      "mean": 4.354813948451374,
      "std": 2.179198453371589,
      "max": 8.878979857050034,
      "min": -1.0063027940220906
    }
  },
  "0.4": {
    "mobility_aware_niid_True_0.1": {
      "mean": 2.8508173210804784,
      "std": 1.8084599794402887,
      "max": 7.57756892230578,
      "min": -1.5168964076858629
    },
    "mobility_aware_niid_True_0.2": {
      "mean": 3.1705438596491207,
      "std": 1.8135131605883186,
      "max": 7.644569757727638,
      "min": -0.9901837928153938
    },
    "mobility_aware_niid_True_0.3": {
      "mean": 2.8372417153996086,
      "std": 1.8043291341883636,
      "max": 7.855513784461159,
      "min": -2.694966583124483
    },
    "mobility_aware_niid_True_0.4": {
      "mean": 2.4586783625731012,
      "std": 1.7310264255253394,
      "max": 7.291624895572259,
      "min": -2.2088554720133544
    },
    "mobility_aware_niid_True_1.0": {
      "mean": 4.033834029518241,
      "std": 2.072029567326695,
      "max": 9.6031537176274,
      "min": -0.4752506265664067
    },
    "non_mobility_aware_niid_True": {
      "mean": 2.5247978279030887,
      "std": 1.8147494318577275,
      "max": 5.646157059314945,
      "min": -2.6055764411027553
    }
  },
  "0.6": {
    "mobility_aware_niid_True_0.1": {
      "mean": 1.959193817878029,
      "std": 1.5603416714144063,
      "max": 5.674436090225562,
      "min": -2.1293859649122666
    },
    "mobility_aware_niid_True_0.2": {
      "mean": 1.6656040100250629,
      "std": 1.5922090580781236,
      "max": 5.5462406015037615,
      "min": -2.6898913951545538
    },
    "mobility_aware_niid_True_0.3": {
      "mean": 1.8203881927039796,
      "std": 1.8612362082882281,
      "max": 6.8566207184628,
      "min": -2.6548663324979103
    },
    "mobility_aware_niid_True_0.4": {
      "mean": 2.3818922305764425,
      "std": 1.7170442056204016,
      "max": 7.462322472848776,
      "min": -1.2911027568922293
    },
    "mobility_aware_niid_True_1.0": {
      "mean": 3.395329156223894,
      "std": 1.9707502336780283,
      "max": 8.773788638262324,
      "min": -0.5847535505430201
    },
    "non_mobility_aware_niid_True": {
      "mean": 2.212615148983571,
      "std": 1.6156076983144902,
      "max": 7.33930659983292,
      "min": -0.9060568086883833
    }
  },
  "0.8": {
    "mobility_aware_niid_True_0.1": {
      "mean": 1.1812337015377974,
      "std": 1.94552166749962,
      "max": 5.847823261858352,
      "min": -3.5334307992202625
    },
    "mobility_aware_niid_True_0.2": {
      "mean": 1.3079085986571375,
      "std": 2.5041652634882934,
      "max": 7.624074074074066,
      "min": -3.8782975958414525
    },
    "mobility_aware_niid_True_0.3": {
      "mean": 1.5122178904050234,
      "std": 2.058685681822855,
      "max": 5.904288499025338,
      "min": -2.0121182586094903
    },
    "mobility_aware_niid_True_0.4": {
      "mean": 1.1177145332466967,
      "std": 2.1304883449247836,
      "max": 7.871994801819369,
      "min": -2.975373619233281
    },
    "mobility_aware_niid_True_1.0": {
      "mean": 2.306431448992854,
      "std": 2.3124118317108184,
      "max": 7.821215074723845,
      "min": -2.5162443144899314
    },
    "non_mobility_aware_niid_True": {
      "mean": 1.1079250595624879,
      "std": 2.0694221006679623,
      "max": 8.393014944769334,
      "min": -2.763222871994799
    }
  },
  "1.0": {
    "mobility_aware_niid_True_0.1": {
      "mean": 0.0,
      "std": 0.0,
      "max": 0.0,
      "min": 0.0
    },
    "mobility_aware_niid_True_0.2": {
      "mean": 0.0,
      "std": 0.0,
      "max": 0.0,
      "min": 0.0
    },
    "mobility_aware_niid_True_0.3": {
      "mean": 0.0,
      "std": 0.0,
      "max": 0.0,
      "min": 0.0
    },
    "mobility_aware_niid_True_0.4": {
      "mean": 0.0,
      "std": 0.0,
      "max": 0.0,
      "min": 0.0
    },
    "mobility_aware_niid_True_1.0": {
      "mean": 0.0,
      "std": 0.0,
      "max": 0.0,
      "min": 0.0
    },
    "non_mobility_aware_niid_True": {
      "mean": 0.0,
      "std": 0.0,
      "max": 0.0,
      "min": 0.0
    }
  }
}
