{
  "0.05": {
    "non_mobility_aware_niid_True": {
      "mean": 4.812584362139919,
      "std": 2.3084120589919306,
      "max": 9.656748971193416,
      "min": 0.3653909465020604,
      "low_final": 62.31259259259258,
      "high_final": 64.67777777777778
    },
    "mobility_aware_niid_True_0.1": {
      "mean": 4.655772839506173,
      "std": 2.6095457005104556,
      "max": 9.546913580246915,
      "min": -2.0890534979423876,
      "low_final": 63.02279835390946,
      "high_final": 68.14999999999999
    },
    "mobility_aware_niid_True_0.2": {
      "mean": 3.348949245541838,
      "std": 2.3700952125516106,
      "max": 11.337901234567887,
      "min": -6.824567901234566,
      "low_final": 61.8438683127572,
      "high_final": 66.0037037037037
    },
    "mobility_aware_niid_True_0.3": {
      "mean": 4.261378875171468,
      "std": 2.3832842986665628,
      "max": 10.195967078189291,
      "min": -4.593374485596712,
      "low_final": 60.85786008230453,
      "high_final": 64.92407407407407
    },
    "mobility_aware_niid_True_0.4": {
      "mean": 3.164470781893004,
      "std": 2.950365214033222,
      "max": 9.361522633744855,
      "min": -4.129958847736617,
      "low_final": 60.795555555555545,
      "high_final": 64.26111111111112
    },
    "mobility_aware_niid_True_1.0": {
      "mean": 3.758379149519889,
      "std": 3.447097521258647,
      "max": 9.405349794238681,
      "min": -5.4493004115226285,
      "low_final": 57.82288065843621,
      "high_final": 65.8648148148148
    }
  },
  "0.2": {
    "non_mobility_aware_niid_True": {
      "mean": 4.128261786152624,
      "std": 1.4085874257692443,
      "max": 8.262616417587182,
      "min": 0.8124648039852644,
      "low_final": 63.64005847953215,
      "high_final": 67.6962962962963
    },
    "mobility_aware_niid_True_0.1": {
      "mean": 3.7895883329723477,
      "std": 1.318597243460411,
      "max": 6.367457223305173,
      "min": 0.03944119558153858,
      "low_final": 61.68538011695907,
      "high_final": 67.30246913580247
    },
    "mobility_aware_niid_True_0.2": {
      "mean": 3.7039939354559253,
      "std": 1.2946817069449603,
      "max": 6.866601689408704,
      "min": 1.0241498808750293,
      "low_final": 63.96627680311891,
      "high_final": 67.1769547325103
    },
    "mobility_aware_niid_True_0.3": {
      "mean": 3.921962024402571,
      "std": 1.1302371753502998,
      "max": 6.083452458306233,
      "min": 0.6029348061511683,
      "low_final": 63.570955165692006,
      "high_final": 67.94732510288065
    },
    "mobility_aware_niid_True_0.4": {
      "mean": 3.166611508194353,
      "std": 1.217096161704745,
      "max": 6.320467836257308,
      "min": 0.8346761966644962,
      "low_final": 63.36413255360623,
      "high_final": 66.13086419753087
    },
    "mobility_aware_niid_True_1.0": {
      "mean": 3.4471814309436133,
      "std": 1.5643146436104258,
      "max": 6.977983539094652,
      "min": 0.3162334849469346,
      "low_final": 58.024658869395715,
      "high_final": 63.85637860082304
    }
  },
  "0.4": {
    "non_mobility_aware_niid_True": {
      "mean": 2.525483802097837,
      "std": 1.0175774710577647,
      "max": 5.116040100250636,
      "min": 0.4527708159287158,
      "low_final": 65.5079365079365,
      "high_final": 67.34678362573099
    },
    "mobility_aware_niid_True_0.1": {
      "mean": 2.838189269469971,
      "std": 1.144787674628113,
      "max": 5.121526037315519,
      "min": -0.7314118629908037,
      "low_final": 65.86455026455026,
      "high_final": 68.48538011695906
    },
    "mobility_aware_niid_True_0.2": {
      "mean": 3.002868653114266,
      "std": 0.9520452734304901,
      "max": 6.194910888331947,
      "min": 0.4598579782790395,
      "low_final": 65.13201058201058,
      "high_final": 67.77212475633529
    },
    "mobility_aware_niid_True_0.3": {
      "mean": 2.8085757913301754,
      "std": 1.141759281709491,
      "max": 5.226608187134502,
      "min": 0.1459064327485322,
      "low_final": 64.35013227513228,
      "high_final": 67.29668615984404
    },
    "mobility_aware_niid_True_0.4": {
      "mean": 2.6364690429778146,
      "std": 1.037295141280406,
      "max": 5.0193678641047015,
      "min": 0.4712336396546988,
      "low_final": 64.42724867724867,
      "high_final": 66.39239766081872
    },
    "mobility_aware_niid_True_1.0": {
      "mean": 3.467014944769332,
      "std": 1.2788995102918173,
      "max": 6.947883597883596,
      "min": 0.7193121693121718,
      "low_final": 60.65436507936508,
      "high_final": 63.49571150097466
    }
  },
  "0.6": {
    "non_mobility_aware_niid_True": {
      "mean": 2.038397196695442,
      "std": 0.9179017525060835,
      "max": 5.012301587301593,
      "min": -0.5581592871066547,
      "low_final": 65.89103313840157,
      "high_final": 66.91111111111111
    },
    "mobility_aware_niid_True_0.1": {
      "mean": 1.901755871159381,
      "std": 1.0192647731556945,
      "max": 4.359106098579794,
      "min": -0.9247424115845178,
      "low_final": 67.1111111111111,
      "high_final": 68.25767195767196
    },
    "mobility_aware_niid_True_0.2": {
      "mean": 2.35332182307621,
      "std": 0.920632550814162,
      "max": 4.789842662211093,
      "min": 0.2837510442773805,
      "low_final": 66.5384015594542,
      "high_final": 67.88690476190476
    },
    "mobility_aware_niid_True_0.3": {
      "mean": 1.973960642346608,
      "std": 1.1578681095510162,
      "max": 4.900034809245334,
      "min": -0.6633806739069925,
      "low_final": 66.05185185185184,
      "high_final": 67.62142857142858
    },
    "mobility_aware_niid_True_0.4": {
      "mean": 2.2805209319595283,
      "std": 1.001412872938871,
      "max": 4.355618212197157,
      "min": 0.23779587858535933,
      "low_final": 66.13586744639377,
      "high_final": 66.77103174603174
    },
    "mobility_aware_niid_True_1.0": {
      "mean": 3.436622482131254,
      "std": 1.384999901532923,
      "max": 8.232254246727933,
      "min": 0.5288290169869185,
      "low_final": 62.49493177387914,
      "high_final": 65.61984126984126
    }
  },
  "0.8": {
    "non_mobility_aware_niid_True": {
      "mean": 0.9029479459966795,
      "std": 1.014381464621064,
      "max": 3.6810374702187687,
      "min": -0.9160602122590404,
      "low_final": 68.46213991769548,
      "high_final": 68.29688109161793
    },
    "mobility_aware_niid_True_0.1": {
      "mean": 1.2689316294852357,
      "std": 1.2564520805903414,
      "max": 4.633831492311025,
      "min": -1.8537903400476523,
      "low_final": 68.07983539094649,
      "high_final": 68.28635477582846
    },
    "mobility_aware_niid_True_0.2": {
      "mean": 1.2025972131976044,
      "std": 1.3368823400019443,
      "max": 4.782672731210738,
      "min": -1.4911089452025124,
      "low_final": 66.74567901234568,
      "high_final": 68.63138401559455
    },
    "mobility_aware_niid_True_0.3": {
      "mean": 1.2377125117320036,
      "std": 1.3589248429437033,
      "max": 4.977636993718875,
      "min": -1.5023391812865583,
      "low_final": 66.55925925925926,
      "high_final": 68.82465886939572
    },
    "mobility_aware_niid_True_0.4": {
      "mean": 1.1897945274709412,
      "std": 1.3029395674368547,
      "max": 5.045960580463493,
      "min": -1.3633853151396949,
      "low_final": 65.3053497942387,
      "high_final": 67.57066276803118
    },
    "mobility_aware_niid_True_1.0": {
      "mean": 2.885886795177243,
      "std": 1.422624638710933,
      "max": 6.432261208576996,
      "min": -0.6298787091184792,
      "low_final": 65.82674897119341,
      "high_final": 67.39561403508772
    }
  }
}
